op_rw_latency,aceph01_ceph-osd.0.asok.txt,aceph01_ceph-osd.1.asok.txt,aceph01_ceph-osd.2.asok.txt,aceph01_ceph-osd.3.asok.txt,aceph01_ceph-osd.4.asok.txt,aceph01_ceph-osd.5.asok.txt,aceph01_ceph-osd.6.asok.txt,aceph01_ceph-osd.7.asok.txt,aceph01_ceph-osd.8.asok.txt,aceph01_ceph-osd.9.asok.txt,aceph02_ceph-osd.10.asok.txt,aceph02_ceph-osd.11.asok.txt,aceph02_ceph-osd.12.asok.txt,aceph02_ceph-osd.13.asok.txt,aceph02_ceph-osd.14.asok.txt,aceph02_ceph-osd.15.asok.txt,aceph02_ceph-osd.16.asok.txt,aceph02_ceph-osd.17.asok.txt,aceph02_ceph-osd.18.asok.txt,aceph02_ceph-osd.19.asok.txt,aceph03_ceph-osd.20.asok.txt,aceph03_ceph-osd.21.asok.txt,aceph03_ceph-osd.22.asok.txt,aceph03_ceph-osd.23.asok.txt,aceph03_ceph-osd.24.asok.txt,aceph03_ceph-osd.25.asok.txt,aceph03_ceph-osd.26.asok.txt,aceph03_ceph-osd.27.asok.txt,aceph03_ceph-osd.28.asok.txt,aceph03_ceph-osd.29.asok.txt,aceph04_ceph-osd.30.asok.txt,aceph04_ceph-osd.31.asok.txt,aceph04_ceph-osd.32.asok.txt,aceph04_ceph-osd.33.asok.txt,aceph04_ceph-osd.34.asok.txt,aceph04_ceph-osd.35.asok.txt,aceph04_ceph-osd.36.asok.txt,aceph04_ceph-osd.37.asok.txt,aceph04_ceph-osd.38.asok.txt,aceph04_ceph-osd.39.asok.txt
0,0.0,0.0,0.0,0.0,0.0,0.0,0.0,0.0,0.0,0.0,0.0,0.0,0.0,0.0,0.0,0.0,0.0,0.0,0.0,0.0,0.0,0.0,0.0,0.0,0.0,0.0,0.0,0.0,0.0,0.0,0.0,0.0,0.0,0.0,0.0,0.0,0.0,0.0,0.0,0.0
1,0,0,0,0.0,0,0.0,0.0,0,0,0.0,0.0,0.0,0.0,0.0,0,0.0,0,0.0,0,0,0,0.0,0,0,0.0,0,0.0,0,0.0,0,0,0.0,0,0.0,0,0.0,0.0,0.0,0.0,0
2,0.0,0,0,0,0,0,0,0,0.0,0.0,0.0,0,0.0,0.0,0.0,0,0,0.0,0.0,0.0,0,0,0,0.0,0.0,0.0,0,0,0,0.0,0,0.0,0.0,0.0,0.0,0.0,0,0,0.0,0
3,0,0,0,0,0,0,0,0.0,0,0,0.0,0,0,0.0,0,0,0,0,0,0.0,0.0,0,0,0,0.0,0.0,0,0.0,0,0,0.0,0.0,0,0.0,0,0.0,0.0,0,0,0
4,0.0,0,0,0,0,0.0,0,0.0,0.0,0,0,0,0.0,0,0.0,0,0.0,0,0,0,0.0,0.0,0,0,0.0,0,0.0,0.0,0.0,0,0.0,0.0,0.0,0,0,0,0,0,0.0,0
5,0.0,0.0,0.0,0.0,0.0,0.0,0.0,0.0,0.0,0.0,0.0,0.0,0,0.0,0.0,0.0,0,0.0,0.0,0.0,0.0,0,0.0,0.0,0.0,0.0,0.0,0.0,0,0.0,0,0.0,0.0,0.0,0.0,0.0,0.0,0.0,0.0,0.0
6,0.0,0,0,0.0,0,0.0,0.0,0,0,0.0,0.0,0,0.0,0.0,0,0,0,0,0.0,0,0,0.0,0,0,0.0,0,0,0,0.0,0,0,0,0.0,0.0,0,0.0,0,0.0,0.0,0
7,0,0,0,0,0,0,0,0.0,0.0,0.0,0.0,0,0.0,0.0,0.0,0,0,0.0,0,0.0,0,0,0,0.0,0.0,0.0,0,0,0,0.0,0,0.0,0,0.0,0.0,0,0.0,0,0.0,0
8,0.0,0,0,0,0,0,0,0.0,0,0,0.0,0,0,0,0,0,0,0,0,0.0,0.0,0,0,0,0.0,0,0,0.0,0.0,0,0.0,0.0,0,0.0,0,0.0,0,0,0,0
9,0.0,0.0,0,0,0.106,0.005,0.002,0.0,0.0,0.0,0,0.012,0.0,0,0.0,0.005,0.0,0.0,0.013,0.0,0.0,0.0,0.0,0.0,0.0,0,0.0,0.0,0.0,0,0.0,0.0,0.0,0,0.01,0,0.0,0.0,0.0,0.0
10,0.0,0.0,0.0,0.008,0,0.007,0.006,0,0.0,0.0,0.0,0,0.0,0.0,0.0,0,0,0.0,0,0,0,0.0,0,0,0.0,0.0,0.0,0.0,0,0.0,0,0.0,0.0,0.0,0,0.0,0.0,0.0,0.0,0
11,0.0,0,0,0,0,0,0,0,0.004,0.0,0.001,0,0.003,0.0,0.0,0,0,0.001,0.016,0.0,0,0,0,0.141,0.032,0.004,0,0,0.0,0.134,0,0.0,0.003,0.0,0.0,0.001,0,0.0,0.0,0
12,0.268,0,0,0,0.033,0.208,0,0.017,0,0,0.008,0.001,0,0.0,0,0.001,0,0,0,0.052,0.07,0.005,0,0,0.001,0,0,0.002,0.134,0,0.005,0.004,0,0.0,0,0.001,0.001,0,0.008,0
13,0.002,0.123,0.012,0.172,0,0.029,0.001,0.048,0.087,0,0.006,0.0,0.001,0.025,0.063,0.0,0.001,0.0,0.003,0.015,0.001,0.001,0.089,0.0,0.274,0.0,0.031,0.276,0.009,0.096,0.0,0.0,0.001,0,0.0,0.0,0.004,0.0,0.018,0.001
14,0.04,0,0,0.005,0,0,0,0,0.0,0.536,0.002,0,0.01,0.013,0,0,0,0.0,0.0,0,0,0.0,0,0.0,0.002,0,0.002,0.53,0.117,0,0,0.0,0.022,0.035,0,0.0,0.0,0.001,0.017,0
15,0,0,0,0,0,0,0,0.022,0,0,0.0,0,0.0,0.001,0.002,0,0,0.006,0,0.001,0.001,0,0,0,0.001,0.002,0,0,0,0.0,0,0.001,0,0.001,0.001,0.0,0,0.318,0.0,0
16,0.006,0,0,0,0.0,0.0,0,0.0,0.001,0.417,0.0,0.0,0,0,0,0.0,0,0,0,0.001,0.0,0.0,0,0,0,0,0.001,0.0,0,0,0.0,0.0,0.0,0.024,0,0.003,0.001,0,0.007,0
17,0.007,0.001,0.0,0.003,0,0.0,0.0,0.002,0.001,0.359,0.0,0.0,0,0.0,0.0,0.0,0.001,0.001,0.001,0.0,0.003,0.001,0.026,0.108,0.684,0.001,0.007,0.012,0.544,0.06,0.001,0.0,0.002,0.0,0.0,0.002,0.001,0.007,0.001,0.0
18,0.001,0,0,0,0,0.0,0,0,0,0.329,0.0,0,0.627,0.002,0.055,0,0,0.0,0.0,0,0,0.001,0,0.0,0.422,0.0,0,0,0.188,0,0,0.0,0.0,0.0,0,0.0,0,0,0.0,0
19,0,0,0,0,0,0,0,0.001,0,0.629,0.001,0,0.548,0.001,0,0,0,0.022,0,0.001,0.0,0,0,0,0.418,0.001,0,0,0,0.0,0,0.001,0,0.0,0.001,0,0.0,0,0.0,0
20,0.0,0,0,0,0,0,0,0.0,0,0,0.0,0,0,0,0,0,0,0,0,0.0,0.001,0,0,0,0.0,0,0.0,0.0,0.0,0,0.001,0.0,0,0.001,0,0.0,0,0,0,0
21,0.0,0.0,0,0.0,0.0,0.0,0.001,0.001,0,0.001,0,0.0,0.0,0,0.0,0.0,0.0,0.0,0,0.0,0.001,0.0,0.0,0.0,0.0,0.001,0,0.0,0.0,0.0,0.0,0.0,0.0,0,0,0,0.0,0,0.0,0.0
22,0,0,0.0,0.0,0,0.001,0.0,0,0,0.0,0.0,0.0,0.0,0.0,0,0.0,0,0.0,0.0,0,0,0.0,0,0,0.0,0,0.0,0,0.0,0,0,0.0,0.0,0.0,0.0,0.0,0.0,0,0.0,0
23,0.0,0,0,0,0,0,0,0,0,0.0,0,0,0.0,0.0,0.0,0,0,0.0,0.0,0.0,0,0,0,0.0,0.0,0.0,0,0,0,0.0,0,0.0,0.0,0.0,0.001,0.0,0,0,0.0,0
24,0,0,0,0,0,0,0,0.0,0,0,0.001,0,0,0.0,0,0,0,0,0,0.0,0.0,0,0,0,0.0,0.0,0,0.0,0,0,0,0.0,0,0.0,0,0.0,0.001,0,0.001,0
25,0.0,0,0,0,0,0.0,0,0.0,0,0,0,0,0,0,0,0,0.001,0,0,0.0,0.001,0.0,0,0,0.0,0,0.0,0.0,0.0,0,0.0,0.0,0,0,0,0,0,0,0.0,0
26,0.001,0.0,0.004,0.001,0.0,0.0,0.0,0.0,0,0.0,0.0,0.0,0.0,0.002,0.001,0.0,0,0.0,0.0,0.0,0.0,0,0.001,0.0,0.001,0.001,0.001,0.0,0,0,0.0,0.0,0.001,0.001,0,0.0,0.0,0,0.0,0.0
27,0,0,0,0.0,0,0.001,0.0,0,0,0.2,0.0,0,0.0,0.0,0,0,0,0.0,0.0,0,0,0.0,0,0,0.001,0,0,0,0.0,0,0,0.0,0.001,0.0,0,0.001,0.001,0.117,0,0
28,0,0,0,0,0,0,0,0.0,1.116,0.0,0.0,0,0.0,0,0.0,0,0,0.0,0,0.0,0,0,0,0.0,0.0,0.0,0,0,0,0,0,0.001,0,0.0,0,0.0,0,0,0,0
29,0,0,0,0,0,0,0,0.0,0.119,0,0.0,0,0,0,0,0,0,0,0,0.0,0.0,0,0,0,0.0,0.0,0,0.0,0.0,0,0.0,0.0,0,0.0,0,0.0,0.0,0,0,0
30,0,0.0,0,0,0.001,0.52,0.001,0.0,0.0,0.0,0,0.0,0.0,0,0.001,0.0,0.0,0.0,0,0,0.0,0.0,0.0,0.001,0.0,0,0.0,0.0,0.0,0,0.0,0.0,0.0,0,0,0,0,0,0,0.0
31,0,0.001,0.0,0.0,0,0.001,0.001,0,0.0,0.0,0.001,0.0,0.0,0,0.001,0.0,0,0.0,0,0.0,0.0,0,0,0,0.0,0.0,0.0,0.0,0,2.64,0,0.0,0.001,0,0,0.0,0.0,0.0,4.669,0
32,0,0,0,0.0,0,0.0,0,0,0,0.0,0.0,0,0.0,0,0.0,0,0,0.0,0,0.001,0,0.0,0,0.0,0.0,0,0,0,0.0,0,0,0.0,0.0,0.358,2.356,0,0,0.0,0,0
33,1.959,0,0,0,0,0,0,0.0,0.0,0,0.0,0,0.0,0,0,0,0,0,0,0,0.001,0,0,0,0.0,0.0,0,0,0,0.73,0,0.0,0,0.0,0.0,0,0.0,0,0.791,0
34,0.0,0,0,0,0,0,0,0.001,0,0,0.081,0,0,2.994,0,0,0,0,0,0.0,0.0,0,0,0,0.0,0,0,0.0,0.0,0,0.001,0.001,0,0.0,0,0,0,0,0.001,0
35,0.0,0.001,0.0,0.0,0.0,0.0,0,0.006,0.0,0.0,0,0,0.0,0.0,0,0.0,0.0,0.0,2.246,0.0,0.0,0.0,0,0.0,0.0,0.0,0.126,0.0,0.0,0,0.0,0.0,0.0,0,0.0,0,0.0,0.0,0.0,0.139
36,0,0,0,0.0,0,0.0,0,0,0,0.001,0.0,0,0.0,0.0,0,0.0,0,0.0,0,0,0,0.0,0,0,0.0,0,0,0,0.0,0.0,0,0.0,0.0,0.0,0,0,0.0,0.0,0.0,0
37,0.0,0,0,0,0,0,2.072,0.001,0.0,0.0,0.001,0,0.0,0.0,0,0,0,0.001,0.0,0.0,0,0,0,0.0,0.0,0.001,1.721,0,0,0.0,0,0.0,0.0,0.0,0.0,0,0,0.0,0.0,0
38,0,0,0,0,0,0,0,0,0,0,0.0,0,0,0.0,0,0,0,0,0,0,0.0,0,0.286,0,0.0,0.0,0,0,0,0,0.0,0.0,0,0.0,0,0,0.0,0,0.0,0
39,0.0,0,0,0,0,0.0,0,0.0,0.001,0,0,0,0.0,0,0,0,0.0,0,0,0,0.0,0.0,0,0,0.0,0,0.0,0.177,0.0,0,0.0,0.0,0.0,0,0,2.35,0,0,0.0,0
40,0.0,0.0,0,0.0,0.0,0.0,0.0,0.0,0.0,0.001,0.0,0,0,0.0,0,0.178,0,0.0,0.0,0,0.001,0,0.001,0.001,0.0,0.0,0.0,0.215,0,0.0,0,0.0,0,0.001,0.0,0.0,0.0,0.001,0.0,0.0
41,0.0,0,0,0.0,0,0.001,0,0,0,0.0,0.0,6.62,0.001,0.0,1.394,0,0,0,0.0,0,0,0.0,0,0,0.0,0,0,0,0.0,0,0,0.0,0,0.0,0,0.001,0,0.0,0.0,0
42,0,0,0,0,0,0,0,0.0,0.0,0.001,0.0,0.06,0.0,0.0,0.001,0,0,0.0,0,0,0,0,0,0.0,0.0,0.0,0,0,0,0.0,0,0.0,0,0.0,0.0,0.001,0,0,0.0,0
43,0.0,0,0,0,0,0,0,0.0,0,0,0.0,0,0,0,0,0,0,0,0,0,0.0,0,0,0,0.0,0.001,0,0,0.0,0,0.0,0.0,3.226,0.0,0,0.0,0.001,0,0,0
44,0.0,0.001,0,0,0.0,0.002,0.0,0.0,0.0,0.001,0,0.0,0.0,0,0.0,0.0,0.0,0.0,0,0.566,0.0,0.0,0.0,0,0.001,0,0.0,0,0.001,0,0.001,0.0,3.278,0,0,0,0,0.0,0.0,0.0
45,0.0,0.0,0,0.001,0,0.0,0.0,0,0.0,0.0,0.0,0.0,0.0,0.001,0,0.0,0,0.0,0.0,0,0,0.001,0,0.748,0.0,0.0,0.0,0,0,0.0,0,0.0,0.817,0.0,0.0,0.0,0.0,0.0,0.0,0
46,0.0,0,3.224,0,0,0.0,0,0,0,0.0,0,0,0.0,0.0,0.0,0,0,0.0,0.0,0.0,0,0,0,0.0,0.001,0.0,0,0,0.0,0,0,0.0,0.0,0.0,0.0,0.0,0,0.001,0.0,0
47,0,0,0,0,0,0,0,0,0,0,0.001,0,0,0.0,0,0,0,0,0,0,0,0,0,0,0.0,0.0,0,0,0,0.0,0,0.0,0,0.0,0,0.0,0.0,0,0.0,0
48,0.001,0,0,0,0.001,0.0,0,0,0,0,0,0,0,0,0,0,0,0,0,0.0,0,0.0,0,0,0.0,0,0.0,4.136,0,0,0.0,0.0,0.0,0,0,0,0,0,0.0,0
49,0.0,0.0,0.0,0.22,0,0.0,0.0,0,1.745,0.001,0.001,0.0,0,0.0,0.0,0.0,0,0.0,0.0,0.0,0,0.0,0.0,0.0,0.001,0.0,0,0.447,1.73,0,0.001,0.0,0.0,0.001,0.0,0.0,0.0,0,0.001,0.0
50,0.0,0,0,0.001,0,0.0,0,1.24,1.021,0.003,0.0,0,0.903,0.0,0.001,0,0.435,0,0.0,0,0.874,0.001,0,0,0.0,0,0.0,0,0.488,0,0,0.0,0.0,0.0,0,0.0,0.0,0,0.0,0
51,0,0,0,0,0,0,0,0.0,0.038,0,0.0,0,0.0,0.0,0,0,0,0,0,0.0,0,0,0,0.0,0.001,0.0,0,0,0,0,0,0.0,0,0.0,0.0,0,0.001,0,0.0,0
52,0.0,0,0,0,0,0,0,0.0,0,0,0.001,0,0,0,0,0,0,1.574,0,0.0,0.0,0,0,0,0.001,0.0,0,0.0,0,0,0.0,0.001,0,0.0,0,0.0,0,0,0,0
53,0.0,0.001,0,0.0,0.001,0.0,0.001,0.0,0.0,0.001,0,0.001,0.0,0,0.001,0.0,0.0,0.001,0,0.0,0.0,0,0,0,0.001,0,0.0,0.0,0.0,1.95,0.0,0.001,0.0,0,0,0,0.0,0,0.0,0.0
54,0,0,0.0,0.001,0,0.001,0.001,0,0,0.001,0.0,0.0,0.0,0,0,0.0,0,0.0,0.0,0,0.0,0,0.0,0.0,0.001,0.0,0.0,0.0,0,0.0,0,0.0,0.0,0.0,0,0.0,0.0,0,0,0
55,0.618,0,0,0,0,0,0,0,0.001,0.001,0,0,0.0,0,0.0,0,0,0.001,0.0,0.002,0,0,0,0.0,0.001,0,0,0,0.0,0,0,0.0,0.0,0.001,0,0.0,0,1.842,0,0
56,0,0,0,0,0,0,0,0.001,0,0,0.003,0,0,0.523,0,0,0,0,0,0.001,0.001,1.851,0,0,0.0,0.0,0,0,0,0.0,0.0,0.0,0,0.0,0,0.001,0.0,0.035,0,0
57,0.0,0,0,0,0,0,0,0.0,0.0,0,0,0,0.0,0,0.001,0,0.0,0,0,0.0,0.0,0.263,0,0,0.003,0,0,0.0,0.0,0,0.0,0.001,0.0,0,0,0,0,0,0,0
58,0.0,0.001,0.0,0.0,0.002,3.748,0.0,0.0,0.0,0,0.0,0.0,0,0.0,0.0,0.0,0,0.0,0,0.0,0.001,0.0,0,0.0,0.0,0.001,0.0,0.0,0.0,0,0.0,0.0,0.0,0.0,1.828,0.0,0.0,0.0,0,0.0
59,0.001,0,0,0.0,0,0,0,0,0,0,0.0,0,0.0,0.0,0,0,0,0,0.796,0,0,0.0,0,0,0.001,0,0.0,0.001,0.0,0.0,0,0.001,0.0,0.0,0,0.0,0,0.001,0,0
60,0,0,0,0,0,0,0,0.0,0.0,1.871,0.0,0,0.0,0.002,0.0,0,0,0.0,0,0.0,0,0,1.389,0.0,0.001,0.0,0,0,0,0.001,0,0.0,0,0.0,0.0,0.001,0,0,0,0
61,0.0,0,0,0,0,2.867,0,0.0,0,0.441,0.001,0,0,0,0,0,0,0,0,0.001,0.0,0,0,0,0,0.0,0,0,0,0,0.001,0.0,0,0.0,0,0,0.0,0,0,0
62,0.0,0,0,0,0.0,0.001,0.005,0.0,0.001,0.0,0,0.0,0.0,0,0,0,0.0,0.0,0,0.0,0.0,0.002,0,0.001,0.002,0,0.0,0.001,0.001,0,0.002,0.0,0.0,0,0,0,0,0.0,1.247,0.076
63,0.0,1.517,0.0,0.0,0,0.0,0.0,0,0,0.0,0.001,0.0,0.002,0.001,0,0,0,0.0,0.0,0,0.0,0,0.0,0,0.001,0.0,0.0,0.0,0,0.0,0,0.0,0.0,0.0,0.0,2.546,0.0,0.0,0.0,0.251
64,0.0,0.158,0,0,0,0,0,0,0.0,0.001,0,0,0.0,0.0,0.233,0,0,0.001,0.0,0,0,0.0,0,0,0.0,0.001,0,0,0.0,0,0,0,0.0,0.0,0.0,0,0,0.0,0.0,0
65,0,0,0,0,0,0,0,0.0,0,0,0.002,0,0,0.0,0,2.663,0,0,0,0,0.001,0,0,0,0.0,0.0,0,0,0,0.0,0.0,0.464,0,0.0,0,0,0.0,0,0.0,0
66,0.001,0,0,0,0,0.001,0,0.0,0.0,0,0,0,0,0,0,0,0.0,0,0,0,0.0,0,0,0,0.0,0,0,0,0.0,0,0.0,0,0.0,0,0,1.827,0,0,0.0,0
67,0.0,0.0,0,0.0,0.0,0.0,0.0,0.002,0.0,0.001,0.001,0,0.0,0.001,0.0,0.0,0,0.0,0.001,0,0.0,0.0,0.0,3.379,0.001,0.0,0.0,0,0.0,0,0,0,0.001,0.0,0.0,0.0,0.0,0.0,0.0,0.0
68,0.0,0,1.317,0.0,0,0.001,0,0,0,0.0,0.0,0,0.0,0.001,0,0,0,0,0.0,0,0,0.0,0,0.131,0.0,0,0.0,0,0.0,0.0,0,1.314,0,0.0,0,0.0,0,0.0,0.0,0
69,0,0,0,0,0,0,0,0,0.0,0,0.0,3.23,0.0,0.001,0.0,0,0,0.0,0,3.225,0,0,0,0.0,0.0,0.0,0,0,0,0.0,0,0.001,0,0.0,0.0,0.0,0,0,0.0,0
70,0.0,0,0,0,0,0,0,0,0,0,0.0,0.062,0,0,0,0,0,0,0,0.385,0,0,0,0,0,0.0,0,0.315,0,0,0.001,0.0,0,0.0,0,0.0,0.497,0,0,0
71,0.0,0.001,0,0,0.0,0.0,0.0,0,0.001,0.001,0,0.0,0.0,0,0.0,0.0,0.0,0.0,0,0.0,0.589,0.001,0,0,0,0,0.0,0.004,0.124,0,0.0,0.0,0,0,0,0,0.0,0.0,0.0,0.0
72,0,0,0.001,0.0,0,0.0,0.0,0,0,0.0,0.0,0.001,0.0,0.0,0.0,0.0,0,0.0,0.0,0,1.193,0,0.0,0.0,0,0.0,0.0,0.0,0,0.0,0,0.0,0,0.0,0.0,0.0,0.0,0.0,0.0,0
73,0.001,0,0,0,0,0.0,0,0,0,0.001,0,0,0,0,0.0,0,0,0.0,0.001,0.0,0,0.0,0,0.0,0,0,0,0,0,0,0,0.0,1.351,0.0,0.0,0.0,0,0.001,0.0,0
74,0,0,0,0,0,0,0,0,0,0,0.001,0,0,0.0,0,0,0,0,0,0,0,0,0,0,0,0.0,0,0,3.53,0.0,0,0.0,0,0.0,0,0.0,0.0,0,0.0,0
75,0.0,0,0,0,0,0.001,0,6.32,0,0,0.0,0,0,0,0,0,0,0,0,0.0,0.535,0,0,0,5.389,0,0,0.001,0.932,0,0.001,0.0,0,0,0,0,0,0,0.0,0
76,0.001,0.001,0.001,0.0,0,0.0,0.0,0.216,0,0.0,0.0,0.0,2.765,0.0,0.002,0.001,0.001,0.0,0.0,0.0,0,0.0,0.0,0.0,2.108,0.0,0.001,0.0,0.0,0.0,0.0,0.0,0.0,0,0.0,0.0,0.0,0,0.0,0.0
77,0,0,0,0.001,0,0.0,0.0,0,0,0.0,0.0,0.0,0.0,0.0,0,0,0,0.0,0,0,0.662,0,0,0,0.0,0,0.001,0,0.0,0,0,0.0,0,0,0,0.0,0.0,0,0.0,0
78,0.0,0,0,0,2.139,0,0,0.0,1.544,0.001,0.001,0,0.0,0.0,0.0,0,0,0.0,0.001,0.0,0,0,0,0.0,0.0,0.0,0,0,0,0.0,0,0.0,0.0,0,0.0,0.0,0,0,0.0,0
79,0.0,0,0,0,0,0,0,0.0,0,0,0.001,0,0,0.001,0,0,0,0,0,0.0,0.001,0,0,0,0.0,0.0,0,0.0,0,0,0.0,0.0,0,0,0,0.0,0.0,0,0,0
80,0.0,0.0,0,0,0.002,0.001,0,0.001,0.0,0.0,0,0.0,0.0,0,0.0,0.0,0.0,0.0,0,0,0.0,0,0,0.0,0.0,0,0.001,0.0,0.0,0,0.0,0.0,0.0,0,0,0,0,0,0.0,0.0
81,0.001,0.0,0.0,0.001,0,0.0,0.0,0,0.0,0,0.0,0.0,0.001,0.0,0.0,0.0,0,0.0,0.0,0.001,0.001,0,0.001,0,0.0,0.0,0.0,0.0,0,0,0,0.0,0.0,0,0,0.001,0.001,0.067,0.0,0
82,0,0,0,0.0,0,0.0,0,0,0,0,0.002,0,0.002,0.002,0.001,0,0,0,0.0,0.0,0,1.478,0,0.0,0.001,0,0,0,0.0,0,0,0.001,0.0,0.139,1.582,0.0,0,0.0,0,0
83,0,0,0,0,0,0,0,0.0,0.0,0,0.0,0,0.0,0.0,0,0,0,1.212,0,0,0,0,0,0,0.0,0.0,0,0,0,0.98,0,0.001,0,0.001,0,0,0.0,0,0,0
84,0,0,0,0,0,0,0,0.0,0,0,0.0,0,0,0,0,0,0,0,0,0.0,0.001,0,0,0,0.0,0,0,0.0,0.0,0,0.0,0.001,0,0.0,0,0.0,0,0,0,0
85,0,0.0,0,0.001,0.009,0,0.0,0.007,0.001,0,0,0.0,0.0,0,0.001,0.0,0.0,0.0,0,0.001,0.0,0.0,0.0,0.0,0.0,0.0,0,0.0,0.0,0,0.0,0.0,0.0,0,0,0,0.0,0.0,0.722,0.0
86,2.032,0,0.0,0.0,0,0,0.0,0,0,5.988,0.0,0.0,0.0,0,0,0.0,0,0.0,0,0,0,0.0,0,0,0.0,0,0,0,0.0,0.002,0,0.0,0.0,0.0,0,0.0,0.0,0.0,0.0,0
87,0.0,0,0,0,0,1.395,0,0,0.0,0.306,0,0,0.0,0,0,0,0,0.0,0,0.0,0,0,0,0.0,0.0,0.001,0,0,0,0.002,0,0.0,0.001,0.0,1.443,0.0,0,0,0.0,0
88,0,0,0,0,0,0,0,0.0,0,0,0.0,0,0,1.593,0,0,0,0,0.159,0.0,0.0,0,0,0,0.0,0.001,0,0.0,0,0,2.671,0.0,0,0.0,0,0,0.0,0,0.333,0
89,0.0,0,0,0,0,2.504,0,0.0,0.0,0,0,0,0.0,0,0,0,0.0,0,0,0.0,0.0,0.0,0,0,0.001,0,3.074,0.0,0.001,0,0.0,0.0,0.001,0,0,0,0,0,0.0,0
90,0.0,0,0.0,0.001,0.0,0.0,0.001,0.0,0.0,0.0,0.0,0.611,0,0.0,0,0,0,0.001,0.0,0.0,0.0,0,0.0,0,0.0,0.0,0.0,0.0,0,0.0,0,0.0,0.001,0.0,0.0,0,0.0,0.001,0.0,0.0
91,0.0,6.617,0,0.001,0,0.001,0,0,0,0.0,0.0,0,0.001,0.001,0,1.817,0,0,0.0,0,0,0.0,0,0,0.0,0,0,0,0.0,0,0,0.0,0.0,0.0,0,0,0,0.004,0.001,0
92,0,0.401,0,0,0,0,0,0.0,0.0,0.001,0.0,0,0.0,0.0,0,1.375,0,0.0,0,0,0,0,0,0,0.0,0.001,0,0,0,0.0,0,0,0,0.0,0.0,0,0.0,0,0.0,0
93,0.0,0,0,0,0,0,0,0.0,0,0,0.0,3.036,0,0,3.073,0,0,0,0,0,0.001,0,0,0,0.0,0,0,0,0.0,0,0.0,0,0,0.0,0,2.112,0,0,0,0
94,0.001,0.001,0,0.001,0.0,0.0,0.0,0.0,0.0,0.001,0,0.0,0.0,0,0.392,0.0,0.0,0.0,0,0,0.0,0.0,0.0,0,0.0,0,0.0,0,0.0,0,0.0,1.606,0.0,0,0,0,0.0,0.0,0.0,0.0
95,0,0,0.141,0.0,0,0.0,0.001,0,0,0.0,0.001,0.0,0.0,0.001,0.0,0.0,0,0.0,0.0,0,0,0.0,0,0,0.001,0.0,0.001,1.696,0.001,0.0,0,0.0,0.0,0.0,0.0,0.0,0,0,0.0,0
96,0.0,0,0,0,0,0,0,0,0.0,0.0,0,0,0.0,0.0,0.0,0,0,0.001,0.0,4.845,0,0,0,6.185,0.0,0.0,0,0,0,0.0,0,0.002,0,0.0,0.0,0.0,1.494,0.001,0.0,0
97,0,0,0,0,0,0,0,0,0,0,0.001,0,0,0.0,0,0,0,0,0,0.489,0.0,0,0,0.189,0,0.0,0,0,0,0,0.0,0.0,0,0.0,0,0.001,0.0,0,0.0,0
98,0.0,0,0,0,0.0,0.0,0,0,0.001,0.0,0,0,0,0,0,0,0.0,0,0,0.037,0,0.0,0,0,0,0,0.0,0.0,0,0,0.0,0.0,0,0,0,0,0,0,0.0,0
99,0.001,0.001,0.001,0,0,0.0,0.0,0,0.0,0.0,0.0,0.001,0.0,0.001,0.0,0.0,0,0.0,0.0,0.0,0,0.0,0.0,0.0,0,0.0,0.0,0.0,0,0.0,0.001,0.0,1.115,0.0,0.002,0.0,0.0,0.0,0.001,0.0
100,0.0,0,0,0,0,0.0,0,1.399,0,0.001,0.0,0,0.28,0.001,0,0,0,0,0.0,0,0,0.0,0,0,0,0,0.0,0,0,0,0,0.0,0.0,0.0,0,0.002,0,0.001,0.0,0
101,0,0,0,2.281,0,0,0,0.0,0,0,0.0,0,0,0.0,0.002,0,0,0.0,0,0.0,0,0,0,0.0,0.667,0.0,0,0,0.366,0.0,0,0.0,0,0.0,0.0,0.0,0,0,0.0,0
102,0.0,0,0,0,0,0,0,0.0,0,0,0.0,0,0,0,0,0,0,0,0,0.0,4.605,0.001,0,0,0.0,0,0.001,0.001,0.0,0,0.0,0.001,0,0.0,0,0.0,0.001,0,0,0
103,0.001,0.0,0.0,0.0,0.077,0.0,0.0,0.0,0,0.001,0,0.0,2.54,0,0.002,0.0,0.518,0.0,0,0.001,0.275,0.001,0.0,0.0,0.006,0.0,0,0.001,0.0,0.0,0.0,0.0,0.0,0,0,0,0.0,0,0.001,0.0
104,0,0,0,0.0,0,0.0,0.0,0,0,0.0,0.0,0.0,0.0,0.0,0,0,0,0.0,0.0,0,0,0.0,0,0,0.0,0,0.0,0,0.0,0,0,0.0,0.0,0,0.0,0.0,0.0,0,0.001,0
105,0.0,0,0,0,0,0,0,0.0,0,0.001,0,0,0.0,0.0,0.0,0,0,0.0,0.0,0.0,0,0,0,0.0,0.0,0,0,0,0,0.001,0,0.0,0.0,0,0.0,0.0,0,0,0.0,0
106,0,0,0,0,0,0,0,0.0,0.204,0,0.004,0,0,0.001,0,0,0,0,0,0.0,0.0,0,0,0,0.0,0,0,0.001,0.0,0,0.001,0.0,0,0,0,0.0,0.0,0,0.001,0
107,0,0,0,0,0.003,0.001,0,0.001,0.0,0,0,0,0.0,0,0.0,0.0,0.001,0,0,0.002,0.001,0.0,0.0,0.0,0.0,0,0.001,0.0,0.0,0,0.0,0.0,0.0,0,0,0,0,0.111,0.001,0.0
108,0,0.0,0.0,0.0,0,0.0,0.001,0,0.0,0,0.0,0.0,0,0,0.0,0.0,0,0.064,0.0,0.0,0.0,0,0,0,0.0,0,0.0,0.0,0,0.0,0,0.0,0.0,0,0,0.0,0.0,0.0,0.0,0.0
109,0,0,0,0.0,0,0.001,0,0,0,0,0.0,0,0.0,0,0.0,0,0,0.377,0.001,0,0,0.0,0,0.0,0.0,2.619,0,0,0.0,0,0,0.001,0.0,0,0,0.0,0,0.0,0.0,0
110,0,0,0,0,0,0,0,0.0,0.0,0,0.0,0,0.0,0,0,0,0,0.001,0,0.0,0.0,0,0,0,0.0,0.0,0,0,0,0.0,0,0.0,0,1.456,0,0,0.0,0,0,0
111,0,0,0,0,0,0,0,0.0,0,0,0.001,0,0,0,0,0,0,0,0,0.0,0.0,0,0,0,0.0,0,0,0.0,0.001,0,0.0,0.0,0,0.0,1.793,0.0,0,0,0,0
112,0,0.001,0,0.0,0.001,0,0.0,0.0,0.001,0,0,0.0,0.0,0,0.0,0.001,0.0,0.0,0,0.0,0.0,0.0,0.0,0.0,0.0,0.0,0.0,0.0,0.0,0.001,0.0,0.001,0.0,0,0,0,0.0,0.0,0,0
113,7.006,0,0.0,0.0,0,0,0.001,0,0,0,0.001,0.0,0.0,5.301,0,0.001,0,0.0,0,0,0,0.0,0,0,0.0,0,0.0,0,0.002,0,0,0.0,0.001,0.0,0.0,0.0,0.001,0.0,1.096,0
114,0.13,0,0,0,0,0,0,0.001,0.0,5.037,0,0,0.0,0.092,0,0,0,0.0,0,0.0,0,0,0,0.001,0.0,0.0,0,0,0,0.0,0,0.001,0.0,0.0,0.0,0,0,0.0,0.001,0
115,0,0,0,0,0,0,0,0.001,0,0.412,0.03,0,0,0.0,0,0,0,0,0,0.0,0.0,0,0,0,0.0,0.0,0,0.0,0.0,0,0.008,0.0,0,0.0,0,0,0.0,0,0,3.035
116,0.0,0,0,0,0,3.729,0,0.0,0.0,0.0,0,0,0.001,0,0,0,0.0,0,2.503,0.0,0.0,0.0,0,0,0.001,0,0,0.0,0.0,0,0.0,0.0,0.001,0,0,0,0,0,0.243,0
117,0.001,0.322,0.0,0.0,0.0,1.355,0.382,0,0.0,0.0,0.0,0.0,0,0.0,0,0,0,0.001,0.0,0.0,0.0,0,0,0.0,0.0,0.0,0,0.0,0,0.0,0,0.0,0.0,0.0,0.0,0,0.0,0.0,0.0,0.0
118,0.0,0,0,0.0,0,0.0,0,0,0,0.0,0.001,0,0.0,0.0,0,0,0,0,0.0,0,0,0.0,1.301,0,0.0,0,0.74,0,0.0,0,0,0,0.0,0.0,0,0,0,0.0,0.0,0
119,0,0,0,0,0,0,0,0.0,0.0,0,0.001,0,0.0,0.0,0,0,0,0.0,0,0,0,0,0,0.001,0.0,0.0,0,0,0,0.0,0,0.0,0,0.0,0.001,4.198,0,0,0.0,0
120,0.0,0,0,0,0,0,0,0.0,0,0,0.001,0,0,0,0,3.748,0,0,0,0,0.0,0,0,0,0.0,0,0,0.051,0.001,0,0.0,0.946,0,0.0,0,2.133,0.0,0,0,0
121,0.001,0.0,0,0.001,0.0,0.0,0.0,0.0,0.0,0.001,0,0.044,0.0,0,7.91,0.0,0.0,0.0,0,0,0.0,0.0,0.0,0,0.001,0.0,0.0,0.0,0.001,0,0.0,0,0.0,0,0,0,0,0.0,0.0,0.0
122,0,0,0,0.0,0,0.001,0.0,0,0,0.001,0.0,0.0,0.0,0.0,0.15,0.0,0,0.001,0.001,0.948,0,0.0,0,0,0.0,0,0.0,0,0.0,0.0,0,1.486,0.0,0.0,0.0,0.0,0,0.0,0.0,0
123,0.0,0,0.179,0,0,0,0,0,0.001,0.001,0,0,0.001,0.001,0.0,0,0,0.0,0.0,0.665,0,0,0,0,0.001,0.002,0,2.106,0,0.0,0,0.0,0,0.0,0.0,0.0,0,0.0,0.0,0
124,0,0,0,0,0,0,0,0,0,0,0.001,0,0,0.001,0,0,0,0,0,0.001,0,0,0,3.112,0.001,0.0,0,0,0,0,0,0.0,0,0.0,0,0.0,0,0,0.0,0
125,0.0,0,0,0,0,0.0,0,0,0.0,0,0,0,0,0,0,0,0,0,0,0.0,0,0.0,0,1.445,0,0,0.0,0.0,0.0,0,0.0,0.0,0.161,0,0,0,0,0,0.0,0
126,0.001,0.0,0.0,0,0.002,0.0,0.0,0,0.001,0.0,0.0,0.001,0.001,0.0,0.0,0.0,0,0.0,0.0,0.0,0,0.0,0.0,0.0,0.0,0.0,0.0,0.0,0,0.0,0.0,0.0,0.0,0.0,0.001,0.0,5.107,0.0,0.0,0.0
127,0.001,0,0,0,0,0.0,0.0,0,0,0.001,0.0,0,0.361,0.0,0,0,0,0,0.0,0,0,0.0,0,0,0.521,0,0,0,0,0,0,0.0,0,0.0,0,0.0,0.219,0.0,0.001,0
128,0,0,0,0,0,0,0,0,0.0,0.0,0.001,0,0,0.0,0.0,0,3.127,0.0,0,0.0,0,0,0,0.0,0,0.0,0,0,0,0.0,0,0.0,0,0.0,0.0,0.0,0,0,0.001,0
129,0.001,0,0,1.871,0,0,0,0,0,0,0.0,0,0,0,0,0,0,0,0,0.0,2.49,0,0,0,1.087,0.0,0,0.0,1.05,0,0.0,0.0,0,0.0,0,0.001,0.0,0,0,0
130,0.001,0.001,0,0,0,0.0,0,2.705,0,0.001,0,0.0,2.899,0,0.0,0.0,0.0,0.0,0,0.0,0.0,0.0,0.0,0.0,0.0,0.001,0.0,0.0,0.0,0,0.0,0.0,1.306,0,0,0,0,0,0.001,0.0
131,0.001,0.0,0.0,0.0,0,0.0,0.001,0.801,0,0.004,0.001,0.0,1.448,0.0,0.0,0.0,0,0.0,0.0,0,0,0.0,0,0,0.001,0,0.001,0,0.0,0.0,0,0.0,0.0,0,0.0,0.0,0.0,0,0.0,0
132,0.0,0,0,0.0,0,0.001,0,0,1.076,0.0,0,0,0.0,0.0,0.0,0,0,0.0,0.0,0.0,0,0,0,0.001,0.0,0.0,0,0,0,0,0,0.001,0.0,0,0,0.0,0,0,0.0,0
133,0,0,0,0,0,0,0,0.0,0.001,0,0.0,0,0.0,0.0,0,0,0,0,0,0,0.0,0,0,0,0,0,0,0,0,0,0,0.0,0,0,0.0,0,0.001,0,0.0,0
134,0.0,0,0,0,3.66,0,0,0.0,0,0,0.001,0,0,0,0,0,0,0,0,0.0,0.0,0,0,0,0.001,0.965,0.0,0.0,0.0,0,0.0,0.0,0,0,0,0.0,0,0,0.0,0
135,0,0.0,0.002,0.0,0.0,0.0,0.0,0.0,0.0,0.0,0.0,0.002,0.0,0.085,0.0,0.001,0.001,0.0,0.0,0.0,0.0,0,0.0,0.0,0.0,0.001,0.0,0.0,0.001,0,0.0,0.0,0.0,0,0.001,0,0.0,1.275,0.0,0.0
136,0,0,0,0.0,0,0,0.0,0,0,0.0,0.001,0.0,0.0,0.0,0,0,0,0,0,0,0,0,0,0,0.0,0,0.0,0,0.0,0,0,0.0,0.0,0,0,0.0,0.0,0.112,0.0,0
137,0,0,0,0,0,0,0,0.001,0.001,0.001,0.001,0,0.0,0.0,0.0,0,0,0.505,0.0,0.0,0,0.174,0,0.0,0.0,0.001,0,0,0,0,0,0.001,0,0,0.0,0.0,0,0.0,0.002,0
138,0,0,0,0,0,0,0,0.0,0,0,0.0,0,0,0,0,0,0,0,0,0.0,0.001,0,0,0,0.0,0,0,0.0,0.0,2.455,0,0.0,0,0.746,0,0.0,0.0,0,0,0
139,0,0.0,0,0,0.0,0,0,0.0,0.0,0,0,0,0.0,0,0.0,0.0,0.0,0.001,0,0,0.0,0.0,0.0,0.0,0.0,0,0.0,0.0,0.0,0,0,0.0,0.0,0,0,0,0,0,0,0.0
140,2.277,0.001,0.0,0.0,0,0,0.0,0,0.001,0.05,0,0.0,0,0,0.0,0.0,0,0.0,0,0.0,0,0.0,0,0,0.0,0.001,0.0,0.001,0,0.0,0,0.0,0.0,0.0,0,0.0,0.0,0.0,0,0.001
141,0.0,0,0,0.0,0,0,0,0,0,0.001,0,0,0.0,0,0,0,0,0,0,0,0,0,0,0.0,0.001,0.0,0,0,0.0,0,0,0.001,0.001,0.0,0,0.0,0,0.0,0,0
142,0,0,0,0,0,0,0,0.0,0.0,0,0,0,0.0,0.383,0,0,0,0.0,0,0.0,0.0,0,0,0,0.0,0.0,0,0,0,0.0,2.754,0.0,0,0,0.822,0,0.0,0,0,0
143,0.0,0,0,0,0,3.623,0,0.0,0,0,0,0,0,0,0,0,0,0,0,0.0,0.0,0.001,0,0,0.0,0,0.001,0.001,0.001,0,0.0,0.0,0,0.0,0,0.003,0,0,0,0
144,0.001,0,0,0.0,0.0,0.0,0,0.0,0.001,0.001,2.437,0,0.0,0,0,0.0,0.0,0.002,2.914,0.0,0.0,0,0.0,0.0,0.002,0.0,0.0,0.0,0,0.0,0.0,0.002,0.0,0,0,0,0.0,0.0,0.424,0.0
145,0,0,0.001,0.0,0,0.0,0,0,0,0.0,0.0,0,0.0,0.0,0,0.0,0,0.0,0.001,0,0,0.0,0,0,0.0,0,0,0,0.0,0,0,0,0.001,0.0,0.0,0,0.001,0.0,0.0,0
146,0.001,1.447,0,0,0,0.001,1.259,0,0,0.0,0,0,0.0,0.0,0,0,0,0.0,0.0,0,0,0,0,0,0.0,0.0,0,0,0,0.0,0,0,0.0,0.0,0.0,0,0,0.0,0.0,0
147,0,0,0,0,0,0,0,0.0,0.001,0,0.0,2.616,0,0.001,1.47,0,0,0,0,0,0.001,0,0,0,0.0,0.001,0,0,0.0,0,0.0,0,0,0.0,0,0.906,0.0,0,0.001,0
148,0.0,0,0,0,0,0.0,0,0.001,0.002,0,0,4.145,0,0,0,0,0.0,0,0,0,0.0,0.0,0.0,0,0.0,0,0.0,0,0.0,0,0.001,0,0,0,0,0,0,0,0.0,0
149,0.0,0.0,0.035,0.0,0.0,0.0,0.001,0.0,0.0,0.0,0.0,0.0,0.0,0.0,0.0,0.0,0,0.0,0.0,1.941,0,0.0,0,0,0.0,0.0,0.0,0,0,0.0,0.001,0,0.0,0.0,0.0,0.0,0,0.0,0.0,0.0
150,0.0,0,0,0.0,0,0.0,0.0,0,0,0.0,0.001,0,0.0,0.0,0,0,0,0,0.0,1.399,0,0,0,0,0.0,0.0,0,0,0.0,0,0,1.863,0,0.0,0,0.0,1.286,0.0,0.001,0
151,0,0,0,0,0,0,0,0,0.0,0.001,0.0,0,0.0,0.0,0.0,0,0,0.0,0,0.0,0.0,0,0,6.34,0.0,0.0,0,0,0,0.001,0,0.0,0,0.0,0.001,0.0,0,0,0.0,0
152,0.0,0,0,0,0,0,0,0,0,0,0.0,0,0,0,0,0,0,0,0,0.0,0.0,0.001,0,1.792,0.0,0,0.0,0,0.0,0,0.0,0.0,0,0.0,0,0.0,0,0,0,0
153,0.0,0.001,0,0,0.001,0.0,0,0,0.0,0.0,0,0.0,0.0,0,0.0,0.0,0.08,0.0,0,0,0.0,0.0,0.0,0.0,0.0,0.0,0.0,0,0.001,0.001,0.0,0.0,0,0,0,0,0,0,0.0,0.0
154,0.001,0.0,0.0,0,0,0.0,0.0,0,0.001,0.0,0.0,0.0,0,0.0,0.0,0.0,0,0.0,0.0,0.0,0,0.0,0,0.013,0.0,0,0.0,0.138,0,0,0,0.0,0,0.0,0.0,0.0,1.501,0.0,0.0,0
155,0.001,0,0,0,0,0.0,0,0.699,0,0.001,0.0,0,0,0.0,0.0,0,0,0,0.0,0.0,0.001,0,0,0,0,0.001,0,0,0,0.0,0,0.0,1.689,0.0,0.001,0.001,0,0.0,0.0,0
156,0,0,0,0,0,0,0,0.0,0,0,0.001,0,1.204,0.0,0,0,0,0.0,0,0,0.001,0,0,0,0.831,0,0.001,0.0,0.506,0,0,0.0,0,0.0,0,0.002,0.0,0,0.0,0
157,0.0,0,0,2.183,0,0.0,0,0.0,0,0,0.0,0,0,0,0,0,0.001,0,0,0.0,0.0,0.0,0.0,0.0,0.0,0,0,0.0,0.374,0,0.0,0.0,0,0.0,0,0,0,0,0.0,0
158,0.0,0.0,0.006,0.0,0,0.0,0.001,0.0,0,0.001,0.003,0.001,0.268,0.001,0.0,0.0,0,0.001,0.0,0.0,0,0,0,0,0.0,0,0.0,0,0.001,0.001,0.0,0.0,0.0,0,0.0,0.001,0.0,0,0.0,0.0
159,0,0,0,0.0,0,0.0,0.0,0,0,0.0,0.0,0,0.0,0.0,0,0,0,0.0,0.001,0,0,0,0,0.0,0.001,0,0,0,0,0,0,0.0,0,0,0,0.001,0.0,0,0.0,0
160,0.0,0,0,0,0,0,0,0.0,0.971,0.0,0.001,0,0.0,0.0,0.0,0,0,0.0,0,0.0,0.0,0,0,0,0,0,0,0,0,0,0,0.0,0.001,0,0.0,0.0,0,0,0.001,0
161,0,0,0,0,0,0,0,0.0,0,0,0.0,0,0,0,0,0,0,0,0,0.0,0.001,0,0,0,0.0,0,0.0,0.0,0.001,0,0.0,0.0,0,0,0,0.0,0.0,0,0,0
162,0.0,0.0,0,0,4.374,0.0,0,0.0,0.001,0.0,0,0.001,0.0,0,0.0,0.0,0.0,0,0,0,0.0,0,0.0,0.001,0.0,0,0.0,0.0,0,0,0.0,0.001,0.0,1.326,0,0,0,0.931,0.0,0.0
163,0.0,0.0,0.0,0.0,0.48,0.0,0.0,0,0.0,0.0,0.0,0.0,0.001,0,0.0,0.0,0,0,0.0,0.0,0,1.252,0,0,0.0,0,0.0,0,0.0,0,0,0.0,0.0,0,0.001,0.0,0.0,0.0,0.0,0
164,0,0,0,0.0,0,0.002,0,0,0,0.001,0.0,0,0.0,0,0.0,0,0,0.996,0.0,0.001,0,0,0,0.0,0.0,5.831,0,0,0,0,0,0.001,0.0,0.426,0,0.0,0,0.0,0,0
165,1.114,0,0,0,0,0,0,0.0,0.004,0,0.0,0,0.0,0,0,0,0,0.111,0,0,0.0,0,0,0,0.0,0.295,0,0.0,0.0,0,0,0.0,0,0.15,0,0,0.0,0,0,0
166,0.0,0,0,0,0,0,0,0.0,0,0,0.0,0,0,0,0,0,0,0,0,0.0,0.0,0.0,0.0,0.0,0.0,0,0.0,0.0,0.0,0,0,0.0,0,0.0,0,0.0,0,0,0,0
167,0.002,0.001,0.001,0.0,0.0,0,0.0,0.001,0.0,0,0.0,0.0,0.0,3.048,0.004,0.0,0.0,0.001,0,0.0,0.0,0,0,0,0.0,0.0,0,0.0,0,1.617,0,0.0,0.0,0,3.054,0,0.0,0.002,1.147,0.0
168,0,0,0,0.0,0,0,0.0,0,0,2.333,0.0,0,0.0,0.013,0,0,0,0.0,0,0,0,0.0,0,0.0,0.0,0,0,0,0.0,0,0,0.0,0.0,0.001,0.054,0.0,0.0,0.001,0.001,0
169,0.0,0,0,0,0,0,0,0.0,0.0,0.315,0,0,0.0,0.0,0.0,0,0,0.0,0,0.0,0.0,0,0,0,0.0,0.0,0,0,0,0.0,3.321,0.0,0.0,0.0,0.001,0.0,0,0,0.0,0
170,0,0,0,0,0,0,0,0,0,0,0.673,0,0,0,0,0,0,0,3.349,0.0,0.0,0,0,0,0.0,0,0,0.0,0.0,0,2.653,0.0,0,0.0,0,0,0.0,0,0.0,0
171,0.0,0,0,0,0,2.967,0,0.0,0.0,0,0,0,0.0,0,0,0,0.001,0.001,0,0,0.0,0.0,0,0.0,0.0,0.0,2.62,0.0,0.0,0.014,0.0,0.0,0.0,0,0,1.322,0,0,0.0,0
172,0.0,1.888,0.0,0.002,0.0,0.001,0.0,0.0,0.001,0.0,0.0,0,0.007,0.0,0,0,0,0.0,0,0.0,0,0.001,0.327,0,0.0,0,0.001,0,0.0,0,0,0.0,0.0,0.0,0.0,0,0.0,0.0,0.0,0.001
173,0.0,0,0,0.0,0,0.0,0,0,0,0.002,0.0,0,0.0,0.0,0,0,0,0,1.874,0,0,0,0,0,0.001,0.0,0,0,0,0.002,0,0,0.0,0.0,0,0.808,0,0.0,0.0,0
174,0,0,0,0,0,0,0,0.0,0.0,0.001,0.0,0,0.0,0.0,0.153,0,0,0.0,0,0,0.0,0,0,1.323,0.0,0.0,0,0,0.0,0,0,0,0,0.0,0.0,1.145,0.0,0,0.0,0
175,0.001,0,0,0,0,0,0,0.0,0,0,0.0,0,0,0,0,0,0,0,0,0,0.0,0.001,0.0,0,0.0,0,0.0,0,0.0,0,0.0,0,0,0.001,0,0.001,0,0,0,0
176,0.0,0.0,0,0.001,0.0,0.0,0.0,0.0,0.001,0.0,0,2.964,0.0,0,0.0,0,0.0,0.0,0,0,0.0,0,0,0,0.0,0.0,0.0,0,0,0.0,0.0,0,0.001,0,0,0,0.0,0.0,0.0,0.0
177,0.0,0,0.84,0.0,0,0.0,0.001,0,0,0.001,0.0,0.001,0.001,0.0,0,2.648,0,0.0,0.0,1.446,0,0.0,0,0,0.0,0,0,0,0.008,0,0,0.582,0.001,0.0,0.001,0.0,0.001,0.0,0.0,0
178,0.0,0,0,0,0,0.0,0,0,0.001,0.0,0,0,0.0,0.0,0.001,0,0,0.0,0.001,0.856,0.0,0,0,0.167,0.0,0.0,0,0,0,0.001,0,0.001,0.0,0.0,0.0,0.001,0,0.0,0.0,0
179,0,0,0,0,0,0,0,0,0,0,0.0,0,0,0.0,0,0,0,0,0,0.001,0,0.001,0,0.084,0.0,0,0.0,1.634,0.0,0,0.001,0.0,0,0.001,0,0.0,0.003,0,0.0,0
180,0.0,0,0,0,0,0.0,0,0,0.001,0,0,0,0,0,0,0,0,0,0,0.001,0,0.0,0.0,0.0,0,0.0,0.001,0.225,0,0.0,0.001,0.0,0,0,0,0,0,0,0.0,0
181,0.0,0.001,0.061,0,0.0,0.002,0.0,0,0.0,0.0,0.0,0.0,0,0.0,0.0,0.0,0,0.0,0.0,0.0,0,0.001,0,0,0,0,0.0,0,0,0,0.0,0.0,0,0.0,0.0,0.0,0.249,0.001,0.0,0.0
182,0.0,0,0,0,0,0.0,0.0,0,0,0.0,0.0,0,0,0.0,0,0,1.975,0.0,0,0,2.738,0,0,0.0,2.546,0.0,0,0,1.252,0.0,0,0.0,0.09,0.0,0,0.0,0,0.0,0.0,0
183,0,0,0,1.896,0,0,0,0,0,0.0,0.0,0,0,0.0,0.0,0,0,0.0,0.0,0.0,0.001,0,0,0,0.923,0.0,0,0.0,0.001,0,0,0.0,0,0.0,0.001,0.0,0,0,0.0,0
184,0.0,0,0,0,0,0,0,1.439,0,0,0.0,0,0,0,0,0,0,0,0,0.0,0.001,0.0,0.0,0.001,0.0,0,0.0,0.0,0.0,0,0.0,0.001,0,0.0,0,0.0,0.0,0,0,0
185,0.0,0.0,0,0,0,0.001,0,0.075,0,0.0,0,0.0,0,0,0.0,0.0,0,0.0,0,0,0.0,0,0,0,0.0,0.001,0.0,0.0,0,0.001,0.0,0.0,0.0,0,0,0,0,0,0.0,0.001
186,0.001,0.0,0.0,0.001,0,0.0,0.0,0,0,0.0,0.0,0.0,4.476,0.0,0.0,0.0,0.003,0.0,0.001,0.0,0,0.0,0,0.0,0.0,0,0,0,0.0,0,0,0.0,0.001,0,0.0,0.001,0.001,0,0.0,0
187,0.0,0,0,0.0,0,0.001,0,0,1.891,0.0,0,0,1.707,0.0,0.001,0,0,0,0.0,0.001,0.0,0,0,0,0.0,0.166,0,0,0,0,0,0.001,0.002,0,0,0.0,0,1.808,0.0,0
188,0,0,0,0,3.292,0,0,0.0,0.0,0,0.0,0,0.0,0.0,0,0,0,0,0,0,0.001,0,0,0,0.0,0,0,0.0,0.0,0,0,0.0,0,0,0.0,0,0.0,0.531,0.002,0
189,0.0,0,0,0,0,0,0,0.0,0,0,0.001,0,0,0,0,0,0,1.635,0,0.0,0.001,0,0.0,0.0,0.0,0.0,0.001,0.0,0.0,0,0.0,0.0,0,0,0,0.001,0,0,0.0,0
190,0.0,0.001,0.0,0.0,0.0,0.001,0.0,0.0,0.0,0.001,0.001,0.0,0.0,0,0.0,0.0,0.0,0.0,0.001,0.0,0,0,0,0,0.0,0,0.0,0,0.0,0,0.001,0.0,0.001,0,0,0.0,0.0,0.0,0.0,0.0
191,0,0,0,0.0,0,0.001,0.0,0,0,0.0,0.0,0.0,0.0,0,0,0.0,0,0.0,0,0,0,0.123,0,0.0,0.003,0.0,0,0,0,0,0,0.0,0,4.621,0,0.0,0.0,0.0,0.0,0
192,0,0,0,0,0,0,0,0.001,0.0,0.0,0.0,0,0.0,0,0.0,0,0,0.0,0.001,0.0,0.0,0,0,0,0.0,0.044,0,0.0,0,0.484,0,0.0,0.0,0.783,0,0.0,0,0,0,0
193,0,0,0,0,0,0,0,0,0,0,0.0,0,0,0,0,0,0,0,0,0.0,0.001,0.0,0,0,0.0,0,0.0,0.001,0.0,0,0,0.0,0,0.0,0,0.0,0.0,0,0,0
194,0,0,0,0,0,0.0,0,0.0,0.0,0,0,0,0.001,1.399,0.0,0,0.0,0,0,0,0.0,0,0.0,0.0,0.0,0.001,0,0.0,0,0.0,0,0.0,0.0,0,0,0,0,0,0,0
195,0,0.001,0.0,0.0,0.001,0.0,0.0,0.001,0.0,0.227,0.0,0.002,0,0.0,0.0,0.0,0,0.0,0.0,0.0,0,0.0,0,0,0.0,0,0,0,0.0,0,0,0.0,0.0,0.0,0,0.001,0.0,0.0,0,0.0
196,0,0,0,0.0,0,0,0,0,0,0.448,0.0,0,0.0,0.0,0,0,0,0,0,0,0,0,0,0.0,0.0,0.0,0,0,0,0.0,0,0,0.0,0.001,2.604,0.001,0,0.0,0,0
197,1.917,0,0,0,0,1.319,0,0.001,0.0,0.0,0.0,0,0.0,0.001,0.001,0,0,0.0,0,0.0,0.0,0,0,0,0.001,0,0,0.0,0.0,0,1.938,0.0,0,0.0,0.001,0,0.0,0,0,0
198,0.0,0,0,0,0,0,0,0.0,0,0,0,0,0,0,0,0,0,0,0,0.0,0.0,0.0,0,0.0,0.0,0,0,0.0,0.0,0,0.0,0.0,0,0.0,0,0,0,0,0,0
199,0.0,0.001,0,0,0.008,0.0,0,0.0,0.0,0.0,0.81,0.0,0.0,0,0,0.0,0.0,0.0,0,0.0,0,0.001,0,0,0.001,0.0,2.282,0.0,0,0.001,0.0,0.0,0.0,0,0,0,0.0,0.0,0.195,0.003
200,0.001,0.0,0.0,0.0,0,0.0,0,0,0.0,0.0,0.001,0.001,0.0,0.0,0,0.0,0,0.0,0,0,0,0,0,0,0.0,0.0,0,0,0.0,0,0,0.0,0.0,0.0,0.0,0,0.0,0.002,0.0,0
201,0.0,0,0,0,0,0.0,1.652,0,0,0.001,0,0,0.0,0.0,0,0,0,0.0,0,0,0.0,0,0.178,0,0.0,0.001,0,0,0,0.001,0,0.001,0.0,0.0,0.0,0,0,0.0,0.0,0
202,0,0,0,0,0,0,0,0.0,0.0,0,0.001,0,0.0,0.0,0,0,0,0,1.617,0,0.0,0.0,0,0,0.0,0,0.001,0,0.0,0,0.0,0.0,0,0.0,0,0.985,0.0,0,0.0,0
203,0.001,0,0,0,0,0,0,0.0,0,0,0.0,0,0,0,2.605,0,0,0,0,0,0.0,0.0,0.0,0,0.0,0.0,0.0,0,0.0,0.0,0.0,0.001,0.001,0,0,0,0,0,0.0,0
204,0.0,0.0,0,0.0,0.001,0.0,0.0,0.0,0.0,0.0,0.001,0.05,0.0,0.0,0.001,0.0,0.0,0.0,0.0,0,0,0.001,0,0,0.0,0,0.0,0,0.0,0,0,0,0.0,0.0,0.0,0.0,0,0.0,0.0,0.0
205,0,0,0,0.001,0,0.0,0.0,0,0,0.0,0.0,0.001,0.0,0.0,0,0.0,0,0.0,0,0,0,0,0,0,0.0,0.0,0,0,0,0.0,0,0.883,0.0,0.0,0,0.0,0,0.0,0.0,0
206,0.0,0,0,0,0,0,0,0.0,0.0,0.001,0.0,0,0.0,0.001,0.0,0,0,0.0,0.0,0,0.001,0,0,1.699,0.0,0.0,0,4.049,0.0,0,0,0.0,0,0.0,0.0,0.0,2.567,0,0.0,0
207,0,0,0,0,0,0,0,0,0,0,0.0,0,0,0.0,0,0,0,0,0,5.815,0,0.0,0,0,0,0,0.001,0,0.0,0,0.0,0.002,0,0.0,0,0.001,0.335,0,0,0
208,0.0,0,0.484,0,0,0.0,0,0.0,0.0,0.001,0,0.001,0,0,0.0,0,0.0,0.0,0,1.101,0,0,0.0,0.0,0,0.001,0.0,5.136,0,0.0,0.0,0.0,0,0,0,0,0.0,0.0,0.002,0.0
209,0.001,0.0,0.0,0,0.0,0.0,0.0,0,0.0,0.001,0.0,0.0,0.366,0.0,0.0,0.0,0,0.0,0.0,0.0,0,0.0,0,0,0,0,0,0.373,0,0,0,0.0,0,0.001,0.0,0.0,0.0,0.0,0.0,0
210,0.001,0,0,0,0,0.0,0,0,0,0.0,0.0,0,0.0,0.001,0.0,0,0,0,0.001,0,3.708,0,0,0.0,0,0.001,0,0,0,0.0,0,0.0,0,0.001,0.0,0.0,0,0.0,0.001,0
211,0,0,0,1.975,0,0,0,3.243,0.0,0,0.0,0,0.0,0.0,0,0,0,0.001,0,0.001,0.502,0.001,0,0,0,0,0.002,0.0,0,0,0,0.0,0.147,0.0,0,0.0,0.0,0,0.001,0
212,0.001,0,0,0,0,0,0,0.03,0,0,0.0,0,0,0,0,0,0,0,0,0.0,0.0,0.0,0.0,0.0,0.947,0.0,0.001,0.001,0,0.001,0.001,0.001,0.001,0,0,0,0,0,0.0,0
213,0.0,0.0,0.001,0.0,0,0.0,0.0,0.001,0,0.005,0.0,0.0,0.079,0.0,0.001,0.0,0.002,0.0,0.0,0.0,0,0,0,0,0.577,0,0.003,0,1.621,0,0.0,0.0,0.001,0,0.0,0.0,0.0,0,0.0,0.0
214,0,0,0,0.0,0,0.0,0.0,0,0,0.0,0.0,0.0,0.0,0.0,0,0.0,0,0.0,0.0,0,0,0,0,0.0,0.0,0,0,0,0,0,0,0,0.0,0,0,0.0,0,0,0.0,0
215,0.0,0,0,0,0,0,0,0.0,1.155,0.0,0.001,0,0.001,0.0,0.001,0,0,0.0,0.0,0.0,0.0,1.774,0,0,0.0,0.441,0,0.0,0.0,1.116,0,0.0,0,0,0.0,0,0.001,0,0.0,0
216,0,0,0,0,0.087,0,0,0.001,0,0,0.0,0,0,0.0,0,0,0,0,0,0.0,0.0,0.0,0.0,0.001,0.0,0,0.0,0.0,0.0,0,0.0,0.0,0,0,0,0.0,0,0,0,0
217,0.0,0.0,0,0,0.0,0.0,0,0.0,0.0,0.0,0,0,0,0,0,0,0.0,0,0,0.0,0.0,0,0,0,0.0,0.0,0.0,0.0,0,0,0.0,0.0,0.0,0,0,0,0.0,0,0.0,0.0
218,0.001,0.0,0.001,0.0,0,0.0,0.0,0,0.0,0.001,0.0,0.0,0.0,0,0.001,0.0,0,0.0,0.0,0.0,0,0,0,0.001,0.001,0.0,0,0,0.0,0,0,0.0,0.0,0,0.0,0.0,0.0,0.119,0,0
219,0,0,0,0.0,0,0.0,0,0,0,0,0.0,0,0.0,0,0,0,0,0,0.0,0,0.0,0,0,0,0.0,0.0,0,0,0,1.169,0,0.0,0.001,0,0.001,0.001,0,0.0,0,0
220,0,0,0,0,0,0,0,0.0,0.0,0,0.001,0,0.0,0,0.0,0,0,0.0,0,0.0,0.001,2.125,0,0,0.0,0,0.0,0.0,0.0,0,0,0.0,0,0.23,0,0.0,0.0,0,0,0
221,0,0,0,0,0,0,0,0.001,0,0,0.001,0,0,0,0,0,0,0,0,0.0,0.0,0.0,0.0,0.0,0.0,0.0,0,0.0,0.0,0.0,0.0,0.0,0,0,0,0,0,0,0,0
222,0,0.001,0,0.0,0.0,0.0,0.0,0.0,0.0,0,0,0.0,0.0,0,0.0,0.0,0.0,0.0,0,0.0,0,0.0,0,0,0.0,0,0.0,0,0.0,0,0,0.0,0.0,0.0,0.0,0.001,0.0,0.0,0,0.0
223,0,0,0.001,0.0,0,0,0.0,0,0,2.038,0.001,0.0,0.001,0,0.0,0.0,0,0.0,0.396,0,0,0,0,0.001,0.0,0.0,0,0,0,0.0,1.541,0.0,0.009,0.0,0,0.0,0.0,0.001,0,0
224,3.567,0,0,0,0,0,0,0,0.001,0.0,0,0,0.0,5.766,0.0,0,0,0.0,0.0,0.0,0.0,0,0,0,0.0,0.0,0,0.001,0,0,3.12,0.0,0,0.001,0.0,0,0,0,6.259,0
225,2.859,0,0,0,0,0,0,0.002,0,0,0.0,0,0,1.633,0,0,0,0,0,0,0.0,0.0,0,0,0.001,0,0.0,0.0,0.0,0,0.0,0.0,0,0.0,0,0.714,0.0,0,0.861,0
226,0.0,0,0,0,0,3.614,0,0.0,0.001,0,0,0,0,0,0,0,0.001,0,0,0.0,0.0,0,0,0,0.0,0.0,0.001,0.0,0,0.0,0.0,0.0,0.001,0,0,0,0,0,0.0,0.0
227,0.0,0,0.0,0.0,0.0,0.171,0,0.0,0.001,0.0,0.0,0,0.0,0.0,0,0.0,0,0.0,0.0,0.0,0,0.0,0,0,0.0,0,0,0,0.002,0,0,0.0,0.001,0.0,0.001,0.0,0.0,0.0,0.0,0
228,0.0,0.873,0,0.0,0,0.0,1.426,0,0,0.0,0.0,0,0.0,0.001,0,0.824,0,0.0,0.0,0,0.0,0,0.36,0,0.0,0.0,0,0,0,0.0,0,0,0.0,0.0,0,0.0,0,0.0,0.0,0
229,0,0,0,0,0,0,0,0.0,0.0,0.0,0.0,0,0.0,0.001,0,0,0,0.0,0,0.001,0.0,0,0,0,0.0,0,0,0,0.003,0,0,0,0,0.0,0.0,0,0.0,0,0.0,0
230,0.0,0,0,0,0,0,0,0.0,0,0,0.0,0,0,0,0,0,0,0,0,0.0,0.0,0.0,0.0,0,0.0,0.0,0.0,0.378,0.0,0,0.0,0,0,0.0,0,0.0,0,0,0.0,0
231,0.001,0.0,0,0,0.001,0.001,0.0,0.027,0.0,0.004,0,0,0.0,0,0.244,0.0,0.001,0.0,0,0,0,0.0,0,0,0.0,0,0.0,0,0.0,0.0,0.0,0,0.0,0,0.0,0,0.001,0.0,0.0,0.0
232,0.001,0.0,0,0.0,0,0.001,0.001,0,0.0,0.0,0.0,2.803,0.0,0.0,0.074,0.0,0,0.0,0.001,0,0,0,0,5.005,0.0,0.0,0,0,0,0.0,0,0,0.0,0.0,0,0.0,0.0,0,0.0,0
233,0.001,0,1.961,0,0,0.001,0,0,0.0,0.0,0,0,0.0,0,0.0,0,0,0.0,0.0,1.463,0.0,0,0,0.043,0.002,0.0,0,0,0,0,0,1.858,0.0,0.0,0.0,0.0,0,0.0,0.0,0
234,0,0,0,0,0,0,0,0.646,0,0,0.0,0,0.0,0.001,0,0,0,0,0,0,0.0,0.0,0,0,0,0,0.0,0.584,0.122,0,0.001,0.0,0,0.001,0,0.0,0,0,0.0,0
235,0.003,0,0,0,0,0.001,0,0.101,0.0,0,0,0,0,0,0,0,0,0,0,1.002,0.001,0,0.0,0.0,0,0.001,0.0,0.0,0,0.0,0.0,0.0,0,0,0,0,1.59,0,0.001,0.0
236,0.0,0.0,0.0,0,0.0,0.003,0.001,0,0.0,0.0,0.0,0.0,0,0.0,0.0,0.0,0,0.001,0.0,0.0,0,0.0,0,0.03,0,0,0,0,0.0,0,0,0.0,0,0.0,0.0,0.0,0.0,0.0,0.0,0.0
237,0.0,0,0,0,0,0.0,0,0,0,0.001,0.0,0,0,0.0,0,0,0,0,0.0,0,0.001,0,0,0,0,0.0,0,0,3.281,0.0,0,0,0.088,0.0,0,0.001,0,0.001,0.0,0
238,0,0,0,0,0,0,0,0.946,0,0.001,0.0,0,2.577,0.0,0.002,0,0.534,0.001,0,0.0,0.0,0,0,0,1.723,0,0,0.0,0.0,0,0,0.001,0.279,0.0,0.0,0,0.0,0,0.0,0
239,0.0,0,0,2.262,0,0,0,0.0,0,0,0.0,0,0,0,0,0,0,0,0,0.0,0.001,0.0,0.0,0.0,0.791,0.0,0.001,0.0,0.0,0,0.0,0.0,0,0.0,0,0.001,0,0,0.0,0
240,0.001,0.0,0,0,0,0.0,0.001,0.001,0,0.0,0,0.0,0,0,0.0,0.0,0.0,0.0,0,0.011,0,0.0,0,0,0.0,0,0.0,0,0.0,0.0,0.0,0.0,0.001,0,0,0,0.0,0,0.0,0.001
241,0,0.0,0.001,0.0,0,0.0,0.0,0,2.756,0.0,0.001,0.001,0,0.0,0.0,0.0,0,0.0,0.0,0,0,0,0,0.0,0.004,0.001,0,0,0,0.001,0,0.0,0.0,0,0.0,0.0,0.001,0,0.0,0
242,0.0,0,0,0,0,0.0,0,0,0.924,0.0,0,0,4.696,0.001,0.0,0,0,0.002,0.0,0.0,0.0,0,0,0,0,0.001,0,0,0,0,0,0.0,0.001,0,0.0,0.0,0,0,0.0,0
243,0,0,0,0,2.94,0,0,0.0,0.001,0,0.0,0,0.159,0.001,0,0,0,0,0,0,0.0,0,0,0,0.0,0,0.0,0.0,0.0,0,0.001,0.0,0,0,0,0.0,0.0,0,0.0,0
244,0.0,0,0,0,0,0.0,0,0.0,0.0,0,0,0,0,0,0,0,0.0,0,0,0.0,0.0,0,0.0,0.0,0.0,0.0,0.001,0.0,0,0,0.0,0.0,0.001,0,0,0,0,0,0.001,0
245,0.0,0.002,0.001,0.0,0.0,0.0,0.0,0.0,0.0,0.0,0.0,0.0,0.0,0,0.0,0.0,0,0.0,0.0,0.0,0,1.106,0,0,0.0,0,0.0,0,0.001,0,0.001,0.0,0.0,0,0,0.0,0.0,0,0,0.001
246,0.001,0,0,0.0,0,0.0,0.0,0,0,0.0,0.0,0.0,0.0,0,0,0,0,0,0,0,0,0,0,0.0,0.0,0.0,0,0,0,0,0,0.0,0.0,0,0,0.0,0,0.22,0,0
247,0,0,0,0,0,0,0,0.001,0.0,0.001,0.0,0,0.0,0,0.0,0,0,0.0,0.0,0.001,0.0,0,0,0,0.001,0.0,0,0.0,0.0,0.04,0,0.0,0,0,0,0.0,0,0,0,0
248,0,0,0,0,0,0,0,0.0,0,0,0.0,0,0,1.454,0,0,0,0,0,0.0,0.0,0.07,0,0.001,0.001,0,0.0,0.0,0.002,0,0.0,0.0,0,0,0,0.0,0.0,0,0,0
249,0.0,0,0,0,0.0,0.0,0,0.0,0.0,0,0,0.0,0.0,0,0.001,0.0,0.0,0.0,0,0,0.0,0.0,0,0,0.0,0.001,0.0,0.0,0,0.0,0.0,0.0,0.0,1.42,3.491,0,0,0,0,0.001
250,0,0.001,0.0,0.0,0,0,0.0,0,0.001,0,0.0,0.0,0.001,0,0.0,0.0,0,0.0,0,0.0,0,0,0,0.001,0.0,0.001,0,0,0.0,0,0,0.0,0.0,0.0,0,0.0,0.0,0.0,4.823,0
251,1.006,0,0,0.001,0,0.76,0,0,0,0,0.001,0,0.0,0.22,0.0,0,0,0,0,0.001,0.0,0,0,0,0.002,0.001,0,0,0,0.0,0,0.0,0.0,0.001,1.051,0.0,0,0.0,0,0
252,0,0,0,0,0,0,0,0.001,0.0,0.598,0.0,0,0.0,0.0,0,0,0,0.0,0,0,0.001,0,0,0,0.001,0,0,0.0,0.0,0,0,0.0,0,0.001,0.001,0,0.0,0,0,0
253,0.0,0,0,0,0,0,0,0.0,0,0,0.0,0,0,0,0,0,0,0,1.49,0.001,0.0,0.0,0,0.0,0.0,0.0,0.468,0.0,0.0,0.001,0.0,0.0,0,0.002,0,0,0,0,1.021,0
254,0.0,0,0,0.001,0.001,3.844,0,0.001,0.0,0.0,0,0.0,0.0,0,0,0.0,0.0,0.001,0,0.0,0,0.0,2.969,0,0.0,0,0.001,0,0.0,0,0.0,0.0,0.0,0,0,0,0.0,0.0,0.257,0
255,0,0,0.001,0.0,0,0.12,0,0,0,0.0,0.077,0,0.001,0.0,0,0.0,0,0.0,0.0,0,0,0,0,0.0,0.0,0.001,0,0,0,0.0,0,0.001,0.0,0.0,0.0,0,0.001,0,0.0,1.019
256,0.001,0,0,0,0,0,0,0,0.0,0.0,0,0,0.0,0.001,0,0,0,0.001,0.0,0.0,0.0,0,0,0,0.0,0.0,0,0,0,0,0,0.001,0.0,0.0,0.001,0,0,0.001,0.0,0
257,0,2.613,0,0,0,0,2.384,0.0,0,0,0.001,0,0,0.0,0,0,0,0,0,0,0.0,0.0,0,0,0.0,0,0.0,0,0.0,0,0.0,0,0,0.0,0,1.032,0.002,0,0.0,0
258,0.0,0,0,0,0,0.001,0,0.0,0.0,0,0,0,0.0,0,4.556,0,0.0,0,0,0,0.0,0,0.0,0,0.0,0.0,0.0,0,0,0.0,0.0,0,0.001,0,0,0,0,0,0.001,0
259,0.0,0.0,0,0.0,0.0,0.0,0.0,0.0,0.0,0.0,0.0,1.486,0,0.0,0.065,0.001,0,0.0,0.0,0,0,0.0,0,0,0.001,0,0,0,0.0,0,0,0,0,0.0,0.0,0.0,0,0.0,0.0,0.0
260,0.0,0,0.975,0.0,0,0.0,0.0,0,0,0.0,0.001,0,0.0,0.0,0,0,0,0,0.0,1.265,0,0,0,1.045,0.0,0.001,0,0,0,0.0,0,2.213,0.135,0.001,0,0.0,0,0.0,0.0,0
261,0,0,0,0,0,0,0,0.0,0.0,0.001,0.0,0,0.0,0.0,0.001,0,0,0.0,0,0.0,0.0,0,0,0,0.0,0.001,0,0,0.0,0,0,0.0,0,0.0,0.0,0.0,0,0,0.0,0
262,0.0,0,0,0,0,0,0,0.0,0,0,0.001,0,0,0,0,0,0,0,0,0.0,0,0.0,0.0,0.0,0,0,0.001,0.133,0.0,0,0.0,0.0,0,0.0,0,0.0,0,0,0,0
263,0.0,0.001,0,0,0.0,0.0,0.0,0,0.0,0.003,0,0.0,0.0,0,0.0,0.0,0.265,0.0,0,0,0,0.001,0,0,0,0.0,0.001,0.002,0,0.001,0.0,0.0,0,0,0,0,3.405,0.0,0.0,0.0
264,0.0,0.001,0.0,0,0,0.0,0.0,1.173,0.0,0.001,0.001,0.0,0,0.0,0.0,0.0,0,0.0,0.0,0.0,0,0,0,0.0,1.574,0.0,0,0,0,0.0,0,0.001,0.115,0.001,0.0,0.0,0.0,0.0,0.0,0
265,0.0,0,0,0,0,0.0,0,0,0,0.0,0,0,0,0.0,0.0,0,0,0.0,0.001,0.0,3.307,0,0,0,0,0.0,0,0,0,0,0,0.0,0.009,0.0,0.0,0.0,0,0.536,0.0,0
266,0,0,0,1.831,0,0,0,0.0,0.0,0,0.0,0,0,0.0,0,0,0,0,0,0,0.027,0.013,0,0,0,0,0.003,0.0,3.069,0,0,0.0,0.856,0.0,0,0.0,0.0,0,0.0,0
267,0.001,0,0,0,0,0.002,0,0.0,0,0,0.0,0,0,0,0,0,0,0,0,0.0,0.0,0.0,0.001,0.0,6.031,0.0,0.0,0.0,0.45,0.0,0.0,0.0,0,0,0,0,0,0,0.0,0
268,0.0,0.0,0.0,0.003,0.522,0.0,0.001,0.002,0,0.0,0.001,0.0,2.163,0.0,0.001,0.0,0,0.0,0.001,0.0,0,0.0,0,0,1.04,0,0,0,0.001,0,0.0,0.0,0.001,0,0.0,0.0,0.0,0,0.001,0.0
269,0.0,0,0,0.0,0,0.0,0.0,0,1.754,0.0,0.0,0,0.0,0.0,0,0,0.179,0.0,0.0,0,0,0,0,0.0,0.086,0,0,0,0,0,0,0.0,0.001,0,0,0.0,0.001,0,0.001,0
270,0,0,0,0,0,0,0,0.0,0.0,0.001,0.001,0,0.0,0.0,0.0,0,0,0.0,0,0.0,0.0,0,0,0,0.0,0,0,0.001,0.001,0,0,0.0,0,0,0.0,0.001,0,0,0.0,0
271,0.0,0,0,0,0,0,0,0.0,0,0,0.001,0,0,0,0,0,0,0,0,0.001,0.001,0.0,0.0,0.0,0.0,0,0.0,0.0,0.001,0,0.0,0.0,0,0,0,0.0,0.0,0,0,0
272,0.002,0.001,0,0,0.0,0.0,0,0.0,0.0,0.0,0,0.0,0.0,0,0.0,0.0,0.001,0,0,0,0,0.0,0,0,0.0,0,0.0,0.001,0,0,0.0,0.0,0.001,0,0,0,0.0,0,0.0,0.0
273,0.001,0.0,0.0,0.0,0,0.001,0.0,0,0.0,0.0,0.001,0.0,0.0,0.0,0.0,0.0,0,0,0.0,0.0,0,0,0,0.0,0.0,1.603,0,0,0.001,2.339,0,0.0,0.0,0,0.0,0.0,0.0,0.261,0,0
274,0.0,0,0,0.001,0,0.0,0,0,0,0,0,0,0.0,0.0,0.0,0,0,0.496,0.0,0.0,0.0,0,0,0,0.0,0.001,0,0,0,0.0,0,0.0,0.0,0,0,0.0,0,0.0,0,0
275,0,0,0,0,0,0,0,0.001,0.0,0,0.0,0,0.0,0.001,0,0,0,0,0,0,0.001,0,0,0,0.001,0,0.0,0.001,0.001,0,0,0.0,0,0,0.052,0.001,0.0,0,0,0
276,0,0,0,0,0,0,0,0.0,0,0,0.0,0,0,0,0,0,0,0,0,0.0,0.0,0.0,0.001,0.0,0.0,0.0,0,0.0,0.0,0.0,0.0,0.001,0,0.808,0,0,0,0,0,0
277,0,0.001,0,0.001,0.001,0.0,0.0,0.0,0.001,0,0.0,0.0,0.0,0.0,0.0,0.0,0.0,0.0,0.001,0.0,0,0.0,0,0,0.0,0,0.0,0,0.0,0,0.0,0.0,0.0,0,0.001,0,0.0,0.0,0,0.0
278,0,0,0.0,0.0,0,0.0,0.0,0,0,0,0.001,0.0,0.0,0.0,0,0.0,0,0.0,0,0,0,0,0,0.0,0.0,0.001,0,0,0,0.001,0,0.0,0.0,0.0,0,0.0,0.0,0.0,0,0
279,0,0,0,0,0,0,0,0.0,0.001,1.554,0,0,0.0,0.001,0.0,0,0,0.0,0,0.0,0.001,0,0,0,0.0,0.0,0,0.0,0.001,0,0,0.001,0.0,0.001,0,0.001,0,0,0,0
280,3.12,0,0,0,0,0,0,0.002,0,0,0.123,0,0,0.0,0,0,0,0,0,0.0,0.0,0.001,0,0,0.0,0,0,0.001,0.0,0,0.078,0.001,0,0.0,0.05,0.396,0.0,0,0,0
281,0.085,0,0,0,0.001,0.001,0.153,0.001,0.0,0.0,0,0.0,0.0,0,0,0,0.0,0,3.483,0,0.0,0,0.241,0.0,0.0,0.0,0,0.0,0,0.0,0.0,0.0,0.0,0,0,0,0,0,2.187,0.003
282,0.0,0.831,0.0,0.0,0,0.0,0.001,0,0.0,0.0,0.0,0.0,0,0.0,0,0,0,0.001,1.065,0.0,0,0.0,0,0,0.0,0.001,2.916,0,0.001,0,0,0.0,0.0,0.0,0.0,0,0.0,0.0,0.058,0
283,0.0,0,0,0,0,0,0,0,0.0,0.0,0.0,0,0.0,0.0,1.677,0,0,0,0.0,0,0.0,0,0,0,0.001,0.0,0.237,0,0,0.0,0,0.012,0.0,0.0,0,0,0,0.0,0.001,0
284,0,0,0,0,0,0,0,0.004,0,0,0.0,0,0.0,0.0,0,2.214,0,0.0,0,0,0.0,0.0,0,0,0.0,0,0.0,0,0.0,0,0,0.0,0,0.001,0.001,0,0.0,0,0.001,0
285,0.0,0,0,0,0.001,0.001,0,0.001,0.0,0.001,0.0,0,0,0,0,0,0,0,0,0.545,0.0,0.0,0.0,0,0.0,0.0,0,0,0.0,0.0,0.0,0.0,0,0.0,0,1.527,0,0,0.001,0
286,0.0,0.0,0,0.0,0,0.0,0.0,0,0.0,0.0,0,0,0.0,0,0,0,0.0,0.0,0,0.0,0,0.0,0,0.738,0.0,0,0.0,0,0.0,0,0.0,0.0,0.0,0,0,0,0.0,0.0,0.001,0.0
287,0.001,0,0,0.0,0,0.0,0,0,0,0.012,0.0,0.084,0.0,0.0,0,0,0,0.0,0.0,0,0,0,0,0.0,0.001,0.0,0,0,0,0.0,0,0.001,0.0,0.0,0.0,0.0,0.0,0,0.0,0
288,0,0,2.387,0,0,0,0,0,0.0,0,0,0,0.003,0.001,1.462,1.395,0,0.001,0.001,0.0,0.0,0,0,0,0.0,0.0,0,0,0,0,0,0.0,0.0,0.0,0.0,0.0,0,0.001,0.001,0
289,0.001,0,0,0,0,0,0,0,0,0,0.0,0,0,0.001,0,0,0,0,0,0,0.0,0.001,0,0,0.0,0,0.0,0,0.0,0,0.001,0.0,0,0.0,0,0.0,0,0,0.0,0
290,0.0,0.0,0,0,0.0,0.0,0.0,0,0.0,0.0,0,0,0,0,0,0,0.001,0,0,0.0,0,0,0.0,0.204,0,0.002,0.0,0.538,0,0.0,0.0,0.0,0,0,0,0,0,0,0.0,0
291,0,0,0.0,0.282,0,0.0,0.0,0,0,0.0,0.0,0.001,0.0,0.0,0.0,0.002,0,0.0,0.0,0.001,0,0.0,0,0,0,0,0,0,0.032,0,0.0,0.0,0,0.001,0.0,0.001,0.11,0.0,0.004,0.001
292,0.0,0,0,0,0,0,0,0,0.0,0.0,0.0,0,0,0.0,0,0,0,0.001,0,0,0,0,0,0.0,0,0.0,0,0,0,0.0,0,0.0,0,0.0,0,0.0,0.041,0.0,0.0,0
293,0,0,0,0,0,0,0,0,0,0,0.0,0,0,0.0,0.0,0,0,0.0,0.0,0.0,0,0,0,0,0.848,0.001,0,0.0,0,0,0,0.0,0,0.0,0.0,0.0,0,0,0.0,0
294,0.0,0,0,0,0,0.001,0.004,2.389,0,0,0.0,0,0,0,0,0,0,0,0,0.0,1.109,0.0,0.0,0.0,0.0,0.002,0.001,0.001,0,0,0.0,0.001,0,0.0,0,0.0,0.0,0,0,0
295,0.0,0.0,0.001,2.452,0,0.001,0.001,0.0,0,0.0,0,0.0,0,0,0.001,0.0,0,0.001,0,0.001,0,0.0,0,0,0.0,0,0.0,0,0.89,0.001,0.0,0.0,0.755,0,0,0,0.002,0,0.0,0.0
296,0.003,0,0,0.003,0,0.0,0,0,1.48,0.001,0.0,0.0,2.552,0.0,0.001,0.0,0,0.001,0.001,0,0,0,0,0.001,0.0,0,0,0,0,0.0,0,0.0,0.001,0,0.0,0.0,0.0,0,0.0,0
297,0,0,0,0,0,0,0,0.0,0,0,0,0,0.001,0.001,0.0,0,2.081,0.001,0.0,0.0,0.0,0,0,0,0.001,1.431,0,0.0,0,0,0,0.0,0.0,0,0.0,0.0,0,0.783,0.0,0
298,0.0,0,0,0,0,0,0,0.0,1.149,0,0.0,0,0,0.0,0,0,0,0,0,0.001,0.0,0,0,0,0.0,0.051,0.001,0.0,0.0,0,0.001,0.0,0,0,0,0.001,0.0,0,0.0,0
299,0,0.0,0.0,0.0,0.069,0.0,0.001,0.0,0.0,0,0,0,0,0,0,0,0.0,0,0,0.001,0.0,0,0.0,0.0,0.0,0.0,0.0,0.0,0,0,0.0,0.0,0.0,0.071,0,0,0,0,0.0,0
300,0,0,0,0.0,0,0.0,0.001,0,0,0,0.0,0.0,0.0,0,0.0,0.001,0,0,0.0,0.0,0,0,0,0,0.0,0,0,0,0.0,0,0,0.0,0.0,0.0,0.0,0.0,0.0,0,0.0,0.0
301,1.123,0,0,0,0,0,0,0.0,0.0,0,0.0,0,0.0,0,0,0,0,0,0.0,0,0,0.054,0,0.0,0.0,0.0,0,0,0,1.22,0,0.0,0.0,0.0,0,0.001,0,0,0.001,0
302,0,0,0,0,0,0,0,0,0,0,0.0,0,0.0,0,0.0,0,0,0,0,0.0,0.001,0,0,0,0.0,0.0,0,0.001,0.0,0,0,0.001,0,0.002,0.0,0.0,0,0.137,0,0
303,0,0,0,0,0.002,0,0,0.0,0.0,0,0.0,0,0,0.444,0,0,0,2.033,0,0.0,0.0,0.0,0.0,0.0,0.0,0,0.0,0.001,0.003,0,0.0,0.0,0,0.0,0,0.001,0.0,0,0,0
304,0,0.0,0.0,0.0,0,0,0.0,0.0,0.0,4.764,0,0.0,0.0,0,0.0,0.0,0.0,0.0,0,0,0,0.001,0,0,0.0,0.0,0.0,0.0,0,0.0,0,0.0,0.0,0,0,0,0.001,0.0,0,0.0
305,0,0,0,0.001,0,0,0,0,0,0,0.0,0.0,0.0,0,0.001,0.001,0,0.0,0.001,0.001,0,0,0,0.001,0.0,0.0,0,0,0.0,0,0,0.0,0.0,0.0,0.0,0.0,0.0,0.0,0.283,0
306,0,0,0,0,0,0,0,0.0,0.0,0,0,0,0.0,0,0.001,0,0,0.001,0,0.0,0.001,0,0,0,0.0,0.0,0,0,0,0.001,2.742,0.001,0.0,0.0,0.001,0.0,0,0.0,0.463,0
307,0.237,0,0,0,0,2.54,0,0.001,0,8.394,0.0,0,0.0,0,0,0,0,0,0,0,0.0,0.002,0,0,0.0,0,0.0,0.0,0.0,0,0,0.0,0,0.0,0,0.0,0.001,0,0.0,0
308,0.017,0,0,0.0,0.0,0.001,0.0,0.0,0.0,1.017,0.0,0,0,0,0,0,0,0,0,0.0,0.0,0.0,0,0.001,0.0,0.0,0,0.0,0.0,0.0,0.0,0.0,0,0.001,0,0,0,0,0.001,0
309,0,0.804,0.0,0.0,0,0.001,0.0,0,0,0.0,0,0.0,0.0,2.122,0,0.0,0.0,0.0,0,0.001,0,0.0,0,0,0.0,0,0.711,0,0.0,0,0.0,0.0,0.002,0.0,0.0,0,0.0,0.0,0.0,0.0
310,0.0,0,0,0,0,0.0,0,0,0,0.001,0.0,0.001,0.0,0.001,0,0.311,0,0.0,0,0,0,0,0,0.0,0.0,0.0,0,0,0,0.0,0,0.0,0.001,0.0,0,0.409,0.0,0.0,0.001,0
311,0,2.422,0,0,0,0,0,0.001,0.0,0,0,0,0.0,0.0,0,0,0,0.0,2.251,0.0,0.002,0,0.332,0,0.0,0.001,0,0.0,0,0,0,0.0,0,0.0,0.0,0,0,0,0.001,0
312,0.0,0,0,0,0,0.0,0,0.0,0.0,0,0.0,0,0,0.001,1.461,0,0,0,0,0,0.0,0.0,0,0,0.004,0,0.0,0.0,0.0,0,0.0,0.0,0,0.0,0,1.482,0.0,0,0,0
313,0.0,0.001,0,0.0,0.0,0.001,0.001,0.001,0.0,0.001,0,0.057,0.002,0,0,0.001,0.0,0,0,0,0.0,0,0.0,0,0.0,0.0,0.0,0.689,0,0.0,0.0,0.459,0.001,0,0,0,0,0.0,0.0,0.0
314,0.0,0,0,0.0,0,0.0,0,0,0,0.0,0.0,0,0,0.0,0.02,0.001,0,0.0,0.0,1.842,0,0.0,0,0,0.0,0,0,0,0.0,0,0,0.0,0.0,0.0,0.0,0.0,0,0.0,0.0,0
315,0,0,0,0,0,0,0,0.001,0.0,0.001,0.0,0,0.0,0.0,0,0,0,0,0.0,0,0,0,0,0,0.009,0.0,0,0,0,0.0,0,0.0,0.194,0.0,0,0.001,0,0.0,0.0,0
316,0.0,0,0,0,0,0,0,0,0,0,0.0,2.143,0.001,0.001,0.0,0,0,0.0,0,0,0,0,0,0.87,0.0,0,0,0.001,0.0,0,0,0.001,0,0.0,0.0,0.001,1.926,0,0.0,0
317,0.0,0.001,0,0,0.0,0.0,0.0,0,0.0,0.001,0.0,0,0,0,0,0,0,0,0,0.626,0,0.0,0.0,0.0,0,0.0,0.0,0.0,0,0,0.0,0.0,0,0.0,0,0,0.63,0,0.0,0
318,0,0,0.21,0,0,0.0,0.0,0,0,0.0,0,0.0,0.0,0,0.0,0.0,0.001,0.002,0,0.0,1.188,0.0,0,0,0,0,0.001,0,0.642,0.0,0.0,0.0,0,0,0.001,0,0.0,0.0,0.0,0.0
319,0.0,0,0,0,0,0,0,0,0.0,0.001,0.001,0.0,0,0.0,0,0.0,0,0.0,0.002,0,0,0,0,0.001,0,0.0,0,0,0,0.001,0,0.0,0,0.0,0,0.0,0.0,0,0.0,0
320,0,0,0,0,0,0,0,0,0,0,0,0,0,0.0,0.0,0,0,0.0,0.0,0.0,4.439,0,0,0,0,0.0,0,0,0,0,0,0.0,0,0.0,0.0,0.0,0,0,0.0,0
321,0.0,0,0,3.721,0,0.0,0,0,0.0,0,0.0,0,0,0.0,0,0,0,0,0,0,0,0.0,0,0,3.678,0,0.0,0.0,0.0,0,0.0,0.0,0.465,0.0,0,0.0,0.0,0,0.0,0
322,0.0,0.0,0.0,0.0,0,0.0,0.001,5.588,0.0,0.001,0,0,2.356,0,0,0,0,0,0,0.0,1.151,0.0,0.0,0.001,0,0.0,0.001,0.0,0,0.0,0.0,0.0,0,0,0,0,0,0,0.0,0
323,0.001,0,0,0.0,0,0.0,0,2.588,0,0.0,0.0,0.001,0.0,0.001,0.0,0.0,0,0.0,0.0,0.0,0,0.0,0,0,6.602,0,0.001,0,0.0,0,0,0.0,0.084,0.0,0.0,0.001,0.0,0,0.0,0.0
324,0,0,0,0,0,0,0,0.0,0.0,0,0.0,0.0,0.0,0.0,0,0.001,0.181,0.0,0,0,0,0,0,0.0,0.188,0,0,0,0,0,0,0.001,0.0,0.0,0,0.001,0,0,0.0,0
325,0.0,0,0,0,0,0,0,0.0,0,0,0.0,0,0.0,0.0,0.0,0,0,0.0,0.0,0.0,0.0,0,0,0,0.001,0,0,0.0,0.0,0,0,0.0,0,0,0.001,0,0.001,0,0.0,0
326,0.0,0.0,0,0.0,2.497,0.001,0.0,0.0,0.0,0.0,0.0,0,0,0,0,0,0,0,0,0.0,0.0,0,0.0,0.001,0.0,0,0.0,0.0,0.0,0,0.001,0.0,0,0,0,0.001,0,2.086,0.0,0
327,0,0,0.0,0.0,0,0.0,0.0,0,0,0.0,0,0,0.001,0,0.0,0,0.0,0.0,0,0,0.0,0,0,0,0.0,0,0.0,0.0,0,0,0.0,0.0,0.0,0,0,0,0.0,0.0,0.0,0.0
328,0.0,0,0,0,0,0,0,0,0.001,0.0,0.0,0.0,0,0,0.0,0.0,0,0.0,0.0,0.0,0,0,0,0.0,0.0,0,0,0,0.0,2.384,0,0.0,0.0,0,0.001,0.0,0.001,0.0,0.0,0
329,0,0,0,0,0,0,0,0.01,0,0,0.0,0,0.0,0,0.0,0,0,0,0.001,0,0.0,0,0,0,0.0,1.125,0,0,0,0.0,0,0.0,0.0,0,0,0.0,0,0.0,0.0,0
330,0,0,0,0,0,0,0,0.0,0.0,0,0.0,0,0.001,0,0,0,0,0.0,0,0.0,0.001,0.103,0,0,0.0,0,0.0,0.001,0.0,0,0,0.0,0,0,0.001,0.0,0.0,0,0,0
331,0.99,0.0,0.0,0.0,0.0,0,0.0,0,0.0,0,0.0,0,0,0,0,0,0,0,0,0.0,0.001,0.0,0,0.0,0.0,0.0,0.001,0.0,0.0,0.0,0.0,0.0,0,1.559,0,0,0,0,0,0
332,1.148,0,0,0.001,0,0,0,0,0,0,0.0,0.0,0.0,0,0.0,0.0,0.0,0.0,0,0.0,0,0.0,0,0,0.0,0,0.0,0,0.0,0,0,0.0,0.001,0.001,0.0,0.0,0.0,0.0,0,0.001
333,0,0,0,0,0,1.697,0,0.001,0.001,0.571,0.0,0.001,0.0,0,0,0.0,0,0.0,0,0,0,0,0,0.0,0.0,0.001,0,0,0,0.001,0,0.001,0,0.001,0,0.001,0.0,0.0,0,0
334,0.0,0,0,0,0,0,0,0.0,0,0,0.0,0,0.002,5.426,0.0,0,0,0.0,0,0.001,0.0,0,0,0,0.001,0.0,0,0.0,0.0,0,2.606,0.002,0.001,0.001,0.001,0.003,0,0,0.793,0
335,0.0,0.03,0,0,0.0,0.0,0.001,0.001,0.0,0.0,0.0,0,0,0.41,0,0,0,0,0,0.0,0.0,0.0,0,0,0.0,0,0.001,0.0,0.0,0,0.0,0.0,0,0.0,0,0.0,0.0,0,0,0
336,0.0,0.0,0.001,0.0,0,0.0,0,0,0.001,0.0,0,0,0.003,0,0,0.001,0.0,0,0,0.001,0.0,0,0,0.0,0.0,0.0,0.001,0.001,0,0.001,0.0,0.0,0.0,0,0,0,0,0,0.0,0
337,0.0,0,0,0,0,0,1.183,0,0.0,0.0,0.001,0,0,0.0,0,0.0,0,0.0,0,0.0,0,0.0,0,0,0.0,0,0,0,0.001,0,0,0.0,0.0,0.0,0.0,0,0.0,0.0,0.0,0
338,0,0,0,0,0,0,0,0.0,0,0,0.766,0,0.0,0.0,0,0,0,0,1.128,0,0.001,0,0,0,0.0,0.01,0,0,0,0.0,0,0,0.0,0.0,0,0,0,0.0,0.0,1.512
339,0.0,0,0,0,0,0.0,0,0.0,0.0,0,0.0,0,0.0,0.0,3.046,0,0,0.0,0,0.0,0.001,0,4.298,0,0.0,0,0.0,0,0.0,0,0,0.0,0,0.0,0.0,1.248,0.0,0,0.0,0
340,0.001,0.001,0,0.0,0.0,0.0,0.001,0.0,0.001,0.0,0.0,0,0,0,0.093,0,0,0,0,0,0.0,0.0,0.0,0,0.0,0.0,0,0,0.0,0,0.001,0.0,0,0.016,0,0.0,0,0,0.0,0
341,0.0,0,0,0.0,0,0.0,0,0,0,0.0,0,0,0.0,0,0.0,0.0,0.0,0.0,0,0,0,0.001,0,0,0.0,0,0.001,0,0.0,0.0,0.0,0.0,0.0,0,0,0,0.001,0.0,0.0,0.0
342,0,0,0,0,0,0,0,0.0,0.0,0.0,0.0,0,0.001,0.0,0,0.0,0,0.0,0.001,0,0,0,0,0,0.0,0.0,0,0,0,0.003,0,0.0,0.0,0.0,0.001,0.0,0.001,0.0,0.0,0
343,0.0,0,0,0,0,0,0,0.0,0,0,0,2.448,0.001,0.001,0.0,0,0,0.0,0.0,0,0.0,0,0,0,0,0.0,0,0,0,0,0,0.0,0.0,0.0,0.0,0.0,0,0.0,0.0,0
344,0.0,0.0,4.013,0,0.0,0.0,0.0,0.0,0.0,0.0,0.001,0,0,0.0,0,0,0,0,0,1.137,0.0,0.0,0,2.373,0.0,0,0.0,0,0.0,0,0,0.0,0,0.0,0,0.0,0.001,0,0.0,0
345,0,0,0.046,0,0,0.0,0.0,0,0,0.0,0,0,0,0,0,0,0,0,0,0.193,0,0.001,0.0,0.0,0.0,0.001,0.0,0,0,0.0,0.0,0.0,0,0,0,0,0,0,0.0,0
346,0.0,0,0,0,0,0,0,2.654,0.001,0.0,0.0,0.0,0.0,0.005,0.0,0.0,0,0.0,0.0,0.001,1.018,0.0,0,0,0,0,0.0,0,0,0,0.0,0.0,0,0.0,0.0,0.0,0.29,0.0,0.0,0.0
347,0,0,0,2.201,0,0,0,0.157,0,0,0.0,0.0,0.0,0.0,0,0.0,0,0.0,0,0,0,0,0,0.0,0,0.0,0,0,0,0.0,0,0.0,0,0.0,0,0.0,0.001,0.0,0.0,0
348,0.001,0.0,0,0,0,0.0,0,0.001,0,0.002,0.0,0,0.0,0.0,0.0,0,0,0.0,0.0,0.0,0.056,0,0,0,0,0.001,0,2.304,0,0,0,0.0,0,0.0,0.003,0.002,0,0,0.0,0
349,0.0,0.0,0.001,0.0,0,0.0,0.0,0,0,0.001,0.0,0,0,0,0,0,0,0,0,0.0,0.0,0.0,0.0,0.0,0,0,0.0,0.0,1.114,0,0.0,0.001,0.365,0.0,0,0.0,0.0,0,0,0
350,0.0,0,0,0.0,0,0.001,0,0,0,0.0,0,0.0,0.0,0,0.001,0.0,0,0.0,0,0,0,0.001,0,0,2.247,0.0,0.0,0.001,0,0.0,0.0,0.0,0.0,0,0,0,0,0,0.002,0.0
351,0,0,0,0,2.861,0,0,0.0,0.833,0,0.0,0.0,0.0,0.0,0.0,0.0,0,0.0,0.0,0.0,0,0,0,0.0,0.0,0,0,0,0.0,0.0,0,0.0,0.001,0.0,0.0,0.0,0.0,0,0.0,0
352,0.0,0,0,0,0,0,0,0.001,0,0,0,0,0.0,0.0,0.0,0,3.707,0.0,0.0,0.0,0.001,0,0,0,0,0,0,0,0,0,0,0.0,0.001,0,0,0.0,0,0,0.0,0
353,0.001,0.0,0.0,0.0,0.0,0.0,0.0,0.0,0.0,0.0,0.001,0,0.0,0.001,0,0,0,0,0,0,0.0,0,0,0,0.0,0,0.0,0.0,0.002,0,0,0.0,0,0,0.0,0.001,0.0,0,0.0,0
354,0,0,0,0.0,0,0.0,0.0,0,0,0,0.0,0,0,0,0,0,0,0,0,0.001,0.0,0,0.0,0.0,0.0,1.358,0.001,0.001,0.0,0,0.0,0.0,0,0,0,0,0,2.554,0.001,0
355,0.0,0,0,0,0,0,0,0,0.0,0,0,0.0,0.0,0,0.0,0.0,0.0,0,0.0,0.0,0,0,0,0,0.0,0,0.0,0,0.0,0,0.0,0.0,0.001,0,0.0,0.0,0.0,0.0,0.0,0.0
356,0,0,0,0,0,0,0,0.0,0,0,0.0,0.0,0.0,0,0,0.0,0,0,0.001,0,0,0,0,0.0,0.0,0.0,0,0,0,0,0,0.001,0.001,0,0,0.001,0.001,0.0,0,0
357,0,0,0,0,0,0.0,0,0.0,0.0,0,0,0,0.0,0,0.0,0,0,1.03,0.0,0.0,0.0,0,0,0,0.0,0.0,0,0.0,0,0.179,0,0.0,0.0,0,0.001,0.0,0,0,0.0,0
358,0,0.0,0.0,0.0,0.0,0.0,0.001,0.0,0.001,0,0.0,0,0,0,0,0,0,0.031,0,0.0,0.0,0.947,0,0,0.0,0,0.0,0.001,0.0,0,0.001,0.0,0,0.11,0,0.0,0.001,0,0,0
359,0,0,0,0.0,0,0.0,0,0,0,5.006,0,0,0,0,0,0,0.0,0,0,0.0,0.0,0,0.0,0.0,0.0,0.0,0.0,0.0,0,0.0,0,0.0,0.0,0,0,0,0,0,0,0.001
360,1.935,0,0,0,0,0,0,0.001,0.0,0.732,0.0,0.0,0.0,0,0.0,0.0,0,0.0,0,0.0,0,0.001,0,0,0.0,0,0,0,0.001,0,0,0.0,0.001,0.0,0.0,0.0,0.0,0.0,0,0.0
361,0.002,0,0,0,0,0,0,0.0,0,0.569,0.0,0,0.0,0,0,0,0,0,0,0,0,0,0,0.0,0.0,0.001,0,0,0,0.0,0,0.0,0.001,0.0,0,0.0,0,0.0,0,0
362,0.001,0,0,0,0.0,0.0,0,0.001,0.001,0.0,0.0,0,0.0,0,0.0,0,0,0.0,0,0.001,0.0,0,0,0,0.0,0,0,0.0,0.0,0,3.473,0.001,0,0.001,0.0,0,0.0,0,0.075,0
363,0,0.355,0.0,0.0,0,0.079,0.775,0,0,0.002,0.001,0,0,4.585,0,0,0,0,0,0.0,0.0,0.0,0,0.0,0.001,0.0,0,0.001,0.0,0,0.325,0.0,0,0.0,0,0,0,0,0.001,0
364,0.0,0,0,0,0,0,0,0,0.0,0.0,0,0.0,0.0,0.088,0.0,0.001,0.0,0.0,0,0.0,0,0.0,0,0,0.002,0,0.556,0,0.0,0.0,0.0,0.0,0.001,0,0.0,0,0.0,0.0,0.0,0.0
365,0,0,0,0,0,0,0,0.0,0,0,0.095,0.0,0.001,0.001,0.0,0,0,0.0,5.779,0,0,0,0,0.002,0.0,0.0,0,0,0,0.002,0,0.0,0,0.0,0,0,0.0,0.001,0.0,0
366,0.0,0,0,0,0,0.001,0,0.001,0.0,0,0,0,0.0,0,0.0,0,0,0.0,0.089,0.0,0.0,0,0,0,0.001,0.0,0,0,0,0,0,0.0,0.0,0.0,0.001,1.512,0,0,0.0,0
367,0.001,0.0,0,0.0,0.0,0.0,0.0,0.001,0.0,0.001,0.0,0,0.0,0.0,0,0,0,0,0,0,0.001,0.001,4.536,0,0.0,0,0.0,0,0.0,0,0.0,0.0,0,0.0,0,0.0,0.001,0,0,0
368,0.002,0,0,0.0,0,0.0,0,0,0,0.001,0,0,0,0,0,3.682,0.0,0,0,0,0.0,0,0.0,0.034,0.0,0.0,0.0,0,0,0.0,0.0,0.0,0.0,0,0,0,0,0,0.0,0.001
369,0,0,0,0,0,0,0,0.352,0.0,0,0.0,0.0,0.0,0.001,0,0.0,0,0.0,0.0,0.955,0,0.0,0,0,0.002,0,0,0,0.0,0,0,0.0,0.0,0.0,0.0,0.001,0.0,0.001,0.0,0
370,0.0,0,0,0,0,0,0,0,0,0,0.0,0,0.0,0.0,0,0,0,0,0.0,0,0,0,0,0,0.0,0.002,0,0,0,0.001,0,0.001,0,0.002,0,0.0,0,0.0,0.0,0
371,0.001,0.0,4.07,0,0.0,0.0,0.0,0,0.001,0.001,0.0,0,0.0,0.0,1.193,0,0,0.0,0,0.0,0.0,0,0,0,0.0,0,0,0,0.0,0,0,0.0,0,0.0,0.0,0,0,0,0.0,0
372,0,0,0.002,0.0,0,0.0,0.0,0,0,0.001,0.0,0,0,0,0,0,0,0,0,0.0,0,0.0,0.0,0,0.0,0.0,0.0,0,0.001,0,0.0,0.0,0,0.0,0,0.001,0,0,0.0,0
373,0.001,0,0,0,0,0.0,0,0,0,0.0,0,0.0,0.0,0,0.001,0.0,0.495,0.0,0,0.0,0,0.0,0,0.156,0,0,0.0,1.017,0,0.0,0.0,0.0,0,0,0.001,0,0,0.0,0.0,0.0
374,0,0,0,0,0,0,0,0,0.001,0,0.001,0.001,0.0,0.001,0,0.0,0,0.0,0.0,0,0,0,0,0.0,0,0.0,0,0.557,0,0.0,0,0.001,0,0.0,0,0.001,0,0.001,0.0,0
375,0.0,0,0,0,0,0,0,1.957,0,0,0,0,0,0,0.0,0,0,0.0,0.0,0.0,0,0,0,0,0,0.0,0,0,2.05,0,0,0.0,0,0.0,0.001,0.0,0,0,0.001,0
376,0.0,0.001,0.0,0.0,0.0,0.001,0.0,0.0,0.0,0.0,0.0,0,0,0.001,0,0,0,0,0,0,3.787,0.0,0,0,1.735,0,0.0,0.0,0.0,0,0.0,0.0,2.488,0.001,0,0.0,1.918,0,0.0,0
377,0,0,0,0.0,0,0.0,0.0,0,0,0.001,0.0,0,0,0,0,0,0,0,0,0.0,0,0.0,0.001,0.0,0.0,0.0,0.0,0.0,0.0,0.001,0.0,0.0,0.0,0,0,0,0,0,0.0,0
378,0.0,0,0,0,0,0,0,0.0,0.0,0.0,0.001,0.0,2.589,0.0,0.0,0.0,0.0,0.0,0.0,0.0,0.361,0.0,0,0,0.0,0,0.0,0,0.0,0,0,0.0,0.0,0.0,0.0,0.0,0.001,0.0,0.001,0.0
379,0,0,0,0,0,0,0,0,0,0,0.0,0.0,0.0,0.0,0,0.0,0,0.0,0,0,0,0,0,0.0,0.0,0.0,0,0,0,0.0,0,0,0.0,0.0,0,0.0,0,0.0,0.0,0
380,0.0,0,0,0,0,0.001,0,0.0,0.0,0,0.0,0,0.0,0.0,0.0,0,0,0.0,0.0,0.0,0.0,0,0,0,0.0,0.0,0,0.0,0.0,0,0,0.0,0,0.0,0.0,0.0,0,0,0.0,0
381,0.0,0.0,0.0,0.0,0.0,0.0,0.0,0.0,0.0,0.001,0.0,0,0,0.0,0,0,0,0,0,0.0,0.0,0.0,0,0,0.0,0,0.0,0.0,0.0,0,0.0,0.0,0,0.0,0,0.0,0.0,0,0,0
382,0.0,0,0,0.0,0,0.0,0,0,0,0.0,0,0,0.0,0,0.0,0,0.0,0,0,0,0.0,0,0.0,0.0,0.0,0.0,0.0,0.0,0,0.0,0.0,0.0,0.0,0,0,0,0,0.0,0.0,0.0
383,0,0,0,0,0,0,0,0.0,0.0,0,0.0,0.0,0,0.0,0.0,0.0,0,0.0,0.0,0.0,0,0.0,0,0,0.0,0,0,0,0.0,0,0,0.0,0.0,0.0,0.0,0.0,0.0,0.0,0.0,0
384,0.0,0,0,0,0,0,0,0.0,0,0,0.0,0,0.0,0.0,0,0,0,0,0.0,0,0,0,0,0.0,0.0,0.0,0,0,0,0.0,0,0.0,0.0,0.0,0,0.0,0,0.0,0.0,0
385,0.0,0.0,0,0,0.0,0.0,0.0,0.0,0.0,0.0,0.0,0,0.0,0.0,0.0,0,0,0.0,0,0.0,0.0,0,0,0,0.0,0,0,0.0,0.0,0,0,0.0,0,0.0,0.0,0,0.0,0,0.0,0
386,0.0,0.0,0.001,0.0,0,0.0,0.0,0,0.0,0.0,0.0,0,0,0,0,0,0,0,0,0.0,0.0,0.0,0.0,0.0,0.0,0,0.0,0.0,0.0,0,0.0,0.0,0,0.0,0,0.0,0,0,0.0,0
387,0.0,0,0,0.0,0,0.0,0,0,0,0.0,0,0.0,0.0,0,0.0,0.0,0.0,0.0,0,0.0,0,0.0,0,0,0.0,0.0,0.0,0.0,0,0.0,0.0,0.0,0.0,0,0,0,0.0,0.0,0.0,0.0
388,0,0,0,0,0,0,0,0.0,0.0,0,0.0,0.0,0.0,0.0,0.0,0.0,0,0.0,0.0,0,0,0,0,0.0,0.0,0.0,0,0,0.0,0,0,0.0,0.0,0.0,0.0,0.0,0.0,0,0.0,0
389,0.0,0,0,0,0,0,0,0.0,0,0,0,0,0.0,0.0,0.0,0,0,0.0,0.0,0.0,0.0,0,0,0,0.0,0.0,0,0,0,0.0,0,0.0,0.0,0.0,0.0,0.0,0,0.0,0.0,0
390,0.0,0.0,0.0,0.0,0.0,0.0,0.0,0.0,0.0,0.0,0.001,0,0.0,0.0,0,0,0,0,0,0,0.0,0.001,0,0,0.0,0,0.0,0.0,0.0,0,0.0,0.0,0,0.0,0,0.0,0.0,0,0.0,0
391,0,0,0,0.0,0,0.0,0.0,0,0,0.0,0.0,0,0,0,0,0,0,0,0,0.0,0.0,0.0,0.0,0.0,0.0,0.0,0,0.0,0.0,0.0,0.0,0.0,0.0,0,0,0,0,0,0.0,0
392,0.0,0,0,0,0,0,0,0,0.003,0.0,0.0,0.0,0.0,0.0,0.0,0.0,0.0,0.0,0.0,0.0,0,0.0,0,0,0.0,0,0.0,0,0.0,0,0.0,0.0,0.0,0.0,0.0,0.0,0.0,0.0,0.0,0.0
393,0,0,0,0,0,0,0,0.0,0,0,0.0,0.0,0.0,0.0,0,0.0,0,0.0,0.0,0,0,0,0,0.0,0.0,0.0,0,0,0,0.0,0,0.0,0.0,0.0,0,0.0,0,0.0,0.0,0
394,0.0,0,0,0,0,0.0,0,0.0,0.0,0,0,0,0.0,0.002,0.0,0,0,0.0,0.0,0.0,0.0,0,0,0,0.0,0.0,0,0.0,0,0,0,0.0,0,0.0,0.0,0.0,0,0,0.0,0
395,0.0,0.0,0.0,0.0,0.001,0.0,0.0,0.0,0.0,0.0,0.0,0,0,0,0,0,0,0,0,0.0,0.0,0.002,0,0,0.0,0,0.0,0.0,0.0,0,0.0,0.0,0,0.0,0,0.0,0.0,0,0,0
396,0.0,0,0,0.0,0,0.0,0.0,0,0,0.0,0,0,0.0,0,0,0,0.0,0,0,0.0,0.0,0,0.0,0.0,0.0,0.0,0.0,0.003,0,0.0,0.0,0.0,0.0,0,0,0,0,0,0.0,0.0
397,0,0,0,0,0,0,0,0.0,0,0.0,0.0,0.0,0,0.0,0.0,0.0,0,0.0,0.0,0.0,0,0.0,0,0,0.0,0,0,0,0.0,0,0,0.0,0.0,0.0,0.0,0.0,0.0,0.0,0.0,0
398,0.0,0,0,0,0,0,0,0.0,0,0,0.0,0,0.0,0.0,0,0,0,0,0.003,0,0,0,0,0.0,0.0,0.0,0,0,0,0.0,0,0.0,0.0,0.0,0,0.003,0,0.0,0.0,0
399,0.002,0.0,0,0,0.0,0.0,0,0.0,0.0,0.0,0.0,0,0.0,0.0,0.0,0,0,0.0,0,0.0,0.0,0,0,0,0.0,0.0,0,0.0,0.0,0,0,0.0,0,0,0.0,0,0.0,0,0.0,0
400,0.0,0.0,0.0,0.0,0,0.001,0.0,0,0.0,0.0,0.0,0,0,0,0,0,0,0,0,0.0,0.0,0.0,0.0,0.0,0.0,0,0.0,0.001,0.0,0,0.0,0.0,0,0.0,0,0.0,0,0,0.0,0
401,0,0,0,0.0,0,0.0,0,0,0,0.0,0,0.0,0.0,0,0.0,0.0,0.0,0.0,0,0.0,0,0.0,0,0,0.0,0.0,0.0,0,0,0.0,0.0,0.0,0.0,0,0,0,0.0,0.0,0.0,0.0
402,0,0,0,0,0,0,0,0.0,0,0,0.0,0.002,0.0,0.001,0.0,0.0,0,0.0,0.0,0.0,0,0,0,0.0,0.0,0.0,0,0,0.001,0,0,0.0,0.0,0.0,0.0,0.0,0.0,0.0,0.0,0
403,0.0,0,0,0,0,0,0,0.0,0,0,0,0,0.0,0.0,0.0,0,0,0.0,0,0.0,0.0,0,0,0,0.0,0.0,0,0,0,0.0,0,0.0,0.0,0.001,0.0,0,0,0.0,0.0,0
404,0.0,0.0,0,0.0,0.0,0.0,0.0,0.0,0.0,0.0,0.0,0,0.0,0.0,0,0,0,0,0,0,0.0,0,0,0,0.0,0,0.0,0.0,0.0,0,0,0.0,0,0.0,0,0.0,0.0,0,0.0,0
405,0,0,0.0,0.0,0,0,0.0,0,0.003,0.001,0.0,0,0,0,0,0,0,0,0,0.0,0.0,0.0,0.0,0.0,0.0,0.0,0,0.0,0.0,0.0,0.0,0.0,0,0,0,0,0,0,0.0,0
406,0,0,0,0,0,0.0,0,0,0,0.0,0,0.0,0.0,0,0.0,0.0,0.0,0.0,0,0.0,0,0.0,0,0,0.0,0,0.0,0,0,0,0.0,0.0,0.0,0.001,0.0,0.0,0.0,0.0,0.0,0.0
407,0,0,0,0,0,0,0,0.0,0,0,0.0,0,0.0,0.0,0,0.0,0,0.0,0.0,0,0,0,0,0.0,0.0,0.0,0,0,0,0.0,0,0.0,0,0.0,0,0.0,0.0,0.0,0.0,0
408,0.0,0,0,0,0.004,0.0,0,0.0,0.0,0,0,0,0.0,0.0,0.0,0,0,0.0,0.003,0.0,0.0,0,0,0,0.001,0.0,0,0,0,0,0,0.0,0.0,0,0.0,0,0,0,0.0,0
409,0.0,0.0,0.0,0.0,0,0.0,0.0,0.0,0.0,0.0,0.0,0,0,0,0,0,0,0,0,0.0,0.0,0,0,0,0.0,0,0.0,0.0,0.0,0,0.0,0.0,0,0.0,0,0.0,0.0,0,0.003,0
410,0,0,0,0.002,0,0.0,0.0,0,0,0.0,0,0,0,0,0,0,0.0,0,0,0.0,0.0,0.0,0.0,0.0,0.0,0.0,0.0,0,0.004,0.0,0.0,0.0,0.0,0,0,0,0,0,0.0,0.0
411,0,0,0,0,0,0,0,0.0,0,0.0,0.0,0.0,0.0,0,0.0,0.0,0,0.0,0.0,0.001,0,0.0,0,0,0.0,0,0.003,0,0,0,0,0.0,0.0,0.0,0.0,0.0,0.0,0.0,0.0,0.0
412,0,0,0,0,0,0,0,0.0,0,0,0.0,0,0.0,0.0,0,0,0,0,0,0,0,0,0,0.0,0.0,0.0,0,0,0,0.0,0,0,0.0,0.0,0,0.0,0,0.0,0,0
413,0.0,0,0,0,0,0.0,0,0.0,0.0,0,0.0,0,0.0,0.0,0.0,0,0,0.0,0,0.0,0.0,0,0,0,0.0,0.0,0,0.0,0.0,0,0,0.0,0,0,0.0,0,0.0,0,0.0,0
414,0.0,0.0,0.0,0.0,0,0.0,0.0,0,0.0,0.0,0.0,0,0,0,0,0,0,0,0,0.0,0.0,0.0,0.0,0.001,0.0,0,0.0,0.0,0,0,0.0,0.0,0,0.0,0,0.0,0.003,0,0,0
415,0,0,0.004,0.0,0,0.0,0,0,0,0.0,0,0.0,0.0,0.003,0.0,0.0,0.0,0.0,0,0,0.0,0,0,0,0.0,0.0,0.0,0,0,0.0,0.0,0.0,0.0,0,0,0,0.0,0.0,0.0,0.0
416,0,0,0,0,0,0,0,0.0,0,0,0.0,0,0,0.0,0.0,0.0,0,0.0,0.0,0.0,0,0.0,0,0.0,0.0,0.0,0,0,0,0,0,0.002,0.0,0.0,0.0,0.0,0.0,0.0,0.0,0
417,0.0,0,0,0.004,0,0,0,0.0,0,0,0.0,0,0.0,0.0,0.0,0,0,0,0,0,0.0,0,0,0,0.0,0.0,0,0,0,0.002,0,0,0.0,0.0,0.0,0,0,0.0,0,0
418,0.0,0.0,0,0,0,0.0,0.0,0.0,0.0,0,0.0,0,0.0,0.0,0,0,0,0.0,0,0.0,0.0,0,0,0,0.0,0,0.0,0.0,0.0,0,0,0.0,0,0.0,0,0.0,0.0,0,0.0,0
419,0,0.0,0,0.0,0,0,0.0,0,0,0.0,0.0,0,0,0,0,0,0,0,0,0.0,0.0,0.0,0.0,0.0,0.0,0.0,0,0.0,0,0,0.0,0.0,0,0.0,0,0,0,0,0.0,0
420,0,0,0,0,0,0.0,0,0.003,0,0.0,0,0.0,0.0,0,0.0,0.0,0.0,0.0,0,0.0,0,0.0,0,0,0.001,0,0.0,0,0,0,0.0,0.0,0.0,0.0,0.0,0.001,0.0,0.0,0.0,0.0
421,0,0,0,0,0,0,0,0.0,0,0,0.0,0,0.0,0.0,0,0.0,0,0.0,0.0,0,0,0,0,0.0,0.0,0.0,0,0,0,0.0,0,0.0,0,0.0,0,0.0,0.0,0.0,0,0
422,0.0,0,0,0,0,0,0,0.0,0,0,0,0,0.0,0,0.0,0,0,0.0,0,0.0,0.0,0,0,0,0,0.0,0.003,0,0,0,0,0,0.0,0,0.0,0,0,0,0.0,0
423,0.0,0.0,0,0.0,0,0.0,0.0,0.0,0.0,0.0,0.0,0,0.002,0.0,0,0,0,0,0,0,0.0,0,0,0,0.0,0,0.0,0.0,0.0,0,0.0,0.0,0,0.0,0,0.0,0.0,0,0,0
424,0,0,0,0,0,0.0,0.0,0,0,0.0,0.0,0,0,0,0,0,0,0,0,0.0,0.0,0.0,0.0,0.0,0.0,0.0,0,0,0,0,0.0,0.0,0.0,0.003,0,0,0,0,0.0,0
425,0,0,0,0,0,0,0,0.001,0,0.0,0.0,0.0,0.004,0,0.0,0.0,0.0,0.0,0.0,0.0,0,0.0,0,0,0.0,0,0,0,0,0,0,0.0,0.0,0.0,0.0,0.0,0.0,0.0,0.0,0.0
426,0,0,0,0,0,0,0,0,0,0,0.0,0,0.0,0.0,0,0.0,0,0.0,0,0,0,0,0,0.0,0.0,0.0,0,0.003,0,0.0,0,0,0.0,0.003,0,0.0,0,0.0,0,0
427,0.0,0,0,0,0,0.0,0,0.0,0.0,0,0.0,0,0.0,0.001,0.0,0,0,0.0,0,0.0,0.0,0,0,0,0.0,0.0,0,0.0,0.0,0,0,0.0,0,0,0.0,0,0,0.003,0.0,0.003
428,0.0,0.0,0,0.0,0,0.0,0.0,0.0,0.0,0.0,0.0,0,0,0,0,0,0,0,0.003,0,0.0,0.0,0,0,0.0,0,0.0,0.0,0,0,0.0,0.0,0,0.0,0,0.0,0.0,0,0.004,0
429,0,0,0,0,0,0.0,0,0,0,0.0,0,0,0,0.002,0.0,0,0.0,0,0,0.0,0.0,0,0.0,0.0,0.0,0.0,0,0,0,0,0.0,0.0,0.0,0,0,0,0,0.004,0.0,0.0
430,0,0,0,0,0,0,0,0.0,0,0,0.0,0.0,0,0,0.0,0.0,0,0.0,0,0.0,0.003,0.0,0,0.0,0.0,0,0,0,0,0,0,0.0,0.0,0.0,0.0,0.0,0.001,0.0,0,0
431,0.0,0,0,0,0,0,0,0.0,0,0,0.0,0,0.0,0.0,0,0,0,0,0,0,0.003,0,0,0,0.0,0.0,0,0,0,0.0,0.004,0,0.0,0,0,0,0,0,0,0
432,0.0,0.0,0,0,0,0.0,0.0,0.0,0.0,0,0.0,0,0,0.0,0.0,0,0,0.0,0,0.0,0.0,0,0,0,0.0,0,0,0.0,0.0,0,0.003,0.0,0,0.0,0.0,0,0,0,0.0,0
433,0.0,0.0,0,0.0,0,0.0,0.0,0,0.0,0.0,0.0,0,0.004,0,0,0,0,0,0,0.0,0,0.0,0.0,0.002,0.0,0.0,0.0,0.0,0,0,0.0,0.0,0,0.003,0.003,0.0,0,0,0.0,0
434,0,0,0,0,0,0.0,0,0,0,0.0,0,0.0,0.003,0,0.0,0.0,0.0,0.0,0,0.002,0,0.0,0,0,0.0,0,0,0,0,0,0.0,0.0,0.0,0,0,0,0.0,0.0,0.0,0.0
435,0,0,0,0,0,0,0,0.0,0,0,0.0,0,0,0,0.0,0.0,0,0.0,0,0.0,0,0,0,0,0.0,0.0,0,0.004,0,0.0,0,0.0,0.0,0,0,0.0,0.0,0,0,0
436,0.0,0,0,0,0,0,0,0.0,0,0,0,0,0.0,0.0,0.0,0,0,0.0,0,0,0.0,0,0,0,0,0.0,0,0,0,0,0.003,0,0.0,0,0.0,0,0,0,0.003,0
437,0.0,0.0,0,0,0,0.0,0.0,0.0,0.0,0.0,0.0,0.003,0,0.0,0,0,0.003,0,0,0.003,0,0.003,0,0,0.0,0,0.0,0.0,0.0,0,0,0.0,0,0.0,0,0.002,0,0,0.0,0.003
438,0,0,0,0.0,0,0.0,0.0,0,0,0.0,0.0,0,0,0,0,0,0,0,0,0.0,0,0.0,0.0,0.0,0.0,0.0,0,0,0,0,0,0.0,0,0,0,0,0,0,0.0,0
439,0,0,0,0,0,0,0,0,0,0.0,0.004,0,0,0,0.0,0.0,0,0.0,0,0.0,0,0,0,0,0.0,0,0,0,0.003,0,0.0,0.0,0.0,0,0,0,0.0,0.0,0,0
440,0,0,0,0,0,0,0,0.001,0.003,0,0.0,0,0.0,0.0,0,0.0,0,0.0,0,0,0,0,0,0,0.0,0.0,0,0,0,0.0,0,0.0,0.0,0,0,0.0,0,0,0,0
441,0.0,0,0,0,0,0.0,0.003,0.0,0.0,0,0,0,0.0,0.0,0.001,0,0,0.0,0,0,0.0,0,0,0,0.0,0.0,0,0,0,0,0,0.002,0.003,0,0.0,0,0,0,0.0,0
442,0.0,0.0,0,0.0,0,0.0,0,0.0,0,0.0,0.0,0,0,0,0.008,0,0,0,0,0,0,0.0,0,0,0.0,0,0.0,0.0,0,0,0,0.0,0,0.0,0,0.0,0,0,0,0
443,0,0,0,0,0,0.0,0.0,0,0,0.0,0,0,0,0,0,0,0,0,0,0.0,0,0,0.0,0.0,0.0,0.0,0,0,0,0,0.0,0.0,0,0,0,0,0,0,0.0,0
444,0,0,0,0,0,0,0,0.0,0,0.0,0.0,0,0,0,0,0.0,0,0.0,0,0.0,0,0,0,0,0.0,0,0,0,0,0,0,0.0,0.0,0,0,0.0,0.0,0.0,0,0
445,0.0,0,0,0,0,0,0,0.0,0,0,0.0,0,0.0,0.0,0,0.0,0,0.0,0,0,0,0,0,0,0.0,0.0,0,0,0,0.0,0,0,0.0,0,0,0,0,0,0,0
446,0.0,0.0,0,0,0,0.0,0,0.0,0.0,0,0,0,0.0,0.0,0.0,0,0,0.0,0,0,0.002,0,0,0,0.0,0.0,0,0.0,0,0,0,0.0,0,0,0.0,0,0,0,0.0,0
447,0.0,0.0,0,0.0,0,0.0,0.0,0,0,0.0,0.0,0,0,0,0,0,0,0,0,0.0,0,0.0,0.0,0.0,0.0,0,0.0,0.0,0,0,0,0.0,0,0.0,0,0.0,0,0,0.0,0
448,0,0,0,0,0,0.0,0,0,0,0.0,0,0,0,0,0,0,0,0.0,0,0,0,0,0,0,0.0,0.0,0,0.004,0,0,0.0,0.0,0,0,0,0,0.0,0,0.0,0
449,0,0.003,0,0,0,0,0,0.0,0,0,0.0,0,0,0,0,0.0,0,0.0,0,0.0,0,0,0,0,0.0,0.0,0,0,0,0,0,0.0,0.0,0,0,0.0,0.0,0.0,0,0
450,0.0,0,0,0,0,0,0,0.0,0,0,0.0,0,0.0,0.0,0.0,0,0,0,0,0.003,0,0,0,0,0.0,0.0,0,0,0,0.0,0,0,0.0,0,0.0,0,0,0,0,0
451,0.0,0.0,0,0,0,0.0,0.004,0.0,0.0,0,0,0,0,0.0,0,0,0,0.0,0,0,0,0,0,0,0.0,0,0.0,0.0,0,0,0,0.0,0,0.0,0,0.0,0,0,0.0,0
452,0,0,0,0.0,0,0.0,0,0,0,0.0,0.0,0,0,0,0,0,0,0,0,0.001,0,0.0,0.0,0.0,0.0,0.0,0,0,0,0,0,0.0,0,0,0,0,0,0,0.0,0
453,0,0,0,0,0,0,0,0.004,0,0.0,0,0,0,0,0.004,0.0,0,0.0,0,0,0,0,0,0,0.0,0,0,0,0,0,0.0,0.0,0.0,0,0,0,0.0,0.0,0,0
454,0,0,0,0,0,0,0,0.0,0,0,0.0,0,0,0,0,0.0,0,0.0,0,0,0,0,0,0,0.0,0.0,0,0,0,0.0,0,0.0,0,0,0,0.0,0.0,0,0,0
455,0.0,0,0,0,0,0.0,0,0.002,0.0,0,0,0,0.0,0.0,0,0,0,0.0,0,0,0,0,0,0,0,0.0,0,0,0,0,0,0,0.0,0,0.0,0,0,0,0.0,0
456,0.0,0.0,0,0.0,0,0.0,0,0,0,0.0,0,0,0,0.0,0,0.003,0,0,0,0,0,0,0,0,0.0,0,0.0,0.0,0,0,0,0.0,0,0.0,0,0.0,0,0,0,0
457,0,0,0,0,0,0.0,0,0,0,0.0,0.0,0,0,0,0,0,0,0,0,0.0,0,0.0,0.0,0.0,0.0,0.0,0,0,0,0,0.0,0.0,0,0,0,0,0,0,0.0,0
458,0,0,0,0,0,0,0,0.0,0,0.0,0.0,0,0,0,0,0,0,0.0,0,0,0,0,0,0,0.0,0,0,0,0,0,0,0.001,0.0,0,0,0,0.0,0.0,0,0
459,0,0,0,0,0,0,0,0,0,0,0.0,0,0.0,0.0,0,0.0,0,0.0,0,0,0,0,0,0,0.0,0.0,0,0,0,0.0,0,0,0.0,0,0,0.0,0,0,0,0
460,0.0,0,0,0,0,0.0,0,0.0,0.0,0.003,0,0,0.0,0.0,0,0,0,0.0,0,0,0,0,0,0,0.0,0.001,0,0.0,0,0,0,0.0,0,0,0.0,0,0,0,0.002,0
461,0.0,0.0,0,0.0,0,0.0,0,0,0,0.0,0.0,0,0,0,0,0,0,0,0,0,0,0.0,0.0,0,0.0,0.004,0.0,0,0,0,0,0.0,0,0.0,0,0.0,0,0,0,0
462,0.003,0,0,0,0,0.0,0,0,0,0.0,0,0,0,0,0,0,0,0,0,0.0,0,0,0,0.0,0.0,0,0,0,0,0,0.0,0.0,0,0,0,0,0.0,0,0.0,0
463,0,0,0,0,0,0,0,0.0,0,0,0.0,0,0,0,0,0.0,0,0.0,0,0,0,0,0,0,0.0,0,0,0,0,0,0,0.003,0.0,0,0,0.0,0.0,0.0,0,0
464,0,0,0,0,0,0,0,0.0,0,0.004,0.0,0,0.0,0.0,0,0,0,0,0,0,0,0,0.003,0,0.0,0.0,0,0,0,0.0,0,0,0.0,0,0,0,0,0,0,0
465,0.0,0,0,0,0,0.0,0,0,0.0,0,0,0,0,0.0,0,0,0,0.0,0,0,0,0,0,0,0.0,0,0,0.0,0,0,0,0.0,0,0.0,0.0,0.0,0,0,0.0,0
466,0.0,0.0,0,0.0,0,0.0,0,0,0,0.0,0.0,0,0,0,0,0,0,0,0,0.0,0,0.0,0,0.0,0.002,0,0.0,0,0,0,0,0.0,0,0,0,0,0,0,0.0,0
467,0,0,0,0,0,0.0,0,0,0,0.0,0,0,0,0,0,0,0,0.0,0,0,0,0,0,0,0.0,0,0,0.004,0,0,0.0,0.002,0,0,0,0,0.0,0.0,0,0
468,0,0,0,0,0,0,0,0.0,0,0,0.0,0,0,0,0,0.0,0,0.0,0,0,0,0.003,0,0,0.0,0,0,0,0,0.0,0,0,0.0,0,0,0.0,0.0,0,0,0
469,0,0,0,0,0,0,0,0.0,0,0,0.0,0,0.0,0.0,0,0,0,0,0,0,0,0,0,0,0,0.0,0,0,0,0,0,0,0.0,0,0.0,0,0,0,0,0
470,0.0,0.0,0,0.0,0,0.0,0,0,0.0,0.0,0,0,0,0.0,0,0,0,0.0,0,0,0,0,0,0,0.001,0,0.0,0,0,0,0,0.0,0.003,0.0,0,0.0,0.003,0,0.0,0
471,0,0,0,0,0,0.0,0,0,0,0,0.0,0,0,0,0,0,0,0,0,0.0,0,0,0,0.0,0.002,0,0,0,0,0,0.0,0.0,0,0,0,0,0,0,0.0,0
472,0,0,0,0,0,0,0,0.0,0,0.0,0,0,0,0,0,0,0,0.0,0,0,0,0,0,0,0.0,0,0,0,0,0,0,0.0,0,0,0,0.005,0.0,0.0,0,0
473,0,0,0,0,0,0.004,0,0,0,0,0.0,0,0.0,0.0,0,0.0,0,0.0,0,0,0,0,0,0,0.0,0,0,0,0,0.0,0,0,0.0,0,0,0.0,0,0,0,0
474,0.001,0.003,0,0,0,0.0,0,0.0,0.0,0,0,0,0.0,0.0,0,0,0,0.0,0,0,0,0,0,0,0,0.0,0,0,0,0,0,0,0,0,0.0,0,0,0,0.0,0
475,0.0,0,0,0.0,0,0,0,0,0,0.0,0.0,0,0,0,0,0,0,0,0,0,0,0,0,0,0.0,0,0.0,0,0,0,0,0.0,0,0.0,0,0,0,0,0,0
476,0.004,0,0,0,0,0.002,0,0,0,0,0,0,0,0,0,0,0,0,0,0.0,0,0,0,0.0,0,0,0,0,0,0,0.0,0.0,0,0,0,0,0,0.003,0.0,0
477,0,0,0,0,0,0,0,0.0,0,0.0,0.0,0,0,0,0,0,0,0.0,0,0,0,0,0,0,0.0,0,0,0,0,0,0,0,0,0,0,0.0,0.0,0,0,0
478,0,0,0,0,0,0.004,0,0,0,0,0.0,0,0.0,0.0,0,0.0,0,0.0,0,0,0,0,0,0,0.0,0,0,0,0,0.001,0,0,0.0,0,0,0,0,0,0,0
479,0,0,0,0,0,0,0,0.002,0.0,0,0,0,0.0,0.0,0,0,0,0.002,0,0,0,0,0,0,0,0.0,0,0,0,0,0,0.0,0,0.0,0.0,0,0,0,0.0,0
480,0.0,0,0,0.0,0,0,0,0,0,0.0,0.0,0,0,0,0,0,0,0,0,0.0,0,0,0,0.0,0.0,0,0.0,0,0,0,0,0.0,0,0,0.003,0,0,0,0.0,0
481,0,0,0,0,0,0,0,0,0,0.0,0,0,0,0,0,0,0,0.0,0,0,0,0,0,0,0.0,0,0,0,0,0,0.0,0.0,0,0,0,0,0.0,0,0,0
482,0,0,0,0,0,0,0,0,0,0.003,0.0,0,0,0,0,0.0,0,0,0,0,0,0,0,0,0,0,0,0,0,0,0,0,0,0,0,0.0,0,0,0,0
483,0,0,0,0,0,0,0,0.0,0,0,0.0,0,0.0,0.0,0,0,0,0,0,0,0,0,0,0,0.001,0.0,0,0,0,0.0,0,0,0.0,0,0,0,0,0,0,0
484,0.0,0,0,0,0,0,0,0,0.0,0,0,0,0,0.0,0,0,0,0.0,0,0,0,0,0,0,0,0,0.0,0,0,0,0,0.0,0,0.0,0,0,0,0,0.0,0
485,0,0,0,0.0,0,0,0,0,0,0,0.0,0,0,0.004,0,0,0,0.004,0,0.0,0,0,0,0.0,0.0,0,0,0,0,0,0.0,0.0,0,0,0,0,0,0,0.0,0
486,0,0,0,0,0,0,0,0,0,0.0,0,0,0,0,0,0,0,0.0,0,0,0,0,0,0,0.0,0,0,0,0,0,0,0.001,0,0,0,0,0.0,0,0,0
487,0,0,0,0,0,0,0,0,0,0,0.0,0,0,0,0,0.0,0,0,0,0,0,0,0,0,0.0,0,0,0,0,0.0,0,0.003,0.0,0,0,0.0,0,0,0,0
488,0,0,0,0,0,0,0,0.0,0.0,0,0,0,0.0,0,0,0,0,0.004,0,0,0,0,0,0,0.002,0.0,0,0,0,0,0,0,0,0,0,0,0,0,0.0,0
489,0.0,0,0,0.0,0,0,0,0,0,0,0,0,0,0.0,0,0,0,0,0,0,0,0,0,0,0,0,0.0,0,0,0,0,0,0,0.0,0,0,0,0,0,0
490,0,0,0,0,0,0,0,0,0,0,0.0,0,0.004,0,0,0,0,0,0,0.0,0,0,0,0.0,0.0,0,0,0,0,0,0.0,0.0,0,0,0,0,0,0,0.002,0
491,0.002,0,0,0,0,0,0,0,0,0.0,0.002,0,0,0,0,0,0,0,0,0,0,0,0,0,0,0,0,0,0,0,0,0,0,0,0,0.0,0.0,0,0,0
492,0,0,0,0,0,0,0,0,0,0,0.0,0,0.0,0,0,0.0,0,0,0,0,0,0,0,0,0.0,0,0,0,0,0.0,0,0,0.0,0,0,0,0,0,0.004,0
493,0,0,0,0,0,0,0,0.0,0.0,0,0,0,0,0.0,0,0.003,0,0,0,0,0,0,0,0,0,0.0,0,0,0,0,0,0,0,0.0,0,0.003,0,0,0,0
494,0,0,0,0.0,Null,0,0,0,0,0,0.003,0,0,0,0,0,0,0,0,0,0,0,0,0.0,0.0,0.003,0.0,0,0,0,0,0,0,0,0,0,0,0,0,0
495,0,0,0,0,Null,0,0,0,0.003,0.0,0,Null,0,0,0,Null,0,0,0,0.0,0,0,0,0,0,0,0,0,0,0,0.0,0.0,0,0,0,0,0.0,0,0,0
496,0,0,0,0.003,Null,Null,Null,0,0,0,0.0,Null,0,0,0,Null,0,0,Null,0,0,0,0,0,0,0,0,0,0,0,0.003,0,0,0,Null,0,0,0,0,Null
497,0,Null,0,Null,Null,Null,Null,0.0,Null,0,0,Null,0.0,0,0,Null,Null,0,Null,0,0,0,0,Null,0.0,0,0,0,0,Null,0,0,Null,0,Null,Null,0,0,0,Null