op_wip,aceph01_ceph-osd.0.asok.txt,aceph01_ceph-osd.1.asok.txt,aceph01_ceph-osd.2.asok.txt,aceph01_ceph-osd.3.asok.txt,aceph01_ceph-osd.4.asok.txt,aceph01_ceph-osd.5.asok.txt,aceph01_ceph-osd.6.asok.txt,aceph01_ceph-osd.7.asok.txt,aceph01_ceph-osd.8.asok.txt,aceph01_ceph-osd.9.asok.txt,aceph02_ceph-osd.10.asok.txt,aceph02_ceph-osd.11.asok.txt,aceph02_ceph-osd.12.asok.txt,aceph02_ceph-osd.13.asok.txt,aceph02_ceph-osd.14.asok.txt,aceph02_ceph-osd.15.asok.txt,aceph02_ceph-osd.16.asok.txt,aceph02_ceph-osd.17.asok.txt,aceph02_ceph-osd.18.asok.txt,aceph02_ceph-osd.19.asok.txt,aceph03_ceph-osd.20.asok.txt,aceph03_ceph-osd.21.asok.txt,aceph03_ceph-osd.22.asok.txt,aceph03_ceph-osd.23.asok.txt,aceph03_ceph-osd.24.asok.txt,aceph03_ceph-osd.25.asok.txt,aceph03_ceph-osd.26.asok.txt,aceph03_ceph-osd.27.asok.txt,aceph03_ceph-osd.28.asok.txt,aceph03_ceph-osd.29.asok.txt,aceph04_ceph-osd.30.asok.txt,aceph04_ceph-osd.31.asok.txt,aceph04_ceph-osd.32.asok.txt,aceph04_ceph-osd.33.asok.txt,aceph04_ceph-osd.34.asok.txt,aceph04_ceph-osd.35.asok.txt,aceph04_ceph-osd.36.asok.txt,aceph04_ceph-osd.37.asok.txt,aceph04_ceph-osd.38.asok.txt,aceph04_ceph-osd.39.asok.txt
0,0,0,0,0,0,0,0,0,0,0,0,0,0,0,0,0,0,0,0,0,0,0,0,0,0,0,0,0,0,0,0,0,0,0,0,0,0,0,0,0
1,1,1,1,1,1,1,1,1,2,1,1,1,1,1,2,1,1,1,2,1,1,1,1,1,1,1,1,1,1,1,1,1,1,1,2,1,1,1,1,1
2,2,1,1,1,0,2,2,0,0,0,0,1,1,1,1,0,1,1,1,0,1,1,1,3,1,1,1,0,1,0,1,2,0,1,1,0,1,1,1,0
3,1,1,2,2,0,0,0,1,0,1,1,1,0,1,3,0,2,0,1,0,0,0,0,0,1,2,0,0,0,0,1,0,1,0,0,0,1,1,0,0
4,1,0,2,1,1,0,1,0,0,2,0,0,1,1,1,0,1,2,1,0,6,1,1,1,1,0,1,1,5,1,0,0,1,0,1,0,1,1,2,0
5,1,1,1,1,1,1,0,0,1,2,0,0,0,1,0,0,0,0,0,0,0,1,1,0,1,1,0,0,3,1,1,1,0,0,0,0,5,1,1,0
6,1,1,1,1,1,0,1,1,1,4,1,0,2,0,1,0,0,0,0,0,3,1,0,1,1,6,0,0,3,1,0,0,0,0,0,1,0,1,0,0
7,1,0,0,0,0,0,0,0,0,4,1,1,2,0,0,1,0,0,0,0,1,0,0,1,1,1,0,1,3,0,0,1,0,1,0,1,0,1,5,1
8,1,0,0,1,0,0,1,0,1,0,0,0,1,1,0,0,1,1,0,0,0,0,1,0,1,0,1,0,1,0,0,1,0,0,0,0,0,1,1,0
9,0,0,0,0,0,0,1,0,1,3,0,0,0,0,0,0,0,1,0,1,5,0,2,0,0,0,0,0,0,0,0,0,0,0,0,1,0,1,0,0
10,0,0,0,0,0,0,0,0,1,3,0,0,0,3,0,0,3,0,0,0,0,1,0,0,0,0,0,0,0,0,0,0,0,0,0,0,0,1,0,0
11,7,0,0,0,0,0,0,0,1,0,4,0,6,3,0,0,0,0,0,0,0,0,0,0,0,0,0,0,0,0,0,0,0,2,0,0,0,1,0,0
12,7,0,0,0,0,0,0,0,1,0,4,0,6,3,0,0,0,0,0,1,0,0,0,0,0,0,0,0,0,0,0,0,0,2,0,0,0,1,0,0
13,7,0,0,0,0,0,0,0,1,0,4,0,6,3,0,0,0,0,0,0,0,0,0,0,0,0,0,0,0,0,0,0,0,2,0,0,0,1,0,0
14,7,0,0,0,0,0,0,0,1,0,4,0,6,3,0,0,0,0,0,0,0,0,0,0,0,0,0,0,0,0,0,0,1,0,1,0,0,1,0,1
15,7,0,0,0,0,1,0,0,1,0,4,1,6,1,0,0,0,0,1,0,0,0,0,0,0,8,0,0,0,0,1,0,0,0,0,0,1,1,0,0
16,2,0,0,0,0,0,0,0,1,3,0,0,0,1,1,0,0,0,0,0,0,1,1,0,0,0,0,2,6,1,0,0,0,0,0,1,1,1,1,0
17,2,0,0,1,0,2,0,0,1,0,0,0,0,1,0,0,0,0,0,0,0,0,0,0,3,1,0,0,0,1,0,2,0,1,0,0,0,0,1,0
18,2,0,0,0,2,1,0,0,1,0,3,0,2,1,0,0,0,1,1,0,1,0,0,0,0,0,0,1,1,1,0,0,2,1,0,0,0,0,0,0
19,2,0,0,0,0,2,0,1,0,1,4,0,2,2,1,0,0,0,2,0,0,1,1,0,0,0,1,4,0,1,0,0,1,3,0,0,0,0,0,0
20,2,0,0,0,0,1,0,0,0,0,0,0,0,2,0,0,0,0,3,1,0,0,1,0,0,1,1,0,0,1,0,0,1,3,0,0,0,0,0,1
21,1,0,0,0,0,5,0,0,0,1,1,0,0,2,0,0,0,0,1,1,0,0,0,0,0,0,2,0,2,1,2,0,0,3,1,0,0,0,1,2
22,1,1,0,0,0,1,0,0,0,5,6,0,0,2,0,0,0,0,1,1,1,1,0,0,0,0,1,0,0,3,3,0,0,0,0,1,1,0,1,2
23,0,4,0,0,0,0,0,0,0,0,3,0,0,0,1,0,0,0,1,1,0,0,1,0,0,0,1,0,1,2,1,0,0,0,0,2,0,0,0,0
24,0,0,0,0,0,0,2,0,0,0,1,0,0,7,1,0,0,0,1,1,0,2,1,0,0,0,0,1,1,2,0,0,1,0,0,2,1,0,0,0
25,0,0,0,0,0,1,2,0,2,2,0,0,0,7,1,0,0,0,1,1,0,1,1,0,0,0,4,0,0,0,0,0,0,0,0,2,1,0,3,7
26,0,0,0,0,0,2,2,4,2,2,0,2,0,0,1,0,0,0,1,1,0,1,1,0,0,1,4,0,0,0,1,0,0,0,0,2,0,0,3,5
27,0,3,1,0,0,4,2,0,0,0,0,2,0,0,1,1,0,0,2,0,0,0,2,0,0,0,1,1,3,0,0,1,1,0,0,2,0,0,1,0
28,0,3,1,0,0,1,2,2,0,0,0,2,0,0,1,2,0,0,0,1,0,4,3,0,0,0,0,1,1,3,0,0,2,0,0,2,0,0,0,0
29,6,0,1,0,0,0,0,4,0,0,0,2,0,1,1,2,4,1,1,2,0,0,0,0,0,3,0,1,0,0,0,0,2,0,0,0,0,0,0,0
30,1,4,1,0,0,1,0,2,1,1,0,2,0,0,1,1,1,0,0,0,0,0,0,0,0,0,0,3,0,0,0,0,0,0,0,0,2,1,0,0
31,3,0,1,0,3,0,0,2,0,5,0,2,0,0,0,1,1,0,0,0,0,0,0,0,0,0,1,3,0,0,0,0,1,0,0,0,2,0,0,0
32,0,0,1,0,0,0,0,1,0,5,0,2,0,0,0,2,0,0,1,0,0,0,2,0,5,0,1,3,0,0,0,0,2,0,0,0,0,0,0,0
33,0,0,1,0,0,0,0,0,0,0,0,1,0,0,0,0,0,0,0,0,1,2,10,1,0,0,0,3,4,0,0,0,0,0,0,0,1,0,0,0
34,0,4,1,0,0,1,0,0,0,5,1,0,0,0,0,0,1,3,0,1,2,4,9,1,2,0,0,3,0,0,0,0,0,0,0,0,1,0,0,0
35,0,0,1,0,0,1,2,0,0,0,0,0,1,0,0,0,4,0,2,0,2,0,0,1,0,0,0,3,1,0,0,0,0,0,0,0,0,2,1,0
36,0,0,0,1,0,1,0,0,1,1,2,0,1,0,0,0,1,0,0,0,1,0,0,5,1,0,0,3,1,0,0,3,0,0,0,0,0,1,1,0
37,0,0,0,3,0,1,2,0,1,1,0,0,1,0,0,0,1,0,0,0,1,0,2,1,0,0,0,1,1,0,0,1,1,0,0,0,0,1,0,0
38,2,0,0,0,0,0,1,2,1,1,1,1,1,3,0,1,1,0,1,2,0,0,0,0,0,1,0,2,1,0,0,3,2,0,0,1,0,1,0,0
39,0,0,1,4,0,0,0,6,1,1,0,5,1,0,0,0,1,0,0,0,3,0,0,0,0,1,1,7,1,1,0,0,0,1,0,1,0,0,0,1
40,0,1,0,0,1,0,1,0,1,0,1,0,0,2,1,0,4,1,0,0,1,1,0,0,0,0,1,0,0,1,2,1,0,1,0,2,0,0,0,0
41,2,0,0,0,0,2,0,0,1,0,0,0,0,2,1,0,1,1,0,0,4,1,0,0,0,0,3,0,0,1,3,0,0,2,0,0,0,1,1,0
42,2,3,3,1,0,2,0,2,0,0,0,0,0,2,5,0,0,0,0,0,0,1,0,0,0,0,1,0,1,1,0,0,0,0,0,0,0,1,0,0
43,1,0,2,0,2,0,0,2,0,0,0,0,0,2,0,0,0,0,0,0,0,1,0,0,0,0,0,0,1,1,0,0,0,0,1,0,0,1,2,0
44,1,0,2,0,2,2,0,1,0,0,0,0,0,2,0,0,0,0,0,0,3,1,0,0,0,0,0,2,0,1,0,0,0,0,1,0,0,1,2,0
45,1,1,0,0,0,2,0,0,0,1,4,0,0,0,0,0,0,0,0,0,2,1,0,0,0,0,0,0,0,1,0,0,0,1,1,4,0,0,2,0
46,1,0,1,0,4,2,0,0,0,1,0,0,0,0,0,0,1,0,1,1,3,0,1,0,0,0,0,6,0,0,0,0,0,2,1,0,0,0,2,0
47,0,0,0,0,2,2,3,0,0,1,0,0,0,0,2,0,0,0,1,2,3,0,1,0,0,0,0,0,0,0,0,0,0,0,1,0,0,0,2,1
48,0,0,0,0,2,3,3,0,0,1,0,0,0,0,2,0,0,0,1,2,3,0,1,0,0,0,0,0,0,0,0,0,7,0,0,0,0,0,2,0
49,0,0,0,0,0,3,4,0,0,1,0,0,0,0,0,0,0,0,3,2,0,0,1,0,0,0,0,0,0,0,0,0,3,0,4,0,1,0,2,2
50,0,1,0,0,0,0,0,0,0,2,0,0,0,3,0,0,0,0,0,2,0,0,0,0,0,0,0,1,1,0,0,0,0,1,2,1,0,0,2,2
51,0,1,0,0,0,0,2,0,0,0,1,0,1,0,3,0,0,1,0,2,0,1,0,1,2,0,0,0,2,0,8,1,0,0,1,1,0,0,2,2
52,0,1,0,0,0,2,0,0,1,0,2,0,0,0,3,1,0,0,0,2,0,0,0,1,0,0,3,0,0,3,0,0,0,0,0,1,3,0,3,1
53,0,0,0,0,0,0,1,0,0,0,0,0,0,0,3,3,0,0,0,3,0,2,1,1,6,0,0,1,0,0,1,2,0,0,0,1,1,1,0,0
54,1,3,3,0,0,0,1,0,0,1,0,0,2,1,1,3,0,0,0,0,0,0,0,0,0,2,0,1,0,0,1,2,0,0,0,1,0,0,2,0
55,0,0,3,2,0,0,0,4,0,1,0,0,0,0,2,1,1,1,4,0,0,0,0,0,0,1,3,1,0,0,0,4,1,0,3,1,0,0,0,2
56,0,1,3,3,1,5,3,1,0,0,0,1,1,0,3,1,0,1,0,0,0,0,0,0,0,0,2,1,0,0,0,2,1,0,0,1,0,0,0,0
57,0,0,3,0,0,0,0,1,0,0,0,2,0,0,0,3,0,0,0,0,0,0,0,2,0,0,0,1,0,0,0,2,1,0,0,0,3,1,2,0
58,0,0,0,0,0,0,0,1,0,0,0,2,0,0,0,3,3,0,0,0,5,0,1,1,1,0,0,1,2,0,3,0,1,2,0,1,2,0,1,2
59,0,0,2,1,0,0,2,1,0,0,1,2,3,0,0,0,4,0,0,5,5,0,2,0,1,0,0,1,1,0,0,0,1,2,3,1,0,0,0,0
60,0,0,5,0,1,0,0,1,2,0,0,1,1,0,0,0,0,1,0,0,2,1,0,0,1,0,0,8,1,0,0,0,1,0,0,0,0,0,0,0
61,4,0,0,0,0,0,0,0,0,0,0,1,2,0,0,1,2,0,0,0,0,0,0,0,1,0,0,0,1,0,0,0,0,0,0,0,0,2,0,0
62,0,0,0,0,0,0,2,0,1,0,0,0,1,0,0,0,1,0,1,0,1,0,0,0,1,0,0,0,1,0,1,0,0,0,0,1,2,1,0,0
63,0,5,0,0,0,0,2,2,0,0,0,0,2,0,0,0,2,0,1,11,1,0,0,1,2,0,0,0,1,0,0,0,0,0,0,0,0,1,0,3
64,3,0,0,2,0,0,0,1,3,0,1,0,2,0,0,0,2,0,0,0,1,0,1,0,1,2,1,0,1,0,0,4,0,1,0,1,0,1,0,0
65,1,0,1,3,0,0,0,0,3,0,0,0,2,0,0,0,4,0,0,0,2,0,0,0,0,1,0,0,0,1,0,0,0,2,1,0,0,1,0,0
66,0,0,0,3,1,0,0,1,3,0,5,0,3,0,0,1,0,0,0,0,4,1,0,0,0,2,0,0,0,1,0,3,0,2,0,0,1,1,3,0
67,1,0,0,0,1,1,0,7,1,0,0,0,0,0,0,0,4,0,1,0,2,3,0,3,1,12,0,0,0,1,0,0,0,0,0,0,0,3,0,0
68,0,0,0,0,1,0,0,8,1,0,0,0,0,0,0,0,0,0,0,0,2,3,3,0,0,1,0,0,0,0,0,0,0,0,0,0,0,3,0,0
69,1,0,0,0,1,1,0,0,1,1,0,0,0,0,0,0,0,1,2,0,0,3,0,0,8,0,0,1,0,1,0,0,0,0,3,0,0,3,0,0
70,1,0,0,0,1,0,0,0,0,1,0,1,0,0,0,0,0,6,0,0,1,3,0,0,0,0,0,6,0,1,0,0,1,0,2,0,0,3,0,0
71,1,0,0,0,1,0,0,0,0,1,0,3,0,0,6,0,0,1,0,0,0,3,0,0,2,3,8,0,0,1,0,0,0,2,2,0,0,0,3,1
72,1,0,0,0,0,1,0,1,0,1,0,0,0,1,0,0,0,2,0,0,2,0,0,3,2,0,0,0,0,1,1,0,0,0,2,0,1,0,2,0
73,1,0,0,0,0,1,0,1,0,1,1,0,3,1,0,1,1,0,2,0,1,2,0,1,0,3,0,0,0,1,1,0,4,0,1,0,0,1,1,0
74,0,0,0,0,0,1,0,0,0,1,0,1,0,1,0,0,0,0,1,1,1,0,0,0,0,0,1,1,0,0,3,0,0,0,1,0,0,0,1,1
75,0,1,1,0,0,1,0,0,0,1,0,0,0,1,2,0,3,0,1,1,1,2,3,0,1,0,3,0,0,0,1,0,0,0,1,0,0,0,0,0
76,0,2,1,0,0,1,0,0,1,2,3,0,0,1,1,0,1,0,1,1,1,0,1,0,0,0,3,5,1,1,1,1,1,0,1,0,0,0,0,0
77,0,2,0,0,0,2,0,0,0,0,0,0,0,0,1,2,0,0,1,1,0,0,0,1,2,0,3,1,1,0,1,0,0,0,2,1,0,0,3,3
78,4,2,0,0,0,2,0,0,0,0,4,0,0,0,1,0,0,0,0,1,1,2,0,0,1,1,0,0,0,0,0,0,0,2,0,1,0,0,0,3
79,0,0,0,0,1,5,0,0,0,0,1,0,1,1,1,0,1,0,6,3,0,0,1,1,0,0,0,1,0,1,0,2,0,1,2,1,2,0,0,0
80,0,0,0,0,0,0,0,0,0,0,0,0,1,0,1,1,0,0,0,3,0,1,3,3,0,0,0,0,0,0,0,2,0,0,1,1,0,0,0,0
81,0,0,1,1,0,2,2,1,0,0,0,1,0,0,1,2,0,8,0,0,0,0,0,3,1,0,0,0,0,0,0,3,0,0,0,1,0,0,0,0
82,1,4,2,0,0,0,0,0,2,0,0,1,1,0,2,1,1,1,0,3,3,7,2,3,0,1,0,2,0,0,3,2,2,1,0,1,0,0,1,0
83,0,0,2,1,0,0,0,1,0,0,0,0,0,0,1,1,0,1,1,1,1,0,3,3,0,0,0,1,0,0,0,2,2,0,0,1,2,1,0,0
84,3,7,1,0,0,0,0,7,6,2,0,0,0,0,0,0,1,0,0,0,0,0,1,1,0,0,0,1,0,1,0,0,2,1,0,1,1,0,1,0
85,0,0,3,4,0,0,0,7,0,0,0,2,0,0,0,1,2,0,0,1,1,0,0,0,1,0,0,0,3,0,0,4,2,0,0,0,0,2,0,1
86,0,0,0,1,0,0,0,7,0,1,2,0,0,1,0,1,0,0,0,0,1,2,0,1,1,0,1,1,1,0,3,0,2,1,0,0,0,0,0,0
87,0,0,0,1,1,0,0,7,0,3,4,0,0,0,0,2,0,0,0,0,1,0,0,0,0,0,0,0,1,0,0,0,2,0,0,0,1,0,0,3
88,0,0,0,1,0,5,0,7,0,0,0,0,2,0,0,0,1,0,0,0,1,0,0,0,2,0,0,0,1,0,0,0,0,0,0,0,0,0,2,0
89,0,1,0,1,0,0,0,0,0,0,0,0,2,0,0,0,2,0,1,0,0,0,0,1,1,0,0,0,1,0,1,0,0,1,0,0,1,0,0,0
90,1,0,0,1,0,1,1,5,1,0,2,0,1,0,1,0,2,1,0,1,0,1,0,2,0,0,0,0,1,0,1,2,0,0,6,1,0,1,1,0
91,0,0,0,1,0,0,0,1,1,0,0,3,1,0,0,0,5,0,1,0,1,0,0,0,1,0,0,0,0,0,2,1,0,1,0,0,0,1,0,0
92,0,1,0,2,1,0,4,0,1,0,0,0,1,0,0,0,0,0,0,0,0,0,1,0,3,3,0,1,0,0,0,1,0,0,0,1,5,1,1,0
93,0,0,0,0,1,0,0,0,1,0,0,0,0,1,3,0,1,0,0,0,0,1,0,0,0,1,0,0,0,4,0,0,0,1,0,0,0,1,0,0
94,0,0,0,0,1,1,0,0,1,0,0,0,1,1,0,0,0,0,0,0,0,1,0,0,0,1,0,0,0,0,0,0,1,1,0,0,0,1,0,0
95,0,0,4,0,1,0,0,1,1,0,0,0,0,2,0,0,0,0,1,0,0,0,0,0,0,1,0,0,0,3,1,0,0,2,0,0,1,0,0,0
96,1,0,2,0,1,0,0,0,1,1,0,0,0,2,4,0,1,1,1,0,2,1,0,0,0,1,1,0,2,0,0,1,0,2,1,1,0,1,0,0
97,1,0,0,0,0,0,0,0,0,2,0,0,0,1,0,0,0,2,0,2,0,1,0,0,0,1,0,0,0,1,0,0,0,1,3,0,0,0,0,0
98,2,7,0,0,1,2,0,0,0,2,0,1,0,1,0,0,0,1,1,0,1,1,0,0,0,0,0,0,0,1,1,0,0,1,3,0,1,0,0,0
99,2,0,1,0,0,1,0,0,1,2,0,2,4,1,0,0,0,0,0,3,0,0,1,0,0,0,0,1,0,5,1,0,0,2,3,0,0,0,1,0
100,2,0,0,1,0,1,0,0,0,2,3,0,0,0,0,0,0,0,0,1,6,0,0,1,0,0,0,0,0,0,1,0,0,0,3,0,0,0,2,0
101,2,1,2,1,1,2,3,0,5,2,3,0,0,1,0,0,0,0,0,2,2,0,1,0,6,1,0,0,0,0,0,0,0,0,0,0,0,0,2,1
102,2,1,2,0,0,2,0,0,0,2,2,0,0,1,0,1,0,0,1,2,0,0,1,1,8,1,0,0,0,0,1,5,0,0,1,0,4,0,2,2
103,1,2,1,0,1,2,1,0,0,0,3,0,1,0,1,1,3,0,1,2,0,7,3,0,0,0,1,0,0,2,6,4,0,1,0,1,1,0,0,2
104,0,1,0,0,3,2,0,3,2,0,3,0,1,0,1,0,0,1,1,1,0,1,1,1,0,0,2,0,3,1,1,1,0,1,1,1,0,0,1,0
105,0,1,4,1,0,2,1,0,2,0,1,0,0,0,1,0,0,0,1,4,1,0,1,0,0,0,2,0,0,0,0,0,0,0,0,1,0,1,2,4
106,0,1,0,0,0,1,1,0,0,0,1,0,2,8,1,1,0,3,1,0,0,0,2,2,0,2,2,0,6,2,0,0,0,0,0,0,2,1,0,0
107,1,1,7,0,0,8,1,1,0,4,0,1,0,1,1,1,0,0,0,1,0,0,3,1,0,1,2,0,0,0,1,0,0,0,0,1,0,0,0,1
108,0,0,1,0,2,0,2,1,0,2,0,1,1,0,0,2,0,0,0,5,0,0,1,1,0,0,0,1,0,4,0,1,0,0,0,1,0,4,0,0
109,0,0,1,0,4,0,3,0,0,0,0,0,0,2,2,1,1,1,0,0,0,0,1,1,0,0,0,1,0,1,1,1,1,3,0,2,1,0,1,1
110,0,0,1,2,0,0,0,1,0,0,0,1,0,0,2,0,0,0,0,0,1,0,0,2,0,3,0,2,0,0,0,1,2,1,0,1,3,2,0,0
111,3,0,1,2,0,0,0,2,0,0,0,2,0,0,3,0,0,0,0,1,0,1,0,2,0,0,0,4,0,3,0,1,2,0,0,0,3,0,0,1
112,0,0,1,0,1,0,0,1,0,0,0,0,0,0,0,3,4,2,1,0,1,0,1,2,0,0,2,0,0,4,0,0,2,0,0,0,3,0,0,0
113,0,0,0,0,0,0,1,1,1,0,1,0,0,0,0,3,0,0,0,0,1,1,0,0,1,0,0,0,1,0,0,0,0,0,0,0,3,0,0,0
114,2,1,3,0,0,2,0,1,0,0,6,0,0,1,2,0,0,0,0,0,1,1,0,2,1,0,0,0,1,0,0,0,3,0,1,0,3,0,0,0
115,1,0,1,1,0,0,0,2,0,0,0,0,1,1,0,1,3,0,1,0,1,0,0,2,2,0,0,0,0,0,1,0,3,0,0,0,2,0,0,0
116,0,0,1,1,0,1,0,0,0,2,0,0,1,0,0,5,3,1,0,0,1,3,2,4,2,0,0,0,2,0,0,0,2,0,0,1,7,0,0,0
117,0,0,0,1,0,1,0,3,0,0,0,0,1,3,0,0,1,0,0,0,1,0,1,0,1,0,0,0,1,1,0,0,2,0,0,2,7,3,1,0
118,0,0,0,1,0,0,0,0,1,5,0,3,1,0,0,1,1,0,0,0,0,1,0,0,2,1,0,0,1,0,0,0,0,0,1,0,0,1,0,0
119,2,0,2,0,0,0,1,1,5,0,0,0,1,0,0,0,1,0,1,0,1,0,0,1,1,1,0,0,0,0,1,0,0,2,0,0,0,0,1,0
120,0,0,4,0,0,0,0,0,5,1,0,2,4,0,0,0,0,0,0,0,0,1,1,0,0,2,3,0,0,0,0,1,0,2,0,0,0,2,1,1
121,0,0,0,0,1,0,0,0,5,0,0,0,0,0,0,0,0,0,0,0,1,0,0,0,4,0,0,0,0,0,0,0,0,2,0,0,0,2,0,0
122,0,0,0,0,1,1,0,0,0,0,0,0,8,2,0,0,2,0,0,3,0,0,0,0,0,2,0,0,0,2,0,0,0,2,0,0,0,2,0,0
123,1,0,0,0,1,0,0,0,0,0,0,0,0,1,2,0,0,1,3,0,0,0,0,0,0,1,0,0,0,1,0,0,0,1,0,0,0,2,0,0
124,1,0,0,0,1,0,0,0,1,0,0,1,0,1,0,1,0,0,0,1,0,0,0,2,2,1,2,2,0,1,2,2,0,1,0,0,1,2,0,0
125,1,0,0,0,1,1,1,0,1,0,0,2,0,0,1,0,1,3,6,0,5,0,0,0,0,0,1,3,0,2,0,0,0,1,1,1,0,1,0,0
126,1,0,0,0,1,1,2,1,0,1,0,1,0,2,0,0,0,1,1,0,0,1,0,0,0,0,0,1,0,2,1,0,0,1,1,0,1,0,0,0
127,1,0,4,0,1,0,0,0,2,2,0,0,0,1,1,1,1,0,3,0,0,0,1,0,1,0,0,1,0,2,0,1,0,1,2,1,0,4,0,0
128,1,0,0,0,0,0,0,1,0,2,0,1,0,1,0,0,2,0,1,1,0,0,0,0,0,0,0,0,0,2,0,0,0,0,4,0,0,1,2,2
129,0,1,0,0,1,0,0,0,0,2,1,0,0,0,1,1,0,6,1,2,0,0,4,2,0,0,3,0,0,4,0,0,0,1,1,0,0,0,2,2
130,0,2,2,0,0,0,0,1,0,0,2,1,0,0,1,6,0,0,1,2,0,2,0,0,3,1,1,0,0,0,0,0,0,0,1,0,0,0,2,1
131,1,1,0,0,2,0,0,0,0,0,1,2,2,2,1,8,0,0,1,2,0,2,0,2,0,0,1,0,1,0,1,0,0,0,1,0,0,0,0,1
132,1,3,0,0,0,0,0,0,0,0,1,0,0,0,1,0,0,1,1,1,5,0,1,3,4,0,0,1,4,0,0,0,6,0,0,1,0,0,0,1
133,3,4,0,1,0,0,0,0,0,0,1,0,0,1,1,0,2,0,1,0,0,0,1,1,0,0,1,1,0,5,0,0,0,0,0,1,0,0,0,0
134,1,1,7,1,5,1,2,3,0,0,0,1,1,1,1,0,0,0,1,0,0,2,1,1,0,0,0,1,0,1,0,1,0,0,0,1,0,0,7,1
135,0,1,0,0,0,2,2,1,0,0,0,4,0,0,1,1,0,0,0,0,0,0,1,1,0,0,0,1,0,0,3,1,0,0,0,1,0,0,0,0
136,0,0,0,0,0,0,2,0,0,0,1,4,0,0,1,1,0,0,0,1,0,0,0,1,0,1,0,1,0,0,0,1,0,3,0,1,0,1,0,0
137,1,0,2,2,0,2,2,1,0,0,1,4,2,0,0,5,6,0,0,0,0,0,0,1,0,0,0,0,0,0,0,1,1,0,2,1,1,0,0,1
138,1,0,2,0,0,0,0,0,3,0,0,2,0,0,5,1,0,5,0,1,0,0,0,1,0,0,3,1,0,1,1,1,1,2,0,0,1,0,0,0
139,0,0,3,0,0,0,4,3,4,0,0,1,0,1,0,1,0,0,0,0,0,0,0,1,0,2,0,1,0,0,0,1,1,1,0,1,1,0,0,0
140,0,0,1,0,0,0,0,3,0,0,0,0,0,0,0,0,2,0,0,1,0,0,0,1,1,0,0,1,0,0,0,1,1,0,0,0,3,0,0,0
141,1,0,1,0,0,9,0,3,0,0,0,1,2,0,0,4,0,0,0,0,1,0,0,1,0,0,0,1,0,0,0,5,1,0,0,0,3,0,2,0
142,0,0,1,0,0,0,0,3,0,0,1,0,1,0,0,6,1,0,7,4,3,0,0,0,2,0,0,1,1,0,0,0,1,0,1,2,2,0,0,0
143,0,3,4,1,3,0,0,3,0,0,0,0,0,0,0,0,1,0,0,0,0,0,2,0,1,1,4,1,2,0,0,0,0,0,0,0,0,0,0,0
144,2,0,0,1,1,1,0,3,1,1,0,0,2,0,0,0,1,0,0,0,0,2,0,2,1,0,1,0,2,1,0,0,0,0,0,4,3,0,1,1
145,0,0,0,1,0,0,1,1,2,0,0,1,0,0,0,0,1,0,0,0,3,0,1,0,2,0,0,1,1,0,1,0,0,0,1,0,0,1,0,0
146,0,0,1,1,0,0,1,1,1,0,1,0,3,1,0,0,1,2,0,0,0,0,0,0,0,2,0,0,2,1,0,2,0,2,0,0,0,1,0,1
147,0,0,3,1,0,3,0,0,1,1,0,1,1,0,1,0,4,0,1,0,0,0,0,0,0,2,6,5,3,0,0,1,1,5,1,0,0,1,0,0
148,0,0,1,0,1,0,0,3,1,1,0,1,3,0,0,0,4,0,2,0,0,1,0,0,1,2,0,7,5,2,0,0,0,1,0,0,0,1,0,0
149,0,1,0,1,2,0,1,1,1,1,0,0,0,0,0,0,0,0,0,1,0,1,0,1,0,2,0,0,1,1,0,1,0,1,0,0,0,1,0,0
150,0,0,0,7,1,0,3,3,1,0,0,0,0,1,1,0,0,0,0,1,1,3,0,1,0,2,6,0,2,2,0,1,0,0,0,0,0,2,1,0
151,1,0,4,0,0,1,0,0,0,0,0,0,0,1,0,0,0,1,0,4,0,3,0,0,0,2,1,0,0,2,0,0,2,3,1,0,0,2,0,0
152,1,0,0,0,0,0,1,0,0,1,3,0,0,1,0,0,3,1,0,0,0,3,0,0,0,2,7,0,1,0,1,1,0,1,1,1,0,0,1,0
153,3,0,0,0,0,0,0,1,0,1,0,0,1,0,1,0,0,1,0,0,0,0,0,0,0,2,0,0,2,0,1,0,0,1,3,0,0,0,4,0
154,2,0,0,0,1,0,0,0,0,2,1,0,0,0,0,0,1,2,2,0,0,0,2,0,0,0,0,0,0,0,1,0,0,1,1,0,0,0,4,0
155,2,0,0,0,1,1,3,0,0,2,1,0,0,0,0,0,0,0,1,0,0,0,1,0,1,0,1,0,2,0,1,0,1,2,1,0,2,0,4,0
156,0,0,1,0,3,1,1,0,6,0,0,0,0,4,0,1,0,0,1,1,0,0,3,0,1,0,2,2,0,0,0,0,2,0,1,2,0,1,1,3
157,1,1,1,0,1,1,0,4,2,1,0,0,0,0,0,0,0,1,1,1,0,1,2,0,0,2,2,0,1,0,0,1,0,0,1,1,0,1,0,2
158,0,2,0,0,0,1,0,0,0,1,1,2,2,0,1,1,0,2,1,1,0,0,2,0,0,0,2,0,0,6,2,0,5,0,0,0,0,1,0,1
159,4,2,1,0,0,1,0,0,6,1,1,0,1,4,3,3,0,0,1,1,0,0,2,0,0,0,2,0,0,5,0,0,0,0,2,1,0,1,0,1
160,0,2,0,0,2,1,0,0,0,0,3,0,0,0,3,0,0,0,1,3,0,0,2,0,0,5,0,0,0,0,0,0,0,2,0,3,0,0,9,1
161,0,1,0,0,0,5,0,0,0,0,0,0,0,1,3,1,0,0,1,0,0,0,2,2,0,0,0,0,0,0,0,2,0,0,0,2,0,1,0,2
162,0,1,1,0,3,0,3,0,0,0,1,1,0,0,3,2,1,8,1,0,2,0,0,2,0,1,0,1,0,1,0,3,0,0,0,1,0,0,0,5
163,0,0,0,2,0,0,0,1,0,0,0,2,2,0,3,1,0,0,2,0,0,0,0,1,0,0,0,1,0,0,1,1,0,0,0,7,0,0,0,3
164,4,0,2,0,2,0,2,0,0,0,0,2,3,1,0,1,1,0,0,0,6,0,0,1,0,0,0,2,0,1,3,1,0,0,0,1,0,0,0,4
165,0,0,1,0,0,0,3,3,0,0,0,2,0,0,0,1,0,2,0,0,0,0,2,1,0,2,0,1,0,0,0,1,0,0,0,1,0,0,3,4
166,0,0,1,0,0,0,0,2,0,0,0,2,0,0,0,1,0,0,0,0,0,0,0,1,0,2,0,1,0,0,3,0,1,0,0,0,2,0,2,3
167,0,0,0,0,4,0,0,2,0,1,0,2,0,0,0,1,0,1,0,0,3,0,4,0,0,0,0,1,0,0,2,0,1,1,0,0,1,0,1,0
168,1,0,0,1,1,0,2,2,0,0,0,0,0,0,1,1,2,0,0,0,1,0,0,0,3,0,0,1,0,1,0,0,0,0,0,0,1,0,4,0
169,0,0,1,0,0,0,1,1,0,0,0,1,0,0,0,4,0,2,0,0,1,0,2,3,3,0,0,2,2,0,0,0,0,0,0,3,1,0,0,0
170,1,0,1,1,0,0,0,1,0,0,0,1,1,3,1,0,1,0,0,6,1,1,0,0,3,0,0,0,2,0,0,0,0,0,0,5,0,1,0,0
171,0,0,0,1,0,0,2,0,0,0,1,0,0,0,1,0,1,0,0,0,0,0,0,0,2,1,0,0,1,0,0,0,0,0,0,0,1,0,1,0
172,0,0,0,1,0,0,0,0,0,2,0,0,0,0,0,0,1,0,0,0,1,0,0,0,2,0,1,1,1,0,0,0,6,0,0,0,0,1,0,0
173,0,0,1,1,0,0,0,1,1,0,3,0,0,0,0,0,1,2,0,1,0,0,1,0,0,3,0,1,3,1,1,0,0,0,0,0,0,0,0,0
174,0,0,1,0,0,0,0,0,1,0,1,0,1,0,0,0,1,1,0,0,0,0,0,0,2,0,0,0,0,2,0,0,0,1,0,0,0,3,0,4
175,0,0,0,0,3,0,0,6,1,0,0,0,1,0,0,0,0,3,0,0,0,0,0,1,7,1,0,0,1,0,0,0,0,1,0,0,2,0,0,3
176,4,3,0,2,1,0,3,0,1,0,0,0,0,0,1,1,1,1,0,0,0,2,0,0,0,1,0,1,0,2,0,1,0,1,0,0,0,0,0,0
177,0,0,0,0,2,0,0,1,1,0,0,0,0,1,3,0,1,2,0,0,0,2,0,0,0,0,1,0,0,0,3,0,0,2,0,0,2,4,0,0
178,0,0,0,1,1,0,0,0,0,2,0,0,0,1,0,0,0,2,0,0,1,2,0,0,1,0,0,0,0,0,0,0,0,2,0,0,0,5,0,1
179,0,0,0,0,1,0,0,1,0,0,0,0,0,1,0,0,0,0,0,0,0,1,1,0,0,1,1,0,1,0,1,0,3,2,1,0,1,0,2,0
180,1,0,0,0,0,0,0,2,0,0,1,0,2,1,4,0,0,0,0,0,0,2,1,1,0,1,1,2,0,0,0,0,0,1,2,1,1,0,1,0
181,1,0,1,0,1,1,0,0,10,0,0,0,0,1,2,0,0,0,2,0,0,0,0,4,0,0,0,1,0,1,1,0,0,2,2,0,0,1,3,0
182,1,0,0,0,0,1,0,0,0,1,0,0,1,0,0,0,0,1,0,0,5,0,0,0,0,0,0,0,0,1,3,0,2,0,2,1,2,0,1,0
183,1,0,2,1,1,1,0,0,9,4,0,0,1,7,0,0,0,0,10,1,0,0,1,0,0,0,3,0,2,9,3,0,0,0,2,0,0,0,1,0
184,1,2,0,0,3,1,0,1,0,2,1,0,1,0,0,0,0,0,2,1,0,0,3,0,0,0,1,5,0,12,3,0,0,0,2,0,0,0,1,0
185,1,1,0,1,0,2,0,0,0,1,1,0,0,0,2,0,0,2,0,1,0,0,2,1,0,0,1,4,3,12,3,0,2,0,1,0,0,0,1,0
186,1,0,0,1,0,2,0,1,0,0,7,0,0,2,6,0,0,3,0,1,0,2,1,1,0,0,1,0,0,0,0,0,0,0,0,0,0,3,1,2
187,0,3,0,3,0,0,0,0,1,1,1,0,0,0,2,0,1,1,0,1,0,0,1,0,0,1,1,0,0,0,0,1,0,0,0,1,0,0,0,0
188,0,4,0,0,0,2,1,0,0,0,1,0,0,0,2,0,0,0,0,1,3,0,1,1,3,0,2,0,0,0,1,0,0,0,0,1,0,0,2,0
189,0,0,0,0,2,0,2,0,0,0,2,0,1,0,2,0,3,0,0,1,0,0,1,1,0,0,0,1,0,0,5,0,0,1,0,1,0,1,6,1
190,0,0,0,0,0,6,2,1,4,0,0,1,0,0,1,1,0,0,0,2,3,0,1,1,0,0,1,2,2,0,0,0,0,0,0,1,0,0,0,0
191,0,1,1,0,5,0,2,1,0,0,0,1,0,0,1,0,0,0,0,0,0,0,0,0,0,1,0,2,4,1,0,1,0,0,1,1,0,0,0,0
192,0,0,1,0,0,0,2,0,1,0,0,1,0,0,1,0,0,0,0,0,0,0,0,0,0,0,0,2,0,1,3,1,0,0,0,1,2,0,0,0
193,1,0,2,0,0,0,0,0,0,0,0,1,0,0,0,2,4,3,0,0,1,0,0,0,1,0,0,1,0,1,4,2,2,0,0,0,2,0,1,0
194,0,0,2,0,0,0,0,0,0,0,5,1,0,0,0,0,1,0,0,0,0,0,2,0,1,3,3,1,2,1,0,2,1,0,0,0,0,4,0,0
195,0,0,2,3,0,0,0,0,0,0,0,1,0,0,2,0,0,0,0,1,9,0,0,0,2,1,0,1,0,0,1,0,1,0,1,0,2,0,0,0
196,0,0,1,0,0,3,0,1,0,0,0,0,0,0,0,0,6,6,0,0,9,0,0,2,1,0,0,2,1,0,0,0,1,0,1,0,3,0,0,1
197,6,0,1,2,1,0,3,2,1,1,0,0,0,0,0,2,1,0,0,0,9,0,0,0,1,0,0,0,2,0,0,1,1,1,0,0,1,1,3,0
198,0,0,0,1,0,0,0,2,4,5,0,0,1,0,0,1,1,0,0,0,9,0,1,0,2,0,0,2,1,0,0,0,1,1,1,1,2,3,0,0
199,0,0,0,0,0,0,0,2,0,0,0,0,2,0,0,0,1,0,0,0,4,0,0,7,2,0,0,0,2,0,1,0,0,0,0,0,0,2,0,0
200,0,7,0,0,0,0,0,4,0,0,0,0,0,1,0,0,0,0,0,1,1,0,0,1,2,0,0,0,2,0,0,0,0,6,1,0,0,0,0,0
201,2,0,0,0,0,0,0,0,0,1,0,0,0,0,1,0,2,1,1,0,0,1,1,0,9,1,0,0,1,1,0,0,0,0,0,0,0,1,0,0
202,0,0,0,4,0,0,1,1,2,0,0,0,0,0,0,0,2,0,0,0,0,1,0,0,0,1,0,0,1,0,3,0,0,1,2,0,0,1,1,0
203,0,1,1,0,1,0,0,0,0,1,0,0,2,0,1,0,1,0,0,1,0,2,0,2,3,1,0,0,0,1,0,0,0,1,1,1,2,1,0,1
204,0,0,0,0,1,0,0,8,0,0,0,0,2,0,0,0,2,0,2,0,0,2,1,1,0,0,2,4,0,1,0,0,1,0,0,0,0,1,0,0
205,1,0,0,0,1,0,0,0,1,0,1,1,0,0,1,0,0,0,0,0,0,4,0,1,2,0,0,0,7,1,0,0,0,1,0,1,0,1,0,2
206,0,0,0,0,1,0,0,0,2,0,0,0,0,8,0,0,0,0,0,0,0,1,0,0,0,0,1,0,6,1,3,0,0,1,0,3,0,1,0,0
207,0,0,0,0,1,0,2,0,0,1,0,0,0,1,0,0,0,0,0,1,0,1,0,0,4,0,0,2,1,3,0,1,0,1,0,3,0,1,1,3
208,1,1,0,0,1,0,0,1,0,1,0,0,0,1,0,0,0,0,0,1,0,0,0,0,0,0,0,1,0,3,1,0,1,4,0,0,0,0,1,0
209,1,0,0,0,1,1,0,0,1,1,0,0,0,0,4,0,0,0,0,3,1,0,0,0,0,0,0,0,0,1,1,0,2,4,0,0,3,4,1,0
210,1,0,2,0,6,2,0,0,0,1,3,0,1,0,0,0,1,0,1,1,0,0,1,0,0,0,1,0,0,1,1,0,0,3,2,0,0,0,1,0
211,1,1,0,0,0,1,0,0,0,1,3,0,0,0,0,0,0,0,1,0,0,0,1,2,0,0,4,0,0,2,1,0,3,0,3,0,0,0,1,1
212,1,1,0,0,0,1,0,0,0,1,0,0,0,0,0,0,0,0,1,0,1,0,1,0,0,0,0,0,0,0,2,0,0,0,0,2,0,0,1,1
213,2,1,1,0,0,1,4,0,0,1,0,0,0,2,0,1,0,0,1,1,1,1,1,1,0,0,0,0,0,0,0,0,4,1,0,0,0,0,1,0
214,1,2,1,0,2,1,1,3,0,0,0,1,0,0,2,0,0,0,0,1,0,0,1,0,1,1,1,3,0,0,0,0,2,0,0,1,0,1,1,0
215,3,4,0,0,0,1,0,0,0,0,1,0,0,0,2,0,1,0,7,1,0,0,1,5,1,0,0,0,0,3,0,0,0,0,5,1,0,0,10,1
216,0,2,0,4,0,1,0,0,0,0,3,0,2,1,1,0,0,0,0,2,0,0,1,5,1,2,1,1,0,2,0,1,2,0,0,1,2,0,0,0
217,1,1,0,0,0,0,1,0,1,0,1,0,2,0,1,2,0,0,1,2,0,0,1,5,0,0,3,1,0,0,0,1,0,2,0,1,0,0,1,3
218,2,2,0,1,0,0,1,0,2,0,0,1,0,0,1,1,1,0,0,0,0,1,0,5,0,0,0,1,1,0,2,1,0,2,0,0,2,0,0,0
219,0,0,4,0,0,0,1,0,1,0,0,1,0,0,1,4,0,1,0,0,0,0,0,1,1,1,0,1,0,0,0,1,0,0,2,1,7,0,0,0
220,0,0,0,0,1,3,0,0,0,0,0,1,0,3,0,1,0,1,0,0,4,0,0,1,0,0,1,1,4,1,1,0,0,0,0,0,1,0,0,0
221,0,0,1,0,0,0,0,1,0,0,0,1,0,3,1,1,0,0,0,0,0,1,1,1,0,0,0,1,2,1,1,0,1,0,0,0,1,0,0,2
222,0,0,2,0,0,0,0,1,3,0,0,1,1,0,0,3,0,0,0,0,1,0,0,2,3,0,0,1,0,0,1,1,2,1,1,0,1,0,0,0
223,0,1,1,0,0,0,0,2,0,1,0,1,0,0,0,1,1,1,0,0,1,1,0,1,3,0,2,2,1,1,0,0,2,0,4,0,1,0,0,2
224,0,0,2,0,0,0,0,2,0,0,1,0,0,1,0,1,0,0,0,0,1,0,0,0,3,0,1,1,3,0,0,1,0,0,0,1,2,0,1,0
225,0,3,2,4,3,0,0,2,2,1,0,0,4,0,0,0,2,1,0,0,1,0,0,0,1,0,0,3,2,0,1,0,0,1,1,0,2,0,0,0
226,0,0,0,4,0,0,0,2,1,0,0,0,4,1,0,0,2,3,0,4,0,0,0,0,5,0,0,0,1,0,0,0,0,0,0,0,4,0,0,1
227,3,0,0,4,0,0,0,0,0,0,0,0,0,0,0,1,2,0,1,0,0,0,1,3,2,0,0,0,0,0,0,0,0,0,0,1,0,3,2,0
228,1,0,1,2,1,0,1,0,1,0,1,0,1,0,0,0,1,0,0,0,0,0,0,0,0,2,0,0,0,2,1,0,0,0,0,0,0,1,3,0
229,0,0,0,2,0,0,0,0,1,0,1,1,1,0,0,0,0,0,0,0,0,3,0,0,0,0,0,0,0,0,0,0,0,1,5,0,0,1,0,0
230,0,0,3,0,0,0,0,0,1,2,0,0,1,0,0,0,1,0,0,0,0,0,0,3,0,3,0,2,2,0,0,0,2,1,0,0,0,1,0,0
231,0,4,1,0,0,0,0,0,1,2,0,0,1,0,0,0,0,0,0,0,0,2,1,0,0,0,2,1,1,0,0,0,2,1,0,0,0,1,0,0
232,6,0,0,0,1,0,0,3,5,1,0,0,0,1,0,0,1,1,0,0,0,1,0,2,0,0,0,0,0,1,2,0,0,1,0,1,0,0,0,0
233,0,0,0,0,0,0,0,0,0,0,0,2,0,3,0,0,0,1,0,0,0,1,0,0,0,0,0,5,0,1,0,0,0,1,0,0,0,0,0,0
234,1,0,0,0,0,2,1,0,0,0,0,0,0,3,0,0,11,1,0,0,0,1,0,0,4,1,0,0,0,1,0,0,0,1,2,0,0,0,1,0
235,0,0,0,0,0,0,0,3,0,1,0,0,0,3,5,0,0,1,0,1,0,1,0,0,0,0,2,4,0,1,5,0,0,1,1,1,0,3,2,0
236,1,4,0,0,0,0,0,0,0,1,0,1,9,1,0,0,0,0,2,1,0,1,0,0,0,0,3,0,0,2,0,0,0,1,1,0,0,7,0,0
237,1,0,0,0,0,1,0,0,0,3,0,0,0,3,0,0,1,1,0,0,6,1,0,1,0,4,0,0,0,2,0,0,2,1,1,0,0,0,0,0
238,1,0,0,0,0,0,0,0,0,1,1,0,1,1,0,0,0,0,2,0,2,0,1,0,0,0,1,0,0,0,0,0,4,1,1,0,0,0,0,0
239,1,1,0,0,0,2,0,0,0,1,0,0,0,1,2,0,0,0,1,2,0,0,1,1,2,0,5,1,0,0,2,0,0,1,5,0,0,0,0,1
240,1,0,0,0,0,0,0,0,0,1,3,2,0,3,0,0,0,0,1,1,0,0,1,0,0,0,3,1,0,0,1,0,3,0,1,0,0,0,2,2
241,0,1,0,0,0,1,0,2,0,0,1,0,0,0,3,0,0,0,1,1,0,4,1,0,0,0,0,0,1,0,0,1,0,12,0,0,0,0,1,2
242,2,1,1,0,0,1,0,0,0,6,0,0,0,0,1,0,0,0,1,0,2,0,2,0,0,0,1,0,0,0,0,0,0,0,0,1,0,0,1,2
243,0,1,0,0,0,1,1,1,0,2,2,0,0,1,2,0,2,1,3,0,0,0,2,1,0,0,0,0,0,0,0,0,0,0,0,1,1,0,6,0
244,0,1,0,0,7,2,1,1,0,0,1,0,2,0,2,0,0,0,0,0,0,0,0,0,0,0,0,1,0,0,1,0,0,0,0,1,0,0,6,2
245,0,1,0,0,0,6,1,0,0,0,0,0,0,0,0,0,0,0,0,0,0,0,0,0,0,0,1,1,0,1,0,1,0,0,0,1,0,0,0,0
246,0,1,0,0,0,1,2,0,1,0,0,1,0,2,0,1,0,0,0,0,0,1,9,1,0,1,0,1,4,0,0,2,2,0,2,1,0,1,0,0
247,0,0,0,1,0,4,2,0,0,0,1,2,0,3,0,2,0,1,0,0,0,0,1,2,0,0,0,1,0,0,0,2,2,1,0,1,1,0,0,0
248,0,0,1,0,0,0,2,1,0,2,1,2,0,0,1,1,0,0,0,0,0,0,0,2,0,0,3,1,0,0,3,2,3,0,0,0,1,0,0,0
249,0,0,1,0,0,0,0,0,0,0,2,2,0,0,0,8,0,0,0,1,6,0,0,2,0,0,0,1,0,0,0,2,0,0,0,0,3,0,0,0
250,0,0,1,0,0,0,0,0,0,2,0,0,0,0,0,1,1,0,0,0,1,0,0,0,1,1,0,1,3,0,0,0,0,0,1,0,3,0,0,1
251,0,2,1,0,0,0,0,1,0,1,0,1,0,0,11,0,0,0,0,0,2,0,0,1,1,1,1,2,0,0,0,0,1,0,0,0,3,0,0,0
252,1,0,1,1,0,0,1,1,1,0,1,1,1,0,0,3,1,0,0,0,2,0,3,0,1,0,0,0,3,0,0,0,1,0,0,0,0,0,6,0
253,1,0,1,2,0,0,0,0,0,0,1,1,1,1,0,0,2,3,1,0,1,2,0,0,2,1,0,0,1,0,0,2,5,0,1,0,0,0,0,0
254,1,0,1,1,1,0,2,1,3,0,0,1,2,0,0,2,1,0,0,0,1,0,0,0,2,0,0,0,1,4,3,1,0,6,7,1,2,3,1,3
255,0,0,2,1,0,1,1,0,0,0,4,0,3,0,0,0,1,0,0,0,1,1,0,1,2,1,0,0,1,1,0,0,0,0,0,0,0,2,0,1
256,1,0,0,1,0,0,0,0,0,1,0,0,3,0,1,2,1,0,1,1,0,1,0,0,1,1,0,0,2,1,1,0,0,1,0,0,0,1,0,0
257,1,1,1,2,1,0,2,0,1,1,1,0,3,0,1,0,2,0,0,0,0,1,1,0,0,3,2,0,0,0,0,1,0,1,0,1,0,1,0,0
258,0,0,0,0,1,0,0,0,1,1,0,0,0,0,1,0,2,0,4,1,0,1,0,0,0,3,0,0,0,1,0,0,0,1,0,0,0,1,1,0
259,1,2,2,1,1,4,1,3,2,1,0,0,0,0,1,0,3,0,0,0,2,1,0,0,0,3,0,7,0,1,0,0,1,1,0,2,0,1,1,0
260,0,0,0,0,2,1,0,0,0,0,0,0,0,0,0,0,0,2,0,0,0,0,0,1,1,3,0,0,0,1,0,0,0,1,0,0,0,1,0,1
261,0,0,0,0,2,0,0,0,0,0,0,0,0,0,0,0,0,1,0,0,0,0,0,0,2,3,1,1,0,1,0,0,0,1,0,0,0,1,0,0
262,0,0,4,6,0,0,0,0,0,1,0,1,0,0,1,0,0,2,7,0,0,0,0,0,0,0,0,0,0,1,0,1,0,0,0,0,1,1,2,0
263,0,0,4,0,0,2,0,0,5,2,0,0,0,0,2,0,0,2,0,0,0,1,0,0,0,0,0,0,0,1,0,0,0,0,1,1,0,0,2,0
264,1,0,2,0,0,2,0,0,0,2,0,0,0,0,0,4,0,0,5,0,0,0,0,0,0,0,0,0,0,3,0,0,0,0,2,3,0,0,0,0
265,3,0,0,0,0,1,0,0,0,2,0,0,0,0,0,0,0,0,0,0,0,0,0,0,0,0,0,3,1,5,2,0,0,0,0,0,0,0,2,0
266,3,0,0,0,0,0,0,0,0,2,0,0,2,0,0,0,0,0,0,0,0,0,1,0,0,0,0,2,0,0,2,0,0,0,0,0,0,2,2,1
267,3,0,3,0,0,0,0,1,0,2,3,2,0,0,0,7,0,4,3,4,0,0,1,0,0,0,0,2,1,0,1,3,0,0,1,0,3,0,2,2
268,3,0,0,4,0,0,1,0,0,1,1,0,3,0,0,0,0,0,2,3,0,0,1,0,2,0,1,6,0,0,1,0,1,0,1,0,0,0,2,1
269,0,1,0,0,0,2,0,1,1,0,2,0,2,2,0,0,0,0,1,0,1,0,2,0,0,0,1,0,0,0,0,0,3,0,1,0,1,0,2,1
270,1,2,1,1,0,1,5,0,1,0,1,0,1,1,1,1,0,2,2,0,0,0,2,0,3,1,1,0,0,0,0,0,1,0,0,0,0,0,1,1
271,5,2,0,0,0,4,0,0,0,0,0,0,2,0,1,3,0,1,2,0,0,0,0,4,1,1,1,4,0,3,0,0,0,3,0,1,1,0,16,1
272,0,2,0,0,0,0,3,6,0,0,3,1,4,1,0,2,0,1,2,0,0,0,1,4,0,3,1,1,0,0,0,1,4,0,0,1,0,1,0,0
273,0,0,2,0,1,0,0,0,0,0,0,0,0,0,1,2,1,1,0,0,0,0,0,4,0,0,0,1,0,0,0,0,1,2,0,1,2,0,7,0
274,2,0,1,0,0,0,0,0,0,0,0,0,0,0,1,2,0,3,0,0,0,0,0,1,0,0,0,1,0,0,0,0,0,0,0,0,3,0,0,0
275,3,7,1,0,0,0,0,0,0,0,0,1,1,0,1,1,4,0,6,0,0,0,0,1,0,0,2,1,0,1,3,0,2,0,0,0,0,0,0,0
276,0,0,1,0,5,2,0,1,0,0,0,0,0,0,1,1,2,0,0,0,0,0,5,0,0,0,0,1,0,0,0,0,1,0,4,4,1,0,0,0
277,0,0,1,1,0,0,1,1,0,2,0,2,0,0,1,1,0,0,2,3,1,0,1,0,5,0,1,1,0,0,0,0,2,0,0,7,2,0,0,0
278,0,0,0,0,8,0,0,1,4,0,0,2,0,0,0,2,0,2,0,0,7,0,0,1,0,0,4,1,1,0,0,4,0,0,1,0,2,5,3,0
279,0,0,0,0,0,0,0,1,0,0,0,0,0,0,0,2,0,0,0,0,1,0,0,3,1,1,0,0,1,0,0,0,0,0,0,0,2,2,0,0
280,0,0,0,1,0,0,3,1,3,0,1,0,0,0,8,3,2,0,1,0,3,0,0,0,1,0,1,0,2,0,0,0,0,1,0,0,0,0,1,1
281,1,4,0,1,0,0,0,1,0,3,3,0,3,3,0,2,1,0,0,0,3,0,0,0,1,0,0,0,1,1,0,0,0,0,0,0,0,1,1,0
282,0,0,0,3,0,0,0,3,0,0,0,0,2,0,0,7,1,0,0,0,3,0,0,1,0,0,2,0,3,0,0,0,1,0,4,0,0,7,4,0
283,1,1,0,3,1,0,1,0,0,0,0,0,2,1,0,0,0,0,1,0,0,2,0,2,1,1,0,0,3,0,0,0,0,0,1,0,0,1,0,0
284,0,0,0,3,0,2,0,0,1,1,0,6,2,1,0,0,1,1,0,0,0,1,1,1,0,2,0,0,3,0,0,0,1,1,0,0,0,2,0,0
285,0,0,0,3,1,0,0,0,2,0,0,0,2,0,0,0,1,0,0,0,2,0,0,0,0,2,0,0,0,0,0,0,1,3,1,1,0,2,0,0
286,0,4,0,0,1,0,0,0,2,1,0,2,0,0,0,0,1,0,0,2,6,1,0,0,0,3,0,0,1,0,0,0,1,3,0,0,1,2,0,0
287,0,0,0,0,1,0,0,1,1,0,0,0,0,2,0,0,1,0,4,0,0,1,0,0,1,0,0,0,0,0,0,4,0,3,0,0,0,2,2,0
288,1,0,0,1,1,0,0,0,1,1,4,1,2,0,1,2,1,0,0,0,0,1,0,0,0,4,0,1,1,1,1,2,0,3,0,0,0,2,1,0
289,1,0,0,0,1,0,0,0,0,1,1,0,0,0,0,1,4,1,0,0,0,1,0,0,0,4,1,0,2,1,0,1,0,0,0,0,0,2,0,0
290,1,0,0,0,1,1,0,0,0,1,0,0,3,0,0,1,0,1,0,0,0,1,0,0,1,0,0,0,1,1,1,0,0,0,0,1,0,2,1,1
291,1,3,0,0,1,2,0,0,0,1,1,0,2,0,1,0,0,1,1,0,0,1,3,4,1,0,0,2,1,1,0,2,0,0,0,0,0,0,1,0
292,1,0,1,0,1,0,0,0,0,0,0,4,0,1,1,0,0,1,1,0,0,0,0,0,0,0,3,1,0,0,1,0,0,1,1,0,0,1,1,0
293,1,0,0,0,0,0,0,1,0,0,0,0,0,1,0,0,0,0,2,0,0,3,1,2,0,0,0,0,0,4,1,0,0,0,1,0,3,0,1,0
294,1,1,0,0,0,0,0,1,1,1,4,0,0,1,1,0,0,0,2,1,0,0,1,0,0,0,1,0,1,2,1,1,0,2,1,0,0,1,2,0
295,1,2,0,0,0,0,0,0,0,1,0,0,0,1,0,0,0,0,1,2,0,0,1,3,0,0,0,0,0,1,3,2,3,1,0,0,1,0,1,0
296,1,2,0,0,0,0,0,1,1,1,0,0,0,1,1,2,0,0,1,2,1,0,1,0,1,0,0,0,0,6,1,1,0,0,1,2,0,0,0,0
297,1,2,0,0,0,0,0,0,1,1,3,0,4,1,3,0,0,0,1,1,4,2,1,0,0,2,0,0,0,2,4,0,0,3,4,0,0,0,1,0
298,1,2,0,0,0,1,0,4,0,0,0,0,0,0,3,1,0,0,1,1,0,0,1,3,0,0,2,0,0,0,0,0,0,1,0,2,0,0,5,0
299,0,2,0,0,0,0,0,4,0,0,0,0,0,0,3,4,1,0,1,0,0,0,1,1,0,0,0,0,0,0,0,0,0,0,0,1,0,0,0,0
300,0,1,0,0,0,5,0,0,0,0,0,1,0,0,3,2,0,0,1,0,0,0,1,3,0,4,0,0,0,0,0,0,1,0,0,1,1,0,0,0
301,1,1,0,0,0,0,0,1,0,0,0,1,0,1,1,1,0,0,1,0,0,0,4,3,0,1,0,1,0,0,1,1,4,0,0,0,3,0,0,0
302,1,0,1,2,1,0,1,3,0,1,0,1,0,1,2,2,0,0,0,0,1,0,0,3,0,0,1,1,0,0,1,1,0,0,0,0,2,1,3,3
303,0,0,0,4,0,0,0,0,0,0,0,1,3,0,1,1,2,1,0,2,0,0,2,3,0,0,0,1,0,0,2,0,1,0,0,0,2,0,7,0
304,0,0,0,4,2,0,1,1,0,1,0,1,0,0,0,1,1,0,0,1,1,0,0,5,3,0,0,1,0,0,0,0,1,0,0,0,0,0,0,0
305,0,0,0,0,0,0,0,1,1,0,0,2,0,7,0,0,0,0,0,0,1,0,0,2,1,0,0,1,0,0,0,1,1,0,1,1,6,0,0,0
306,1,1,0,0,0,0,0,1,0,0,0,1,1,0,0,1,1,0,0,0,1,4,0,0,1,1,1,0,1,0,1,1,0,0,0,0,3,0,0,0
307,0,0,0,0,0,0,0,1,0,0,0,1,3,0,1,2,3,2,0,0,2,2,0,1,1,1,0,0,2,0,0,0,1,1,0,0,0,0,0,1
308,0,0,3,1,0,0,1,0,0,0,0,0,1,0,0,1,0,0,0,0,1,0,0,1,1,1,1,0,3,0,0,0,1,0,0,1,0,0,0,0
309,0,0,0,1,1,2,0,0,0,0,0,1,1,0,2,1,1,0,1,0,2,0,0,0,1,0,1,0,2,0,0,0,1,0,0,0,0,2,0,1
310,1,0,0,1,0,0,0,1,0,0,2,1,1,0,0,2,1,0,0,0,1,0,1,0,1,0,0,0,0,0,0,0,2,0,0,0,0,2,0,0
311,0,0,0,0,0,1,0,1,2,1,0,0,1,0,0,0,1,0,0,1,3,0,0,0,1,3,0,0,2,2,0,0,0,0,0,0,0,2,0,0
312,0,0,0,2,3,0,0,2,0,0,0,0,0,1,0,0,1,0,0,1,3,1,0,1,2,1,0,0,0,1,0,0,0,0,0,2,1,2,0,0
313,1,0,0,0,1,0,0,3,1,0,0,1,0,1,1,1,1,0,1,0,0,1,1,0,0,0,5,0,0,0,0,0,0,0,4,0,0,2,0,1
314,0,4,1,0,1,0,0,1,0,1,1,0,0,1,1,0,2,0,0,1,1,1,0,0,0,0,0,0,0,2,0,1,0,0,0,1,0,2,0,0
315,0,0,5,0,1,0,0,0,0,0,0,0,0,1,1,0,0,3,0,1,0,1,0,1,0,0,0,0,2,2,0,0,0,1,0,0,2,0,0,0
316,0,0,0,0,1,1,0,0,0,0,0,0,0,1,1,0,0,1,0,1,0,1,0,0,0,3,0,0,0,2,0,0,0,1,0,3,2,2,0,0
317,1,0,0,0,1,1,0,0,0,0,0,0,2,5,0,0,2,0,0,0,0,1,0,0,1,3,0,0,3,2,0,0,0,1,0,0,0,1,1,0
318,1,1,1,0,1,0,1,0,1,0,0,0,2,5,0,0,0,1,0,0,0,1,0,0,0,0,0,0,0,0,0,0,0,1,0,0,0,3,1,0
319,1,0,0,2,1,1,0,0,0,1,0,0,0,5,4,2,0,1,1,0,0,0,1,0,3,1,1,1,3,2,1,0,0,1,0,0,0,0,2,0
320,1,0,0,0,0,1,0,0,0,1,4,0,5,1,1,1,3,0,1,0,1,0,1,0,2,1,1,0,2,1,1,2,0,1,0,0,0,0,1,0
321,1,0,0,0,1,2,5,0,0,2,0,0,0,1,0,0,0,0,1,1,1,1,3,0,0,2,0,0,0,0,2,0,0,0,4,0,0,0,0,0
322,4,1,0,0,1,2,0,0,0,2,0,0,0,1,0,4,0,0,2,2,0,0,3,0,0,0,0,0,4,0,2,0,0,0,5,0,0,0,0,1
323,4,1,0,2,0,0,1,4,0,0,0,0,0,1,1,0,1,0,1,2,0,0,3,0,0,0,2,0,1,1,0,5,2,0,2,0,0,0,0,0
324,0,1,0,0,0,0,0,0,0,0,1,0,0,0,1,0,0,1,0,2,0,0,2,1,0,0,1,0,0,3,0,1,0,0,0,0,0,0,3,1
325,0,1,5,0,0,0,1,0,0,0,2,0,0,0,1,0,0,0,0,2,0,0,2,0,1,0,1,4,0,0,0,0,0,0,0,2,0,0,0,1
326,0,0,3,0,1,0,3,0,0,0,3,0,0,0,1,0,0,6,0,2,1,0,2,4,0,0,1,3,0,0,1,0,1,1,0,2,0,2,0,2
327,1,0,4,0,0,0,3,0,0,0,1,1,0,1,1,1,0,0,0,2,3,0,2,1,1,0,0,0,0,0,0,0,0,0,0,2,0,0,0,2
328,1,0,1,0,0,1,1,0,0,0,0,2,1,2,1,0,0,0,1,0,0,1,0,1,0,0,0,1,1,0,0,0,0,1,0,2,0,1,0,3
329,5,1,1,0,2,1,0,0,0,0,1,2,0,0,1,2,0,1,0,0,0,0,0,0,0,0,0,1,0,0,2,0,0,0,0,2,0,1,0,4
330,0,0,0,0,0,0,0,0,0,0,0,2,0,0,0,0,0,0,2,1,0,0,0,0,0,0,1,1,0,2,0,2,1,0,0,0,0,1,0,0
331,0,0,0,0,0,0,0,1,0,0,0,2,0,0,0,0,0,0,0,0,0,0,8,0,2,0,0,0,0,0,0,0,1,0,0,0,0,1,0,6
332,0,0,1,0,0,1,0,1,0,0,0,2,2,0,4,0,3,0,0,0,11,0,0,0,1,0,0,2,4,1,0,0,1,0,1,0,1,0,0,0
333,0,0,1,0,0,0,0,2,0,0,0,0,0,0,0,0,0,0,0,1,2,0,0,0,1,0,0,4,3,0,0,0,0,0,0,0,1,0,0,0
334,0,0,4,2,0,0,0,2,1,1,0,0,0,0,2,0,0,0,0,0,1,0,5,0,1,0,0,4,6,0,7,1,0,0,0,0,0,0,0,0
335,0,0,5,1,0,6,0,1,1,1,0,0,0,0,10,2,5,1,0,0,2,4,0,3,1,0,0,1,2,0,0,0,0,1,0,0,1,1,0,1
336,0,0,0,1,0,0,0,0,1,1,1,0,0,0,0,0,1,0,0,3,2,0,0,0,1,0,0,1,2,0,0,0,0,0,2,1,0,0,0,2
337,0,1,0,1,0,1,0,1,1,0,0,0,0,0,0,1,1,0,3,0,0,0,0,0,1,0,1,1,2,0,0,0,2,0,1,0,0,0,5,0
338,3,0,1,0,0,0,4,0,2,0,0,0,0,2,0,0,1,0,0,0,0,0,7,0,0,0,0,0,2,0,0,0,0,0,0,0,0,0,0,1
339,0,1,0,0,0,0,0,0,2,0,6,0,0,1,0,0,1,0,0,0,1,0,1,1,1,1,0,0,0,0,0,1,0,2,1,0,1,0,0,0
340,0,0,0,0,0,0,2,0,1,0,0,0,0,2,0,0,1,0,0,0,0,2,0,1,0,1,0,0,0,0,0,0,0,0,0,0,0,1,1,0
341,0,0,0,0,0,0,0,0,1,0,5,0,0,0,0,0,1,1,0,0,0,0,0,0,0,1,3,0,0,1,0,0,0,1,0,3,0,1,1,0
342,0,0,4,0,2,0,0,0,2,1,0,0,0,0,0,4,1,0,0,0,0,0,0,0,0,1,0,0,0,2,0,0,0,3,1,0,0,1,0,0
343,1,2,0,0,2,0,0,0,0,1,0,0,0,2,0,0,0,2,0,0,0,0,0,0,4,0,0,0,0,1,2,0,1,3,3,0,0,1,0,0
344,2,1,0,1,2,0,0,0,0,0,0,0,0,2,0,0,0,0,0,0,0,1,0,2,0,0,0,1,0,1,0,0,0,3,4,0,0,2,0,0
345,3,0,0,0,0,2,0,0,0,1,0,0,0,2,0,0,2,1,1,0,2,1,0,0,6,4,0,0,0,1,0,1,0,3,0,1,0,1,0,0
346,1,1,1,0,1,0,0,0,0,1,0,0,0,2,0,0,0,1,0,0,0,1,1,6,0,0,6,0,1,0,0,0,0,3,0,0,0,0,1,0
347,0,0,0,2,0,0,0,0,0,1,1,0,3,2,5,1,6,4,0,1,0,1,2,0,0,0,0,0,0,1,2,0,0,2,1,2,1,1,2,0
348,0,0,0,0,0,1,0,0,0,1,1,0,0,2,1,0,0,1,2,1,0,0,0,0,0,0,0,3,0,0,2,0,0,5,1,0,0,0,0,0
349,4,0,0,3,0,1,0,0,0,2,0,0,0,2,2,0,0,2,3,1,0,0,0,0,0,1,0,4,2,1,2,0,1,0,0,0,1,0,1,1
350,3,0,0,0,0,2,0,1,1,0,0,0,0,2,2,0,0,0,2,1,0,0,0,1,0,1,0,6,0,0,2,0,3,0,0,0,0,1,1,2
351,1,6,2,1,0,1,1,0,0,2,2,0,1,2,0,1,0,2,2,1,0,0,1,0,1,1,1,0,0,1,4,0,5,0,1,0,0,0,1,1
352,0,6,1,1,0,2,2,0,0,0,2,0,1,4,1,0,1,1,2,1,1,0,1,0,0,0,1,0,1,0,0,0,0,0,1,1,0,1,1,0
353,0,1,0,1,0,0,3,1,1,1,1,0,0,0,0,0,0,1,2,1,1,0,0,0,0,0,1,0,0,0,0,0,0,0,0,2,0,0,0,1
354,0,0,0,0,0,0,3,0,0,0,1,1,0,0,0,0,0,2,1,1,0,0,1,0,0,0,0,0,0,0,0,0,0,0,0,1,2,0,0,0
355,0,0,3,0,0,0,1,0,0,1,1,0,0,0,0,0,0,0,1,0,0,0,1,1,0,1,0,0,0,0,0,0,1,0,0,1,0,0,0,0
356,0,0,3,0,2,7,3,1,0,0,1,1,0,0,5,2,0,0,3,4,0,0,1,1,0,0,0,1,1,1,3,0,0,0,0,1,0,0,0,0
357,0,0,3,0,2,0,0,1,0,0,0,2,0,0,1,2,0,0,0,0,1,0,1,1,0,0,0,1,0,0,0,1,1,3,0,0,1,0,0,0
358,0,1,1,0,0,0,0,1,1,0,0,2,0,0,1,2,0,0,0,0,0,0,6,0,0,0,1,1,0,1,0,1,2,0,1,0,0,0,0,0
359,0,1,1,5,0,0,0,1,0,0,0,0,0,0,1,2,0,0,0,0,1,0,0,1,0,0,1,0,0,1,0,0,2,0,1,0,1,0,0,0
360,3,0,1,0,0,0,0,1,0,0,0,1,0,0,1,0,0,0,0,0,2,0,0,1,2,0,0,0,3,2,0,0,2,0,0,0,1,0,1,0
361,0,0,0,0,0,0,0,1,1,1,0,0,0,0,0,0,0,0,0,0,1,0,0,1,1,0,0,0,0,2,0,0,2,0,0,1,0,1,0,0
362,3,1,1,0,0,0,1,1,1,2,7,0,0,0,0,0,0,0,0,0,1,0,0,2,1,0,1,0,0,1,0,1,2,5,0,0,0,0,0,0
363,0,0,0,0,0,0,0,1,0,0,0,0,0,0,0,0,4,0,1,0,1,2,0,0,1,0,0,2,2,0,0,0,2,1,1,1,0,1,1,0
364,0,0,0,3,0,0,0,0,0,2,3,0,2,0,1,3,2,0,0,0,1,0,1,0,2,0,1,0,2,0,0,2,0,1,0,0,2,0,0,0
365,0,0,0,0,0,0,0,0,0,0,0,2,1,0,0,2,0,0,0,0,2,0,0,0,0,0,0,2,1,0,0,2,0,0,0,0,0,0,0,0
366,0,0,0,0,0,0,0,0,0,0,0,0,2,0,0,0,0,0,0,0,2,0,0,0,0,0,0,0,0,0,0,2,0,0,0,0,0,1,0,0
367,0,0,0,0,0,0,0,0,0,0,0,0,2,0,0,0,0,0,0,0,0,0,0,0,0,0,0,0,0,0,0,0,0,0,0,0,0,0,0,0
368,0,0,0,0,0,0,0,0,0,0,0,0,0,0,0,0,0,0,0,0,0,0,0,0,0,0,0,0,0,0,0,0,0,0,0,0,0,0,0,0
369,0,0,0,0,0,0,0,0,0,0,0,0,0,0,0,0,0,0,0,0,0,0,0,0,0,0,0,0,0,0,0,0,0,0,0,0,0,0,0,0
370,0,0,0,0,0,0,0,0,0,0,0,0,0,0,0,0,0,0,0,0,0,0,0,0,0,0,0,0,0,0,0,0,0,0,0,0,0,0,0,0
371,0,0,0,0,0,0,0,0,0,0,0,0,0,0,0,0,0,0,0,0,0,0,0,0,0,0,0,0,0,0,0,0,0,0,0,0,0,0,0,0
372,0,0,0,0,0,0,0,0,0,0,0,0,0,0,0,0,0,0,0,0,0,0,0,0,0,0,0,0,0,0,0,0,0,0,0,0,0,0,0,0
373,0,0,0,0,0,0,0,0,0,0,0,0,0,0,0,0,0,0,0,0,0,0,0,0,0,0,0,0,0,0,0,0,0,0,0,0,0,0,0,0
374,0,0,0,0,0,0,0,0,0,0,0,0,0,0,0,0,0,0,0,0,0,0,0,0,0,0,0,0,0,0,0,0,0,0,0,0,0,0,0,0
375,0,0,0,0,0,0,0,0,0,0,0,0,0,0,0,0,0,0,0,0,0,0,0,0,0,0,0,0,0,0,0,0,0,0,0,0,0,0,0,0
376,0,0,0,0,0,0,0,0,0,0,0,0,0,0,0,0,0,0,0,0,0,0,0,0,0,0,0,0,0,0,0,0,0,0,0,0,0,0,0,0
377,0,0,0,0,0,0,0,0,0,0,0,0,0,0,0,0,0,0,0,0,0,0,0,0,0,0,0,0,0,0,0,0,0,0,0,0,0,0,0,0
378,0,0,0,0,0,0,0,0,0,0,0,0,0,0,0,0,0,0,0,0,0,0,0,0,0,0,0,0,0,0,0,0,0,0,0,0,0,0,0,0
379,0,0,0,0,0,0,0,0,0,0,0,0,0,0,0,0,0,0,0,0,0,0,0,0,0,0,0,0,0,0,0,0,0,0,0,0,0,0,0,0
380,0,0,0,0,0,0,0,0,0,0,0,0,0,0,0,0,0,0,0,0,0,0,0,0,0,0,0,0,0,0,0,0,0,0,0,0,0,0,0,0
381,0,0,0,0,0,0,0,0,0,0,0,0,0,0,0,0,0,0,0,0,0,0,0,0,0,0,0,0,0,0,0,0,0,0,0,0,0,0,0,0
382,0,0,0,0,0,0,0,0,0,0,0,0,0,0,0,0,0,0,0,0,0,0,0,0,0,0,0,0,0,0,0,0,0,0,0,0,0,0,0,0
383,0,0,0,0,0,0,0,0,0,0,0,0,0,0,0,0,0,0,0,0,0,0,0,0,0,0,0,0,0,0,0,0,0,0,0,0,0,0,0,0
384,0,0,0,0,0,0,0,0,0,0,0,0,0,0,0,0,0,0,0,0,0,0,0,0,0,0,0,0,0,0,0,0,0,0,0,0,0,0,0,0
385,0,0,0,0,0,0,0,0,0,0,0,0,0,0,0,0,0,0,0,0,0,0,0,0,0,0,0,0,0,0,0,0,0,0,0,0,0,0,0,0
386,0,0,0,0,0,0,0,0,0,0,0,0,0,0,0,0,0,0,0,0,0,0,0,0,0,0,0,0,0,0,0,0,0,0,0,0,0,0,0,0
387,0,0,0,0,0,0,0,0,0,0,0,0,0,0,0,0,0,0,0,0,0,0,0,0,0,0,0,0,0,0,0,0,0,0,0,0,0,0,0,0
388,0,0,0,0,0,0,0,0,0,0,0,0,0,0,0,0,0,0,0,0,0,0,0,0,0,0,0,0,0,0,0,0,0,0,0,0,0,0,0,0
389,0,0,0,0,0,0,0,0,0,0,0,0,0,0,0,0,0,0,0,0,0,0,0,0,0,0,0,0,0,0,0,0,0,0,0,0,0,0,0,0
390,0,0,0,0,0,0,0,0,0,0,0,0,0,0,0,0,0,0,0,0,0,0,0,0,0,0,0,0,0,0,0,0,0,0,0,0,0,0,0,0
391,0,0,0,0,0,0,0,0,0,0,0,0,0,0,0,0,0,0,0,0,0,0,0,0,0,0,0,0,0,0,0,0,0,0,0,0,0,0,0,0
392,0,0,0,0,0,0,0,0,0,0,0,0,0,0,0,0,0,0,0,0,0,0,0,0,0,0,0,0,0,0,0,0,0,0,0,0,0,0,0,0
393,0,0,0,0,0,0,0,0,0,0,0,0,0,0,0,0,0,0,0,0,0,0,0,0,0,0,0,0,0,0,0,0,0,0,0,0,0,0,0,0
394,0,0,0,0,0,0,0,0,0,0,0,0,0,0,0,0,0,0,0,0,0,0,0,0,0,0,0,0,0,0,0,0,0,0,0,0,0,0,0,0
395,0,0,0,0,0,0,0,0,0,0,0,0,0,0,0,0,0,0,0,0,0,0,0,0,0,0,0,0,0,0,0,0,0,0,0,0,0,0,0,0
396,0,0,0,0,0,0,0,0,0,0,0,0,0,0,0,0,0,0,0,0,0,0,0,0,0,0,0,0,0,0,0,0,0,0,0,0,0,0,0,0
397,0,0,0,0,0,0,0,0,0,0,0,0,0,0,0,0,0,0,0,0,0,0,0,0,0,0,0,0,0,0,0,0,0,0,0,0,0,0,0,0
398,0,0,0,0,0,0,0,0,0,0,0,0,0,0,0,0,0,0,0,0,0,0,0,0,0,0,0,0,0,0,0,0,0,0,0,0,0,0,0,0
399,0,0,0,0,0,0,0,0,0,0,0,0,0,0,0,0,0,0,0,0,0,0,0,0,0,0,0,0,0,0,0,0,0,0,0,0,0,0,0,0
400,0,0,0,0,0,0,0,0,0,0,0,0,0,0,0,0,0,0,0,0,0,0,0,0,0,0,0,0,0,0,0,0,0,0,0,0,0,0,0,0
401,0,0,0,0,0,0,0,0,0,0,0,0,0,0,0,0,0,0,0,0,0,0,0,0,0,0,0,0,0,0,0,0,0,0,0,0,0,0,0,0
402,0,0,0,0,0,0,0,0,0,0,0,0,0,0,0,0,0,0,0,0,0,0,0,0,0,0,0,0,0,0,0,0,0,0,0,0,0,0,0,0
403,0,0,0,0,0,0,0,0,0,0,0,0,0,0,0,0,0,0,0,0,0,0,0,0,0,0,0,0,0,0,0,0,0,0,0,0,0,0,0,0
404,0,0,0,0,0,0,0,0,0,0,0,0,0,0,0,0,0,0,0,0,0,0,0,0,0,0,0,0,0,0,0,0,0,0,0,0,0,0,0,0
405,0,0,0,0,0,0,0,0,0,0,0,0,0,0,0,0,0,0,0,0,0,0,0,0,0,0,0,0,0,0,0,0,0,0,0,0,0,0,0,0
406,0,0,0,0,0,0,0,0,0,0,0,0,0,0,0,0,0,0,0,0,0,0,0,0,0,0,0,0,0,0,0,0,0,0,0,0,0,0,0,0
407,0,0,0,0,0,0,0,0,0,0,0,0,0,0,0,0,0,0,0,0,0,0,0,0,0,0,0,0,0,0,0,0,0,0,0,0,0,0,0,0
408,0,0,0,0,0,0,0,0,0,0,0,0,0,0,0,0,0,0,0,0,0,0,0,0,0,0,0,0,0,0,0,0,0,0,0,0,0,0,0,0
409,0,0,0,0,0,0,0,0,0,0,0,0,0,0,0,0,0,0,0,0,0,0,0,0,0,0,0,0,0,0,0,0,0,0,0,0,0,0,0,0
410,0,0,0,0,0,0,0,0,0,0,0,0,0,0,0,0,0,0,0,0,0,0,0,0,0,0,0,0,0,0,0,0,0,0,0,0,0,0,0,0
411,0,0,0,0,0,0,0,0,0,0,0,0,0,0,0,0,0,0,0,0,0,0,0,0,0,0,0,0,0,0,0,0,0,0,0,0,0,0,0,0
412,0,0,0,0,0,0,0,0,0,0,0,0,0,0,0,0,0,0,0,0,0,0,0,0,0,0,0,0,0,0,0,0,0,0,0,0,0,0,0,0
413,0,0,0,0,0,0,0,0,0,0,0,0,0,0,0,0,0,0,0,0,0,0,0,0,0,0,0,0,0,0,0,0,0,0,0,0,0,0,0,0
414,0,0,0,0,0,0,0,0,0,0,0,0,0,0,0,0,0,0,0,0,0,0,0,0,0,0,0,0,0,0,0,0,0,0,0,0,0,0,0,0
415,0,0,0,0,0,0,0,0,0,0,0,0,0,0,0,0,0,0,0,0,0,0,0,0,0,0,0,0,0,0,0,0,0,1,0,0,0,0,0,0
416,0,0,0,0,0,0,0,0,0,0,0,0,0,0,0,0,0,0,0,0,0,0,0,0,0,0,0,0,0,0,0,0,0,0,0,0,0,0,0,0
417,0,0,0,0,0,0,0,0,0,0,0,0,0,0,0,0,0,0,0,0,0,0,0,0,0,0,0,0,0,0,0,0,0,0,0,0,0,0,0,0
418,0,0,0,0,0,0,0,0,0,0,0,0,0,0,0,0,0,0,0,0,0,0,0,0,0,0,0,0,0,0,0,0,0,0,0,0,0,0,0,0
419,0,0,0,0,0,0,0,0,0,0,0,0,0,0,0,0,0,0,0,0,0,0,0,0,0,0,0,0,0,0,0,0,0,0,0,0,0,0,0,0
420,0,0,0,0,0,0,0,0,0,0,0,0,0,0,0,0,0,0,0,0,0,0,0,0,0,0,0,0,0,0,0,0,0,0,0,0,0,0,0,0
421,0,0,0,0,0,0,0,0,0,0,0,0,0,0,0,0,0,0,0,0,0,0,0,0,0,0,0,0,0,0,0,0,0,0,0,0,0,0,0,0
422,0,0,0,0,0,0,0,0,0,0,0,0,0,0,0,0,0,0,0,0,0,0,0,0,0,0,0,0,0,0,0,0,0,0,0,0,0,0,0,0
423,0,0,0,0,0,0,0,0,0,0,0,0,0,0,0,0,0,0,0,0,0,0,0,0,0,0,0,0,0,0,0,0,0,0,0,0,0,0,0,0
424,0,0,0,0,0,0,0,0,0,0,0,0,0,0,0,0,0,0,0,0,0,0,0,0,0,0,0,0,0,0,0,0,0,0,0,0,0,0,0,0
425,0,0,0,0,0,0,0,0,0,0,0,0,0,0,0,0,0,0,0,0,0,0,0,0,0,0,0,0,0,0,0,0,0,0,0,0,0,0,0,0
426,0,0,0,0,0,0,0,0,0,0,0,0,0,0,0,0,0,0,0,0,0,0,0,0,0,0,0,0,0,0,0,0,0,0,0,0,0,0,0,0
427,0,0,0,0,0,0,0,0,0,0,0,0,0,0,0,0,0,0,0,0,0,0,0,0,0,0,0,0,0,0,0,0,0,0,0,0,0,0,0,0
428,0,0,0,0,0,0,0,0,0,0,0,0,0,0,0,0,0,0,0,0,0,0,0,0,0,0,0,0,0,0,0,0,0,0,0,0,0,0,0,0
429,0,0,0,0,0,0,0,0,0,0,0,0,0,0,0,0,0,0,0,0,0,0,0,0,0,0,0,0,0,0,0,0,0,0,0,0,0,0,0,0
430,0,0,0,0,0,0,0,0,0,0,0,0,0,0,0,0,0,0,0,0,0,0,0,0,0,0,0,0,0,0,0,0,0,0,0,0,0,0,0,0
431,0,0,0,0,0,0,0,0,0,0,0,0,0,0,0,0,0,0,0,0,0,0,0,0,0,0,0,0,0,0,0,0,0,0,0,0,0,0,0,0
432,0,0,0,0,0,0,0,0,0,0,0,0,0,0,0,0,0,0,0,0,0,0,0,0,0,0,0,0,0,0,0,0,0,0,0,0,0,0,0,0
433,0,0,0,0,0,0,0,0,0,0,0,0,0,0,0,0,0,0,0,0,0,0,0,0,0,0,0,0,0,0,0,0,0,0,0,0,0,0,0,0
434,0,0,0,0,0,0,0,0,0,0,0,0,0,0,0,0,0,0,0,0,0,0,0,0,0,0,0,0,0,0,0,0,0,0,0,0,0,0,0,0
435,0,0,0,0,0,0,0,0,0,0,0,0,0,0,0,0,0,0,0,0,0,0,0,0,0,0,0,0,0,0,0,0,0,0,0,0,0,0,0,0
436,0,0,0,0,0,0,0,0,0,0,0,0,0,0,0,0,0,0,0,0,0,0,0,0,0,0,0,0,0,0,0,0,0,0,0,0,0,0,0,0
437,0,0,0,0,0,0,0,0,0,0,0,0,0,0,0,0,0,0,0,0,0,0,0,0,0,0,0,0,0,0,0,0,0,0,0,0,0,0,0,0
438,0,0,0,0,0,0,0,0,0,0,0,0,0,0,0,0,0,0,0,0,0,0,0,0,0,0,0,0,0,0,0,0,0,0,0,0,0,0,0,0
439,0,0,0,0,0,0,0,0,0,0,0,0,0,0,0,0,0,0,0,0,0,0,0,0,0,0,0,0,0,0,0,0,0,0,0,0,0,0,0,0
440,0,0,0,0,0,0,0,0,0,0,0,0,0,0,0,0,0,0,0,0,0,0,0,0,0,0,0,0,0,0,0,0,0,0,0,0,0,0,0,0
441,0,0,0,0,0,0,0,0,0,0,0,0,0,0,0,0,0,0,0,0,0,0,0,0,0,0,0,0,0,0,0,0,0,0,0,0,0,0,0,0
442,0,0,0,0,0,0,0,0,0,0,0,0,0,0,0,0,0,0,0,0,0,0,0,0,0,0,0,0,0,0,0,0,0,0,0,0,0,0,0,0
443,0,0,0,0,0,0,0,0,0,0,0,0,0,0,0,0,0,0,0,0,0,0,0,0,0,0,0,0,0,0,0,0,0,0,0,0,0,0,0,0
444,0,0,0,0,0,0,0,0,0,0,0,0,0,0,0,0,0,0,0,0,0,0,0,0,0,0,0,0,0,0,0,0,0,0,0,0,0,0,0,0
445,0,0,0,0,0,0,0,0,0,0,0,0,0,0,0,0,0,0,0,0,0,0,0,0,0,0,0,0,0,0,0,0,0,0,0,0,0,0,0,0
446,0,0,0,0,0,0,0,0,0,0,0,0,0,0,0,0,0,0,0,0,0,0,0,0,0,0,0,0,0,0,0,0,0,0,0,0,0,0,0,0
447,0,0,0,0,0,0,0,0,0,0,0,0,0,0,0,0,0,0,0,0,0,0,0,0,0,0,0,0,0,0,0,0,0,0,0,0,0,0,0,0
448,0,0,0,0,0,0,0,0,0,0,0,0,0,0,0,0,0,0,0,0,0,0,0,0,0,0,0,0,0,0,0,0,0,0,0,0,0,0,0,0
449,0,0,0,0,0,0,0,0,0,0,0,0,0,0,0,0,0,0,0,0,0,0,0,0,0,0,0,0,0,0,0,0,0,0,0,0,0,0,0,0
450,0,0,0,0,0,0,0,0,0,0,0,0,0,0,0,0,0,0,0,0,0,0,0,0,0,0,0,0,0,0,0,0,0,0,0,0,0,0,0,0
451,0,0,0,0,0,0,0,0,0,0,0,0,0,0,0,0,0,0,0,0,0,0,0,0,0,0,0,0,0,0,0,0,0,0,0,0,0,0,0,0
452,0,0,0,0,0,0,0,0,0,0,0,0,0,0,0,0,0,0,0,0,0,0,0,0,0,0,0,0,0,0,0,0,0,0,0,0,0,0,0,0
453,0,0,0,0,0,0,0,0,0,0,0,0,0,0,0,0,0,0,0,0,0,0,0,0,0,0,0,0,0,0,0,0,0,0,0,0,0,0,0,0
454,0,0,0,0,0,0,0,0,0,0,0,0,0,0,0,0,0,0,0,0,0,0,0,0,0,0,0,0,0,0,0,0,0,0,0,0,0,0,0,0
455,0,0,0,0,0,0,0,0,0,0,0,0,0,0,0,0,0,0,0,0,0,0,0,0,0,0,0,0,0,0,0,0,0,0,0,0,0,0,0,0
456,0,0,0,0,0,0,0,0,0,0,0,0,0,0,0,0,0,0,0,0,0,0,0,0,0,0,0,0,0,0,0,0,0,0,0,0,0,0,0,0
457,0,0,0,0,0,0,0,0,0,0,0,0,0,0,0,0,0,0,0,0,0,0,0,0,0,0,0,0,0,0,0,0,0,0,0,0,0,0,0,0
458,0,0,0,0,0,0,0,0,0,0,0,0,0,0,0,0,0,0,0,0,0,0,0,0,0,0,0,0,0,0,0,0,0,0,0,0,0,0,0,0
459,0,0,0,0,0,0,0,0,0,0,0,0,0,0,0,0,0,0,0,0,0,0,0,0,0,0,0,0,0,0,0,0,0,0,0,0,0,0,0,0
460,0,0,0,0,0,0,0,0,0,0,0,0,0,0,0,0,0,0,0,0,0,0,0,0,0,0,0,0,0,0,0,0,0,0,0,0,0,0,0,0
461,0,0,0,0,0,0,0,0,0,0,0,0,0,0,0,0,0,0,0,0,0,0,0,0,0,0,0,0,0,0,0,0,0,0,0,0,0,0,0,0
462,0,0,0,0,0,0,0,0,0,0,0,0,0,0,0,0,0,0,0,0,0,0,0,0,0,0,0,0,0,0,0,0,0,0,0,0,0,0,0,0
463,0,0,0,0,0,0,0,0,0,0,0,0,0,0,0,0,0,0,0,0,0,0,0,0,0,0,0,0,0,0,0,0,0,0,0,0,0,0,0,0
464,0,0,0,0,0,0,0,0,0,0,0,0,0,0,0,0,0,0,0,0,0,0,0,0,0,0,0,0,0,0,0,0,0,0,0,0,0,0,0,0
465,0,0,0,0,0,0,0,0,0,0,0,0,0,0,0,0,0,0,0,0,0,0,0,0,0,0,0,0,0,0,0,0,0,0,0,0,0,0,0,0
466,0,0,0,0,0,0,0,0,0,0,0,0,0,0,0,0,0,0,0,0,0,0,0,0,0,0,0,0,0,0,0,0,0,0,0,0,0,0,0,0
467,0,0,0,0,0,0,0,0,0,0,0,0,0,0,0,0,0,0,0,0,0,0,0,0,0,0,0,0,0,0,0,0,0,0,0,0,0,0,0,0
468,0,0,0,0,0,0,0,0,0,0,0,0,0,0,0,0,0,0,0,0,0,0,0,0,0,0,0,0,0,0,0,0,0,0,0,0,0,0,0,0
469,0,0,0,0,0,0,0,0,0,0,0,0,0,0,0,0,0,0,0,0,0,0,0,0,0,0,0,0,0,0,0,0,0,0,0,0,0,0,0,0
470,0,0,0,0,0,0,0,0,0,0,0,0,0,0,0,0,0,0,0,0,0,0,0,0,0,0,0,0,0,0,0,0,0,0,0,0,0,0,0,0
471,0,0,0,0,0,0,0,0,0,0,0,0,0,0,0,0,0,0,0,0,0,0,0,0,0,0,0,0,0,0,0,0,0,0,0,0,0,0,0,0
472,0,0,0,0,0,0,0,0,0,0,0,0,0,0,0,0,0,0,0,0,0,0,0,0,0,0,0,0,0,0,0,0,0,0,0,0,0,0,0,0
473,0,0,0,0,0,0,0,0,0,0,0,0,0,0,0,0,0,0,0,0,0,0,0,0,0,0,0,0,0,0,0,0,0,0,0,0,0,0,0,0
474,0,0,0,0,0,0,0,0,0,0,0,0,0,0,0,0,0,0,0,0,0,0,0,0,0,0,0,0,0,0,0,0,0,0,0,0,0,0,0,0
475,0,0,0,0,0,0,0,0,0,0,0,0,0,0,0,0,0,0,0,0,0,0,0,0,0,0,0,0,0,0,0,0,0,0,0,0,0,0,0,0
476,0,0,0,0,0,0,0,0,0,0,0,0,0,0,0,0,0,0,0,0,0,0,0,0,0,0,0,0,0,0,0,0,0,0,0,0,0,0,0,0
477,0,0,0,0,0,0,0,0,0,0,0,0,0,0,0,0,0,0,0,0,0,0,0,0,0,0,0,0,0,0,0,0,0,0,0,0,0,0,0,0
478,0,0,0,0,0,0,0,0,0,0,0,0,0,0,0,0,0,0,0,0,0,0,0,0,0,0,0,0,0,0,0,0,0,0,0,0,0,0,0,0
479,0,0,0,0,0,0,0,0,0,0,0,0,0,0,0,0,0,0,0,0,0,0,0,0,0,0,0,0,0,0,0,0,0,0,0,0,0,0,0,0
480,0,0,0,0,0,0,0,0,0,0,0,0,0,0,0,0,0,0,0,0,0,0,0,0,0,0,0,0,0,0,0,0,0,0,0,0,0,0,0,0
481,0,0,0,0,0,0,0,0,0,0,0,0,0,0,0,0,0,0,0,Null,0,0,0,0,0,0,0,0,0,0,0,0,0,0,0,0,0,0,0,0
482,0,0,0,0,0,0,0,0,0,0,0,0,0,0,0,0,0,0,0,Null,0,0,0,0,0,0,0,0,0,0,0,0,0,0,0,0,0,0,0,0
483,0,0,0,0,0,0,0,0,0,0,0,0,0,0,0,0,0,0,0,Null,0,0,0,0,0,0,0,0,0,0,0,0,0,0,0,0,0,0,0,0
484,0,0,0,0,0,0,0,0,0,0,0,0,0,0,0,0,0,0,0,Null,0,0,0,0,0,0,0,0,0,0,0,0,0,0,0,0,0,0,0,0
485,0,0,0,0,0,0,0,0,0,0,0,0,0,0,0,0,0,0,0,Null,0,0,0,0,0,0,0,0,0,0,0,0,Null,0,0,0,0,0,0,0
486,0,0,0,0,0,Null,0,0,0,0,0,0,0,0,0,0,0,0,0,Null,0,0,0,0,0,0,0,0,0,0,0,0,Null,0,Null,0,0,0,0,Null
487,0,0,0,0,0,Null,0,Null,0,0,0,Null,0,Null,0,Null,0,0,Null,Null,Null,0,0,Null,Null,Null,0,0,0,0,Null,0,Null,0,Null,0,Null,0,0,Null