commitcycle_interval,aceph01_ceph-osd.0.asok.txt,aceph01_ceph-osd.1.asok.txt,aceph01_ceph-osd.2.asok.txt,aceph01_ceph-osd.3.asok.txt,aceph01_ceph-osd.4.asok.txt,aceph01_ceph-osd.5.asok.txt,aceph01_ceph-osd.6.asok.txt,aceph01_ceph-osd.7.asok.txt,aceph01_ceph-osd.8.asok.txt,aceph01_ceph-osd.9.asok.txt,aceph02_ceph-osd.10.asok.txt,aceph02_ceph-osd.11.asok.txt,aceph02_ceph-osd.12.asok.txt,aceph02_ceph-osd.13.asok.txt,aceph02_ceph-osd.14.asok.txt,aceph02_ceph-osd.15.asok.txt,aceph02_ceph-osd.16.asok.txt,aceph02_ceph-osd.17.asok.txt,aceph02_ceph-osd.18.asok.txt,aceph02_ceph-osd.19.asok.txt,aceph03_ceph-osd.20.asok.txt,aceph03_ceph-osd.21.asok.txt,aceph03_ceph-osd.22.asok.txt,aceph03_ceph-osd.23.asok.txt,aceph03_ceph-osd.24.asok.txt,aceph03_ceph-osd.25.asok.txt,aceph03_ceph-osd.26.asok.txt,aceph03_ceph-osd.27.asok.txt,aceph03_ceph-osd.28.asok.txt,aceph03_ceph-osd.29.asok.txt,aceph04_ceph-osd.30.asok.txt,aceph04_ceph-osd.31.asok.txt,aceph04_ceph-osd.32.asok.txt,aceph04_ceph-osd.33.asok.txt,aceph04_ceph-osd.34.asok.txt,aceph04_ceph-osd.35.asok.txt,aceph04_ceph-osd.36.asok.txt,aceph04_ceph-osd.37.asok.txt,aceph04_ceph-osd.38.asok.txt,aceph04_ceph-osd.39.asok.txt
0,10.878,5.643,5.912,5.407,10.702,5.402,5.801,8.633,7.011,5.577,9.469,5.79,5.912,5.076,12.302,9.79,14.307,5.773,12.77,12.149,9.389,6.054,7.916,6.704,5.71,10.661,9.835,5.619,11.925,9.967,5.428,9.251,16.12,10.045,5.699,10.441,6.295,5.671,7.463,10.163
1,0,0,0,0,0,0,0,0,0,0,0,0,0,0,0,0,0,0,0,0,0,0,0,0,0,0,0,0,0,0,0,0,0,0,0,0,0,0,0,0
2,0,0,0,0,0,0,0,0,0,0,0,0,0,0,0,0,0,0,0,0,0,0,0,0,0,0,0,0,0,0,0,0,0,0,0,0,0,0,0,0
3,0,0,0,0,0,0,0,0,0,0,0,0,0,0,0,0,0,0,0,0,0,0,0,0,0,0,0,0,0,0,0,0,0,0,0,0,0,0,0,0
4,0,0,0,0,0,0,0,0,0,0,0,0,0,0,0,0,0,0,0,0,0,0,0,0,0,0,0,0,0,0,0,0,0,0,0,0,0,0,0,0
5,0,0,0,0,0,0,0,0,0,0,0,0,0,0,0,0,0,0,0,0,0,0,0,0,0,0,0,0,0,0,0,0,0,0,0,0,0,0,0,0
6,0,0,0,0,0,0,0,0,0,0,0,0,0,0,0,0,0,0,0,0,0,0,0,0,0,0,0,0,0,0,0,0,6.518,0,0,0,0,0,0,0
7,0,0,0,0,0,0,9.413,0,0,0,0,0,0,0,0,8.336,0,0,0,7.294,0,0,0,0,0,0,0,0,0,0,0,0,0,0,0,0,0,0,0,8.01
8,0,0,0,0,0,0,0,0,0,0,8.562,0,0,0,0,0,8.576,0,8.768,0,0,0,0,0,0,0,9.361,0,9.032,0,10.718,9.095,0,0,0,8.233,0,0,0,0
9,0,0,0,0,0,0,0,0,0,0,0,0,0,0,9.508,0,0,11.047,0,0,10.592,0,0,0,0,0,0,0,0,0,0,0,0,0,0,0,0,0,0,0
10,0,12.345,12.165,0,0,13.077,0,11.208,0,0,0,11.896,0,12.446,0,0,0,0,0,0,0,0,11.637,0,0,0,0,0,0,0,0,0,0,0,0,0,11.523,0,0,0
11,0,0,0,0,0,0,0,0,0,13.649,0,0,0,0,0,0,0,0,0,0,0,0,0,0,0,12.404,0,0,0,0,0,0,6.166,0,12.875,0,0,0,0,0
12,0,0,0,0,0,0,6.153,0,0,0,0,0,0,0,0,0,0,0,0,0,0,0,0,13.917,0,0,0,0,0,0,0,0,0,0,0,0,0,0,0,0
13,0,0,0,0,0,0,0,0,0,0,0,0,0,0,0,6.299,6.058,0,0,5.999,0,0,0,0,16.049,0,0,0,0,0,0,0,0,0,0,0,0,0,0,0
14,0,0,0,17.241,0,0,0,0,0,0,0,0,16.564,0,0,0,0,0,0,0,0,0,0,0,0,0,0,16.571,5.907,0,6.945,5.857,0,0,0,6.324,0,17.094,0,0
15,0,0,0,0,0,0,0,0,17.828,0,0,0,0,0,0,0,0,0,0,0,6.291,0,0,0,0,0,0,0,0,0,0,0,0,0,0,0,5.913,0,17.611,0
16,17.464,6.394,6.169,0,17.153,0,0,6.331,0,0,0,6.286,0,0,0,0,0,0,0,0,0,17.669,0,0,0,0,0,0,0,0,0,0,0,0,0,0,0,0,0,0
17,0,0,0,0,0,0,0,0,0,0,0,0,0,0,0,0,0,0,0,0,0,0,0,0,0,6.107,0,0,0,0,0,0,0,0,0,0,0,0,0,0
18,0,0,0,0,0,0,5.875,0,0,0,0,0,0,0,0,0,5.799,0,0,0,0,0,0,6.187,0,0,0,0,0,20.006,0,0,0,19.882,0,0,0,0,0,11.745
19,0,0,0,6.02,0,0,0,0,0,0,11.984,0,0,0,0,0,0,10.312,0,0,0,0,0,0,0,0,0,0,0,0,0,0,0,0,0,0,0,0,0,0
20,0,0,0,0,0,0,0,0,0,0,0,0,6.068,0,0,0,0,0,0,0,0,0,0,0,6.443,0,0,6.536,6.233,0,0,0,0,0,0,0,5.641,0,0,0
21,0,0,5.724,0,0,11.51,0,6.249,0,0,0,5.774,0,0,0,0,0,0,13.602,0,6.125,0,0,0,0,0,0,0,0,0,0,0,0,0,0,0,0,0,0,0
22,0,0,0,0,6.605,0,0,0,0,0,0,0,0,0,0,0,0,0,0,0,0,6.392,0,0,0,0,14.618,0,0,0,0,0,11.925,0,0,0,0,8.83,0,0
23,7.246,0,0,0,0,0,0,0,8.093,0,0,0,0,0,0,0,0,0,0,0,0,0,0,0,0,6.083,0,0,0,0,0,0,0,0,0,0,0,0,7.904,0
24,0,0,0,0,0,0,0,0,0,14.187,0,0,0,15.763,16.267,12.241,0,6.291,0,0,0,0,15.87,0,0,0,0,0,0,0,0,0,0,6.389,14.885,0,0,0,0,0
25,0,0,0,6.058,0,0,0,0,0,0,7.247,0,0,0,0,0,0,0,0,0,0,0,0,0,6.033,0,0,0,0,7.312,11.024,0,0,0,0,12.267,0,0,0,7.012
26,0,0,0,0,0,0,0,0,0,0,0,0,6.033,0,0,0,0,0,0,14.268,0,0,0,0,0,0,0,0,0,0,0,0,0,0,0,0,0,0,0,0
27,0,0,0,0,0,0,0,0,0,0,0,0,0,0,0,0,0,0,6.54,0,0,6.225,0,0,0,0,0,0,0,0,0,0,0,0,0,0,0,0,0,0
28,0,13.459,0,0,6.241,7.92,0,0,6.24,0,0,0,0,0,0,0,0,0,0,0,0,0,0,0,0,5.999,6.849,0,0,0,0,15.251,0,0,0,0,0,6.364,0,0
29,6.065,0,0,0,0,0,11.816,0,0,0,0,0,0,0,0,0,0,0,0,0,0,0,0,0,0,0,0,0,0,0,0,0,7.7,6.141,0,0,0,0,6.541,0
30,0,0,0,0,0,0,0,0,0,0,0,0,0,0,0,6.207,0,6.133,0,0,0,0,0,0,0,0,0,0,0,0,0,0,0,0,0,0,0,0,0,5.966
31,0,0,0,0,0,0,0,0,0,7.358,5.924,0,0,0,7.083,0,0,0,0,0,0,0,7.394,0,0,0,0,0,12.341,6.441,6.557,0,0,0,6.957,6.415,0,0,0,0
32,0,0,0,0,0,0,0,0,0,0,0,0,0,7.789,0,0,14.692,0,0,7.643,0,0,0,0,0,0,0,0,0,0,0,0,0,0,0,0,0,0,0,0
33,0,0,0,0,0,0,0,0,0,0,0,0,0,0,0,0,0,0,7.077,0,0,6.059,0,0,0,0,0,0,0,0,0,0,0,0,0,0,0,0,0,0
34,0,6.98,0,0,0,6.355,5.982,0,0,0,0,0,0,0,0,0,0,0,0,0,0,0,0,16.835,0,0,6.359,0,0,0,0,6.891,0,0,0,0,14.485,0,0,0
35,0,0,0,0,0,0,0,0,0,0,0,0,0,0,0,6.467,0,5.874,0,0,0,0,0,0,0,0,0,0,0,0,0,0,6.832,0,0,0,0,0,6.267,0
36,0,0,15.95,12.246,0,0,0,0,0,0,6.442,16.225,0,0,0,0,0,0,0,0,16.014,0,0,0,0,8.317,0,0,0,0,5.982,0,0,0,6.124,0,0,0,0,6.568
37,0,0,0,0,0,0,0,0,0,6.167,0,0,11.941,6.249,7.625,0,0,0,0,0,0,0,6.701,0,0,0,0,18.283,0,0,0,0,0,0,0,7.134,0,0,0,0
38,0,0,0,0,11.918,0,0,0,0,0,0,0,0,0,0,0,6.589,0,0,0,0,0,0,0,0,0,0,0,7.793,0,0,0,0,0,0,0,0,0,0,0
39,11.004,0,0,0,0,0,0,19.202,0,0,0,0,0,0,0,0,0,0,0,6.891,0,0,0,0,14.707,0,0,0,0,0,0,0,0,10.219,0,0,0,0,0,0
40,0,6.726,0,0,0,6.973,6.275,0,0,0,0,0,0,0,0,0,0,0,0,0,0,0,0,0,0,0,0,0,0,0,0,6.876,0,0,0,0,6.992,0,0,0
41,0,0,0,0,0,0,0,0,13.426,0,0,0,0,0,0,6.491,0,0,0,0,0,0,0,0,0,0,0,0,0,10.918,0,0,0,0,0,0,0,0,0,0
42,0,0,0,6.72,0,0,0,0,0,0,0,7.308,0,0,0,0,0,0,0,0,0,0,0,8.889,0,6.408,0,0,0,0,7.01,0,7.734,0,0,0,0,0,0,0
43,0,0,7.716,0,0,0,0,0,0,0,0,0,7.225,0,0,0,0,8.859,0,0,0,0,0,0,0,0,0,0,0,0,0,0,0,0,0,0,0,16.549,0,0
44,0,0,0,0,0,0,0,0,0,0,0,0,0,0,0,0,0,0,0,0,8.58,0,0,0,0,0,0,0,6.424,0,0,0,0,0,0,0,0,0,0,0
45,0,0,0,0,0,0,0,7.189,0,0,0,0,0,0,0,0,7.968,0,0,0,0,0,0,0,0,0,11.46,0,0,0,0,0,0,6.867,0,0,0,0,0,0
46,0,0,0,0,8.016,0,6.215,0,0,0,11.059,0,0,0,0,0,0,0,0,0,0,14.112,0,0,8.267,0,0,0,0,0,0,0,0,0,0,0,6.833,0,0,11.668
47,9.618,0,0,0,0,0,0,0,6.866,0,0,0,0,0,0,0,0,0,15.921,0,0,0,0,0,0,0,0,11.395,0,0,0,0,0,0,11.608,0,0,0,0,0
48,0,0,0,6.474,0,0,0,0,0,13.003,0,6.524,0,0,0,0,0,0,0,0,0,0,0,6.767,0,6.941,0,0,0,8.117,0,0,0,0,0,0,0,0,0,0
49,0,0,6.617,0,0,0,0,0,0,0,0,0,6.391,13.361,0,0,0,6.077,0,0,0,0,0,0,0,0,0,0,0,0,0,0,0,0,0,12.81,0,0,0,0
50,0,0,0,0,0,0,0,0,0,0,0,0,0,0,0,0,0,0,0,12.962,0,0,0,0,0,0,0,0,0,0,8.742,0,0,0,0,0,0,0,17.473,0
51,0,0,0,0,6.448,0,0,0,0,0,0,0,0,0,14.851,0,0,0,0,0,7.814,0,0,0,0,0,0,0,0,0,0,12.592,0,7.4,0,0,0,0,0,0
52,0,0,0,0,0,0,0,0,0,0,0,0,0,0,0,0,0,0,0,0,0,0,15.769,0,7.026,0,8.974,0,0,0,0,0,0,0,0,0,0,0,0,0
53,6.654,14.007,0,0,0,0,0,0,7.249,0,7.272,0,0,0,0,0,0,0,0,0,0,0,0,0,0,0,0,0,0,0,0,0,12.017,0,0,0,0,11.451,0,7.667
54,0,0,0,0,0,15.51,10.0,0,0,0,0,0,0,0,0,14.593,0,0,7.031,0,0,9.408,0,0,0,6.291,0,0,0,0,0,0,0,0,8.385,0,0,0,0,0
55,0,0,0,7.675,0,0,0,0,0,0,0,0,7.15,0,0,0,0,6.983,0,0,0,0,0,0,0,0,0,0,12.467,6.773,0,0,0,0,0,0,0,0,0,0
56,0,0,0,0,0,0,0,12.25,0,8.637,0,0,0,7.806,0,0,0,0,0,0,0,0,0,0,0,0,0,0,0,0,6.624,0,0,0,0,8.333,0,0,0,0
57,0,0,0,0,6.09,0,0,0,0,0,0,0,0,0,6.964,0,0,0,0,0,0,0,0,0,0,0,0,0,0,0,0,0,0,0,0,0,11.925,0,0,0
58,0,0,0,0,0,0,0,0,0,0,0,0,0,0,0,0,13.883,0,0,8.064,0,0,7.247,0,0,0,6.298,0,0,0,0,0,0,0,0,0,0,0,0,0
59,6.225,0,0,0,0,0,0,0,0,0,5.932,0,0,0,0,0,0,0,0,0,0,0,0,0,0,0,0,0,0,0,0,8.216,0,0,0,0,0,0,0,6.066
60,0,0,0,0,0,0,6.124,0,0,0,0,0,0,0,0,0,0,0,6.692,0,0,6.441,0,0,0,0,0,0,0,0,0,0,6.914,0,6.574,0,0,0,10.939,0
61,0,8.517,0,0,0,7.389,0,0,0,0,0,14.119,0,0,0,6.455,0,6.224,0,0,11.667,0,0,0,0,0,0,0,0,0,0,0,0,0,0,0,0,0,0,0
62,0,0,15.008,0,0,0,0,0,0,6.64,0,0,0,6.675,0,0,0,0,0,0,0,0,0,15.418,0,0,0,0,7.766,0,6.541,0,0,0,0,6.424,0,0,0,0
63,0,0,0,0,0,0,0,0,0,0,0,0,0,0,6.641,0,6.307,0,0,0,0,0,0,0,0,0,0,0,0,0,0,0,0,12.673,0,0,0,0,0,0
64,0,0,0,0,0,0,0,0,0,0,6.083,0,0,0,0,0,0,0,0,6.367,0,0,6.833,0,0,11.567,6.383,0,0,0,0,0,0,0,0,0,7.453,0,0,5.9
65,0,0,0,0,0,0,0,8.91,12.315,0,0,0,0,0,0,0,0,0,0,0,0,0,0,0,14.098,0,0,19.687,0,12.048,0,6.365,6.182,0,0,0,0,12.119,0,0
66,0,0,0,12.11,0,0,6.182,0,0,0,0,0,0,0,0,6.233,0,0,0,0,0,0,0,0,0,0,0,0,0,0,0,0,0,0,6.692,0,0,0,0,0
67,0,6.607,0,0,0,6.538,0,0,0,0,0,0,0,0,0,0,0,0,0,0,6.982,0,0,0,0,0,0,0,0,0,0,0,0,0,0,0,0,0,0,0
68,0,0,6.302,0,12.067,0,0,0,0,0,0,7.314,13.883,0,0,0,0,0,0,0,0,0,0,6.73,0,0,0,0,6.116,0,6.399,0,0,0,0,6.491,0,0,0,0
69,0,0,0,0,0,0,0,0,0,0,0,0,0,0,0,0,6.241,0,0,6.133,0,0,0,0,0,0,0,0,0,0,0,0,0,0,0,0,6.032,0,0,0
70,0,0,0,0,0,0,0,0,0,0,0,0,0,0,0,0,0,0,0,0,0,0,0,0,0,6.565,0,0,0,0,0,6.217,0,7.887,0,0,0,0,11.113,0
71,13.2,0,0,0,0,0,5.916,6.69,0,0,0,0,0,0,0,0,0,0,0,0,0,0,0,0,0,0,0,0,0,0,0,0,0,0,0,0,0,0,0,0
72,0,0,0,0,0,0,0,0,8.585,0,0,0,0,0,0,6.024,0,12.692,0,0,0,0,0,0,7.64,0,0,7.777,0,0,0,0,0,0,0,0,0,8.552,0,0
73,0,6.308,0,7.121,0,0,0,0,0,0,0,0,0,0,0,0,0,0,0,0,6.275,14.635,0,0,0,0,0,0,0,8.583,0,0,0,0,0,0,0,0,0,0
74,0,0,6.458,0,6.556,0,0,0,0,0,11.109,6.474,6.374,0,0,0,0,0,0,0,0,0,0,6.55,0,0,0,0,6.367,0,0,0,0,0,0,0,0,0,0,10.875
75,0,0,0,0,0,0,0,0,0,0,0,0,0,0,13.158,0,6.458,0,0,0,0,0,0,0,0,0,0,0,0,0,0,0,0,0,0,0,6.099,0,0,0
76,0,0,0,0,0,0,0,0,0,15.427,0,0,0,0,0,0,0,0,16.956,0,0,0,0,0,0,6.466,0,0,0,0,0,0,0,6.659,0,0,0,0,0,0
77,6.407,0,0,0,0,0,0,6.342,0,0,0,0,0,16.454,0,0,0,0,0,0,0,0,0,0,0,0,13.985,0,0,0,10.149,0,12.727,0,0,0,0,0,0,0
78,0,0,0,6.299,0,0,0,0,6.239,0,0,0,0,0,0,0,0,0,0,0,0,0,0,0,6.241,0,0,0,0,0,0,0,0,0,0,10.558,0,6.453,8.722,0
79,0,0,0,0,0,0,0,0,0,0,0,0,0,0,0,0,0,6.814,0,0,6.634,6.349,16.04,0,0,0,0,0,0,6.707,0,0,0,0,13.149,0,0,0,0,0
80,0,0,0,0,6.842,14.075,0,0,0,0,0,0,6.35,0,0,0,0,0,0,11.302,0,0,0,0,0,0,0,0,0,0,0,0,0,0,0,0,0,0,0,0
81,0,0,0,0,0,0,10.841,0,0,0,7.123,0,0,0,0,9.701,0,0,0,0,0,0,0,0,0,0,0,0,0,0,0,0,0,0,0,0,0,0,0,7.224
82,0,10.808,0,0,0,0,0,0,0,0,0,0,0,0,0,0,0,0,7.59,0,0,0,0,0,0,6.426,0,0,0,0,0,0,0,0,0,0,0,0,0,0
83,7.051,0,0,0,0,0,0,0,0,0,0,0,0,0,0,0,0,0,0,0,0,0,0,0,0,0,7.275,11.825,0,0,6.475,13.434,0,7.284,0,0,0,0,0,0
84,0,0,10.633,6.458,0,0,0,0,6.709,0,0,0,0,0,10.126,0,0,0,0,0,0,0,0,0,6.484,0,0,0,0,0,0,0,0,0,0,0,10.608,6.7,0,0
85,0,0,0,0,0,0,0,0,0,9.876,0,0,0,8.887,0,0,11.001,6.469,0,0,0,6.668,0,0,0,0,0,0,0,7.209,0,0,0,0,0,8.025,0,0,0,0
86,0,0,0,0,0,0,0,0,0,0,6.175,13.547,0,0,0,0,0,0,0,7.784,0,0,0,13.276,0,0,0,0,13.792,0,0,0,10.065,0,7.899,0,0,0,7.875,0
87,0,0,0,0,0,0,6.683,0,0,0,0,0,0,0,0,7.466,0,0,0,0,0,0,9.68,0,0,0,0,0,0,0,0,0,0,0,0,0,0,0,0,6.767
88,0,0,0,0,0,9.216,0,0,0,0,0,0,0,0,0,0,0,0,0,0,10.077,0,0,0,0,0,0,0,0,0,0,0,0,0,0,0,0,0,0,0
89,0,7.241,0,0,0,0,0,0,0,0,0,0,0,0,0,0,0,0,7.876,0,0,0,0,0,0,0,6.808,0,0,0,6.525,7.124,0,0,0,0,0,0,0,0
90,0,0,0,0,0,0,0,14.828,0,0,0,0,0,0,0,0,0,0,0,0,0,0,0,0,0,0,0,0,0,0,0,0,0,0,0,0,0,0,0,0
91,0,0,7.951,0,0,0,0,0,0,6.915,0,0,12.592,0,7.281,0,6.255,6.688,0,0,0,6.625,0,0,0,0,0,0,0,0,0,0,0,0,0,6.722,0,0,0,0
92,0,0,0,0,0,0,0,0,0,0,6.131,0,0,7.49,0,0,0,0,0,6.507,0,0,0,0,0,0,0,10.619,0,0,0,0,6.664,0,6.899,0,8.652,0,7.308,0
93,0,0,0,0,13.726,0,6.491,0,0,0,0,0,0,0,0,6.299,0,0,0,0,0,0,0,0,10.376,0,0,0,7.206,0,0,0,0,0,0,0,0,0,0,6.266
94,0,0,0,11.625,0,6.907,0,0,0,0,0,8.744,0,0,0,0,0,0,0,0,0,0,7.73,0,0,13.69,0,0,0,0,0,0,0,12.561,0,0,0,0,0,0
95,13.515,6.625,0,0,0,0,0,0,12.5,0,0,0,0,0,0,0,0,0,0,0,7.59,0,0,10.074,0,0,0,0,0,0,6.483,6.325,0,0,0,0,0,0,0,0
96,0,0,0,0,0,0,0,0,0,0,0,0,0,0,0,0,6.409,0,0,0,0,0,0,0,0,0,0,0,0,0,0,0,0,0,0,0,0,0,0,0
97,0,0,6.973,0,0,0,0,7.439,0,0,0,0,0,0,0,0,0,0,0,0,0,0,0,0,0,0,0,0,0,12.323,0,0,0,0,0,0,0,0,0,0
98,0,0,0,0,0,0,6.133,0,0,0,0,0,0,0,0,6.149,0,0,0,0,0,0,0,0,0,0,0,0,6.298,0,0,0,6.208,0,0,0,6.508,0,0,0
99,0,0,0,0,7.631,0,0,0,0,0,0,0,9.05,0,0,0,0,0,0,0,0,0,0,0,7.199,0,0,7.381,0,0,0,0,0,0,0,0,0,0,0,0
100,0,0,0,6.421,0,0,0,0,0,0,0,6.525,0,0,0,0,0,0,0,0,6.25,0,0,0,0,6.274,0,0,0,0,0,0,0,0,0,0,0,17.226,0,0
101,0,0,0,0,0,0,0,0,6.932,0,10.75,0,0,0,0,0,0,11.532,0,0,0,11.359,0,6.44,0,0,0,0,0,0,0,0,0,7.74,0,0,0,0,0,0
102,7.272,0,0,0,0,0,0,6.365,0,0,0,0,0,0,0,0,6.258,0,14.21,0,0,0,0,0,0,0,14.027,0,0,0,0,0,0,0,0,0,0,0,0,10.508
103,0,0,6.183,0,0,0,0,0,0,0,0,0,0,0,13.601,0,0,0,0,0,0,0,0,0,0,0,0,0,0,7.006,0,0,0,0,0,13.366,0,0,0,0
104,0,0,0,0,0,0,0,0,0,0,0,0,0,13.7,0,0,0,0,0,0,0,0,0,0,0,0,0,0,0,0,0,0,0,0,0,0,6.408,0,13.31,0
105,0,11.347,0,0,6.669,0,0,0,0,0,0,6.291,6.482,0,0,0,0,0,0,0,0,0,0,0,6.374,0,0,6.508,0,0,11.491,0,0,0,0,0,0,0,0,0
106,0,0,0,6.383,0,0,0,0,0,0,0,0,0,0,0,0,0,0,0,0,6.167,0,12.876,0,0,6.71,0,0,0,0,0,12.358,0,0,0,0,0,7.006,0,0
107,0,0,0,0,0,14.113,0,0,6.124,17.218,6.198,0,0,0,0,0,0,6.207,0,15.845,0,6.233,0,0,0,0,0,0,0,0,0,0,0,6.5,16.616,0,0,0,0,0
108,6.666,0,0,0,0,0,0,0,0,0,0,0,0,0,0,10.375,0,0,0,0,0,0,0,0,0,0,0,0,0,0,0,0,11.594,0,0,0,0,0,0,6.668
109,0,0,0,0,0,0,12.116,0,0,0,0,0,0,0,0,0,0,0,7.557,0,0,0,0,0,0,0,8.106,0,12.217,6.717,0,0,0,0,0,6.708,0,0,0,0
110,0,0,0,0,0,0,0,0,0,0,0,0,0,0,0,0,0,0,0,0,0,0,0,0,0,0,0,0,0,0,0,0,0,0,0,0,0,0,0,0
111,0,0,0,0,0,0,0,0,0,0,0,0,6.291,0,8.949,0,10.301,0,0,0,0,0,0,0,6.241,0,0,0,0,0,6.599,0,0,0,0,0,0,0,7.749,0
112,0,0,0,6.382,6.678,0,0,0,0,0,0,0,0,7.954,0,0,0,6.301,0,0,0,0,0,0,0,0,0,0,0,0,0,0,0,0,0,0,0,6.659,0,0
113,0,8.335,0,0,0,0,0,0,0,0,6.385,0,0,0,0,0,0,0,0,7.196,0,6.792,0,13.997,0,0,0,0,0,0,0,0,0,0,6.923,0,0,0,0,0
114,0,0,0,0,0,0,0,0,0,7.315,0,0,0,0,0,7.108,0,0,0,0,0,0,9.067,0,0,0,0,0,0,0,0,8.402,0,0,0,0,0,0,0,6.539
115,6.916,0,0,0,0,9.192,6.524,0,0,0,0,0,0,0,0,0,0,0,0,0,9.652,0,0,0,0,0,0,0,0,0,0,0,7.373,0,0,0,0,0,0,0
116,0,0,14.976,0,0,0,0,0,0,0,0,11.926,0,0,0,0,0,0,7.042,0,0,0,0,0,0,11.034,6.907,0,0,0,0,0,0,0,0,6.758,13.252,0,0,0
117,0,0,0,0,0,0,0,16.203,0,0,0,0,0,0,0,0,0,0,0,0,0,0,0,0,0,0,0,14.103,8.883,0,6.541,0,0,0,0,0,0,0,0,0
118,0,0,0,0,0,0,0,0,0,0,0,0,0,0,7.373,0,6.981,6.355,0,0,0,0,0,0,0,0,0,0,0,0,0,0,0,0,0,0,0,0,7.172,0
119,0,6.783,0,0,0,0,0,0,12.409,0,6.408,0,0,7.536,0,0,0,0,0,6.307,0,0,0,0,0,0,0,0,0,0,0,0,0,0,6.717,0,0,0,0,0
120,0,0,0,0,0,0,0,0,0,7.126,0,0,0,0,0,5.982,0,0,0,0,0,0,0,0,0,0,0,0,0,0,0,6.657,0,0,0,0,0,0,0,6.025
121,0,0,0,10.109,0,0,6.157,0,0,0,0,0,0,0,0,0,0,0,0,0,0,0,6.916,0,11.168,0,0,0,0,0,0,0,6.216,15.053,0,6.391,0,0,0,0
122,0,0,0,0,0,7.107,0,0,0,0,0,0,0,0,0,0,0,0,0,0,7.732,0,0,9.431,0,6.673,0,0,0,14.463,0,0,0,0,0,0,0,0,0,0
123,0,0,7.473,0,12.858,0,0,0,0,0,0,6.807,13.651,0,0,0,0,0,0,0,0,0,0,0,0,0,0,0,6.332,0,6.45,0,0,0,0,0,7.85,0,0,0
124,0,0,0,0,0,0,0,0,0,0,0,0,0,0,0,0,6.341,0,0,0,0,0,0,0,0,0,0,0,0,0,0,0,0,0,0,0,0,13.11,0,0
125,11.125,6.298,0,0,0,0,0,8.139,0,0,0,0,0,0,0,0,0,0,0,0,0,12.617,0,0,0,0,0,8.88,0,0,0,0,0,0,0,0,0,0,0,0
126,0,0,0,0,0,0,5.957,0,0,0,0,0,0,0,0,6.057,0,0,0,0,0,0,0,0,0,0,11.868,0,0,0,0,6.341,0,0,0,0,0,0,0,0
127,0,0,0,6.631,0,0,0,0,9.317,0,0,0,0,0,0,0,0,0,0,0,6.082,0,0,0,6.365,6.175,0,0,0,0,0,0,0,0,0,0,0,0,0,0
128,0,0,0,0,0,0,0,0,0,0,0,6.292,0,0,0,0,0,11.083,13.376,0,0,0,0,6.657,0,0,0,0,0,0,0,0,0,0,0,0,0,0,0,0
129,0,0,6.674,0,0,0,0,0,0,0,0,0,6.732,0,0,0,0,0,0,0,0,0,0,0,0,0,0,0,6.408,7.829,0,0,0,0,0,0,6.383,0,0,10.092
130,0,0,0,0,6.572,0,0,0,0,0,12.192,0,0,0,0,0,6.333,0,0,0,0,0,0,0,0,0,0,0,0,0,0,0,0,10.015,0,0,0,0,13.55,0
131,7.083,0,0,0,0,0,0,6.532,0,0,0,0,0,0,0,0,0,0,0,12.651,0,0,0,0,0,0,0,6.798,0,0,0,0,0,0,0,0,0,0,0,0
132,0,0,0,0,0,0,0,0,0,13.394,0,0,0,14.414,14.643,0,0,0,0,0,0,8.102,12.988,0,5.999,0,0,0,0,0,9.533,0,0,0,14.208,11.584,0,8.757,0,0
133,0,0,0,6.174,0,0,0,0,6.432,0,0,0,0,0,0,0,0,0,0,0,6.551,0,0,0,0,6.44,7.316,0,0,0,0,0,13.917,0,0,0,0,0,0,0
134,0,0,0,0,0,0,0,0,0,0,0,0,0,0,0,0,0,6.44,0,0,0,0,0,0,0,0,0,0,0,0,0,0,0,0,0,0,0,0,0,0
135,0,0,0,0,0,13.878,0,0,0,0,0,0,6.358,0,0,0,0,0,8.116,0,0,0,0,0,0,0,0,0,0,6.616,0,0,0,0,0,0,0,0,0,6.507
136,0,12.51,0,0,6.458,0,0,0,0,0,6.131,0,0,0,0,11.054,0,0,0,0,0,0,0,0,0,0,0,0,0,0,0,10.818,0,6.332,0,0,0,0,0,0
137,6.533,0,0,0,0,0,11.391,0,0,0,0,0,0,0,0,0,0,0,0,0,0,0,0,0,0,0,0,0,0,0,0,0,0,0,0,0,0,0,0,0
138,0,0,0,0,0,0,0,0,0,0,0,0,0,0,0,0,0,0,0,7.476,0,6.532,0,0,6.608,0,6.624,0,0,0,0,0,0,0,0,0,0,0,9.064,0
139,0,0,0,6.368,0,0,0,0,6.457,6.923,0,11.34,0,7.657,7.925,0,0,0,0,0,0,0,7.654,0,0,0,0,0,0,0,7.316,0,0,0,7.54,7.992,11.364,6.866,0,0
140,0,0,0,0,0,0,0,0,0,0,0,0,0,0,0,0,11.168,6.359,0,0,0,0,0,13.659,0,0,0,0,0,0,0,0,0,0,0,0,0,0,0,0
141,0,0,0,0,0,0,0,0,0,0,0,0,0,0,0,0,0,0,0,0,0,0,0,0,0,0,0,0,13.209,0,0,0,0,0,0,0,0,0,0,0
142,0,0,0,0,0,0,0,0,0,0,7.076,0,0,0,0,0,0,0,7.792,0,10.217,0,0,0,0,0,0,0,0,0,0,7.567,9.084,0,0,0,0,0,0,7.702
143,0,7.172,14.785,0,0,8.914,6.357,0,0,0,0,0,0,0,0,7.805,0,0,0,0,0,6.467,0,0,0,0,0,12.519,0,0,0,0,0,0,0,0,0,0,0,0
144,0,0,0,0,0,0,0,0,0,0,0,0,0,0,0,0,0,0,0,6.867,0,0,0,0,0,0,0,0,0,0,0,0,0,0,0,0,0,0,0,0
145,0,0,0,0,0,0,0,15.836,0,6.834,0,0,10.588,6.859,6.932,0,0,0,0,0,0,0,0,0,0,0,6.916,0,0,0,6.325,0,0,0,6.8,0,0,0,0,0
146,0,0,0,0,0,0,0,0,0,0,0,0,0,0,0,0,6.573,6.559,0,0,0,0,8.027,0,0,13.935,0,0,0,0,0,0,0,0,0,7.015,0,0,8.377,0
147,0,0,0,0,0,0,0,0,0,0,0,8.902,0,0,0,0,0,0,0,0,0,0,0,0,0,0,0,0,7.156,0,0,0,6.357,0,0,0,0,0,0,0
148,11.214,0,0,0,0,0,0,0,0,0,6.173,0,0,0,0,6.065,0,0,0,0,0,0,0,9.258,11.459,0,0,0,0,0,0,6.248,0,0,0,0,8.921,0,0,6.023
149,0,0,0,10.909,14.626,0,6.475,0,0,0,0,0,0,0,0,0,0,0,0,0,6.857,0,0,0,0,0,0,0,0,0,0,0,0,0,0,0,0,0,0,0
150,0,7.241,0,0,0,7.992,0,0,0,0,0,0,0,0,0,0,0,0,0,6.325,0,0,0,0,0,0,0,0,0,0,0,0,0,0,0,0,0,0,0,0
151,0,0,8.443,0,0,0,0,0,0,0,0,0,0,0,0,0,6.174,0,0,0,0,0,0,0,0,0,0,0,0,17.628,6.853,0,0,16.08,0,0,0,0,0,0
152,0,0,0,0,0,0,0,7.147,0,0,0,0,0,0,0,0,0,0,0,0,0,0,0,0,0,0,0,0,0,0,0,0,0,0,0,0,0,0,0,0
153,0,0,0,0,0,0,0,0,14.699,0,0,6.523,8.396,0,0,0,0,0,0,0,0,0,0,0,0,7.471,0,0,6.291,0,0,0,0,0,0,0,6.339,15.527,0,0
154,7.635,0,0,0,0,0,5.849,0,0,0,0,0,0,0,0,6.133,0,0,0,0,0,0,0,6.263,6.289,0,0,12.008,0,0,0,6.375,0,0,0,0,0,0,0,0
155,0,0,0,6.171,0,0,0,0,0,0,0,0,0,0,0,0,0,10.206,13.793,0,6.484,13.059,0,0,0,0,0,0,0,0,0,0,0,0,0,0,0,0,0,0
156,0,0,6.007,0,7.648,0,0,0,0,0,0,0,0,0,0,0,0,0,0,0,0,0,0,0,0,0,0,0,0,0,0,0,0,0,11.723,0,0,0,0,0
157,0,0,0,0,0,0,0,0,0,0,10.283,0,0,0,0,0,6.241,0,0,0,0,0,0,0,0,0,0,0,0,0,0,0,0,6.872,0,12.1,0,0,12.442,0
158,0,0,0,0,0,0,0,6.533,6.445,14.555,0,6.283,6.207,0,0,0,0,0,0,0,0,0,0,0,0,6.15,14.176,0,0,0,0,0,0,0,0,0,0,0,0,11.292
159,0,0,0,0,0,0,0,0,0,0,0,0,0,15.19,0,0,0,0,0,0,0,0,0,0,0,0,0,0,0,8.472,0,0,12.457,0,0,0,6.292,0,0,0
160,0,0,0,0,0,0,0,0,0,0,0,0,0,0,16.359,0,0,0,0,0,6.325,0,14.874,0,6.508,0,0,0,0,0,10.682,0,0,0,0,0,0,8.298,0,0
161,6.723,12.123,0,6.4,0,0,0,0,0,0,0,0,0,0,0,0,0,6.182,0,0,0,6.106,0,0,0,0,0,0,0,0,0,0,0,0,0,0,0,0,0,0
162,0,0,0,0,6.355,12.748,0,0,0,0,0,0,0,0,0,0,0,0,0,12.819,0,0,0,0,0,0,0,0,0,0,0,0,0,0,0,0,0,0,0,0
163,0,0,0,0,0,0,0,0,0,0,6.076,0,0,0,0,9.934,0,0,8.631,0,0,0,0,0,0,0,0,0,0,0,0,0,0,6.592,0,6.542,0,0,0,0
164,0,0,0,0,0,0,11.184,0,6.35,0,0,0,6.466,0,0,0,0,0,0,0,0,0,0,0,0,6.425,0,11.224,12.584,0,0,10.543,0,0,8.242,0,0,0,0,6.657
165,0,0,0,0,0,0,0,0,0,0,0,0,0,0,0,0,0,0,0,0,0,0,0,0,0,0,7.299,0,0,6.741,0,0,0,0,0,0,0,0,7.949,0
166,0,0,0,6.299,0,0,0,0,0,8.074,0,0,0,0,0,0,9.258,0,0,0,0,0,0,0,0,0,0,0,0,0,0,0,8.084,0,0,0,0,0,0,0
167,6.717,0,12.004,0,0,0,0,0,0,0,0,0,0,8.617,7.665,0,0,6.416,0,0,0,6.567,7.8,0,0,0,0,0,0,0,7.116,0,0,0,0,0,0,6.815,0,0
168,0,8.518,0,0,0,0,0,0,0,0,0,0,0,0,0,0,0,0,0,7.216,0,0,0,14.938,0,0,0,0,0,0,0,0,0,0,0,0,0,0,0,0
169,0,0,0,0,0,7.833,0,0,0,0,6.664,0,0,0,0,0,0,0,0,0,0,0,0,0,0,0,0,0,0,0,0,0,0,0,0,6.432,0,0,0,0
170,0,0,0,0,0,0,6.081,0,0,0,0,0,0,0,0,7.158,0,0,7.651,0,10.576,0,0,0,0,0,0,0,0,0,0,6.899,0,0,6.857,0,0,0,0,6.159
171,0,0,0,0,0,0,0,14.685,0,0,0,13.692,0,0,0,0,0,0,0,0,0,0,0,0,12.125,0,6.792,0,0,0,0,0,0,0,0,0,0,0,6.717,0
172,0,0,0,0,0,0,0,0,0,6.827,0,0,0,0,0,0,0,0,0,0,0,0,0,0,0,0,0,0,8.19,0,0,0,6.418,0,0,0,13.828,0,0,0
173,0,0,6.854,0,12.724,0,0,0,0,0,0,0,0,6.768,0,0,7.732,6.391,0,0,0,0,0,0,0,0,0,10.51,0,0,6.483,0,0,0,0,0,0,0,0,0
174,0,0,0,0,0,0,0,0,0,0,0,0,0,0,7.117,0,0,0,0,6.799,0,0,7.841,0,0,0,0,0,0,0,0,0,0,0,0,0,0,0,0,0
175,0,6.564,0,0,0,6.808,0,0,0,0,6.291,0,0,0,0,6.366,0,0,0,0,0,0,0,0,0,12.234,0,0,0,0,0,0,0,0,0,6.442,0,0,0,6.233
176,0,0,0,10.209,0,0,6.491,0,0,0,0,0,13.393,0,0,0,0,0,0,0,6.808,0,0,0,0,0,0,0,0,0,0,6.467,0,0,6.534,0,0,0,0,0
177,0,0,0,0,0,0,0,0,0,0,0,0,0,0,0,0,0,0,0,0,0,0,0,9.746,0,0,0,0,6.107,12.668,0,0,0,15.72,0,0,0,0,0,0
178,0,0,0,0,0,0,0,0,15.435,0,0,7.007,0,0,0,0,0,0,0,0,0,12.659,0,0,0,0,0,0,0,0,0,0,6.392,0,0,0,0,0,0,0
179,0,0,6.356,0,0,0,0,8.474,0,0,0,0,0,0,0,0,6.184,0,0,0,0,0,0,0,8.716,0,0,0,0,0,6.657,0,0,0,0,0,7.69,13.543,0,0
180,0,0,0,0,0,0,0,0,0,0,0,0,0,0,0,0,0,0,0,0,0,0,0,0,0,0,0,7.45,0,0,0,0,0,0,0,0,0,0,0,0
181,15.709,6.6,0,0,8.442,0,5.899,0,0,0,0,0,0,0,0,6.124,0,0,0,0,0,0,0,0,0,6.247,0,0,0,0,0,6.05,0,0,0,0,0,0,0,0
182,0,0,0,6.565,0,0,0,0,0,0,0,0,0,0,0,0,0,10.417,0,0,6.299,0,0,0,0,0,0,0,0,0,0,0,0,0,0,0,0,0,0,0
183,0,0,0,0,0,0,0,0,0,11.292,0,0,0,0,0,0,0,0,0,0,0,0,0,6.673,0,0,13.516,0,6.174,0,0,0,0,0,0,0,0,0,0,0
184,0,0,0,0,0,0,0,0,6.137,0,0,6.391,7.863,0,0,0,6.057,0,14.533,0,0,0,0,0,0,0,0,0,0,7.589,0,0,0,0,0,0,0,0,0,0
185,0,0,6.45,0,0,0,0,6.198,0,0,10.766,0,0,0,0,0,0,0,0,0,0,0,0,0,6.149,0,0,0,0,0,0,0,0,8.415,0,0,6.167,0,15.22,10.3
186,0,0,0,0,0,11.108,0,0,0,0,0,0,0,0,12.796,0,0,0,0,0,0,7.758,0,0,0,6.041,0,6.582,0,0,0,0,0,0,0,0,0,0,0,0
187,0,0,0,6.133,6.382,0,0,0,0,0,0,0,0,0,0,0,0,0,0,13.857,0,0,13.626,0,0,0,0,0,0,0,0,0,0,0,0,0,0,0,0,0
188,6.787,0,0,0,0,0,0,0,0,0,0,0,0,0,0,0,0,6.215,0,0,6.058,0,0,0,0,0,0,0,0,0,9.708,0,0,0,13.423,15.116,0,9.108,0,0
189,0,0,0,0,0,0,0,0,0,0,0,0,6.024,0,0,0,0,0,0,0,0,0,0,0,0,0,0,0,0,6.016,0,0,12.084,0,0,0,0,0,0,0
190,0,0,0,0,0,0,0,0,6.025,7.749,5.807,0,0,17.591,0,9.6,0,0,0,0,0,0,0,0,6.241,0,7.099,0,0,0,0,0,0,0,0,0,0,0,0,6.083
191,0,0,0,0,0,0,10.274,0,0,0,0,0,0,0,0,0,0,0,8.259,0,0,5.958,0,0,0,0,0,0,0,0,0,10.542,0,6.117,0,0,0,0,0,0
192,0,11.745,0,0,0,6.866,0,0,0,0,0,0,0,0,0,0,0,0,0,0,0,0,0,0,0,6.299,0,0,0,0,0,0,0,0,0,0,0,0,0,0
193,0,0,0,6.34,6.358,0,0,0,0,0,0,0,0,0,8.082,0,0,0,0,0,0,0,0,0,0,0,0,0,0,0,0,0,0,0,0,0,0,0,8.376,0
194,6.526,0,0,0,0,0,0,0,0,0,0,0,0,0,0,0,11.268,6.091,0,0,0,0,7.883,0,0,0,0,0,11.541,0,6.256,0,0,0,6.655,6.481,0,6.647,0,0
195,0,0,0,0,0,0,0,0,0,5.999,0,12.191,5.941,0,0,0,0,0,0,8.423,0,0,0,12.777,0,0,6.417,0,0,6.651,0,0,0,0,0,0,0,0,0,0
196,0,0,0,0,0,0,0,0,6.382,0,6.142,0,0,6.983,0,6.491,0,0,0,0,0,0,0,0,0,0,0,0,0,0,0,0,0,0,0,0,0,0,0,6.355
197,0,0,0,0,0,0,6.399,13.642,0,0,0,0,0,0,0,0,0,0,0,0,10.21,6.325,0,0,0,0,0,0,0,0,0,6.425,8.415,0,0,0,13.659,0,0,0
198,0,0,0,0,0,6.565,0,0,0,0,0,0,0,0,0,0,0,0,7.025,0,0,0,0,0,0,0,0,12.259,0,0,0,0,0,0,0,0,0,0,0,0
199,0,7.577,15.016,0,0,0,0,0,0,0,0,0,0,0,0,0,0,0,0,0,0,0,0,0,0,0,0,0,0,0,0,0,0,0,0,0,0,0,6.784,0
200,0,0,0,0,0,0,0,0,0,0,0,0,0,0,7.225,0,6.255,6.259,0,0,0,0,6.942,0,0,0,0,0,7.166,0,6.375,0,0,0,6.634,6.542,0,0,0,0
201,0,0,0,0,0,0,0,0,0,6.702,6.19,6.417,0,0,0,0,0,0,0,6.224,0,0,0,0,0,9.759,6.474,0,0,0,0,0,0,0,0,0,0,0,0,6.007
202,0,0,0,10.201,0,0,6.359,0,0,0,0,0,0,6.693,0,6.382,0,0,0,0,0,0,0,0,0,0,0,0,0,0,0,0,0,0,0,0,0,0,0,0
203,0,0,0,0,0,0,0,0,0,0,0,0,0,0,0,0,0,0,0,0,7.239,0,0,9.639,13.584,0,0,0,0,0,0,6.483,6.524,13.81,0,0,0,0,0,0
204,0,0,0,0,0,6.959,0,0,0,0,0,0,0,0,0,0,0,0,0,0,0,0,0,0,0,0,0,0,0,0,0,0,0,0,0,0,8.192,0,0,0
205,0,6.759,7.007,0,0,0,0,8.497,10.342,0,0,0,11.143,0,0,0,0,0,0,0,0,0,0,0,0,0,0,0,0,0,6.7,0,0,0,0,0,0,13.302,0,0
206,14.177,0,0,0,14.876,0,0,0,0,0,0,0,0,0,0,0,6.425,0,0,0,0,0,0,0,0,0,0,0,6.241,11.958,0,0,0,0,0,0,0,0,0,0
207,0,0,0,0,0,0,0,0,0,0,0,6.557,0,0,0,6.15,0,0,0,6.818,0,0,0,0,0,6.399,0,9.958,0,0,0,0,0,0,0,0,0,0,0,0
208,0,0,0,0,0,0,5.923,0,0,0,0,0,0,0,0,0,0,0,0,0,0,12.594,0,0,0,0,0,0,0,0,0,6.258,0,0,0,0,0,0,0,0
209,0,0,0,7.012,0,0,0,0,0,0,0,0,0,0,0,0,0,0,0,0,6.408,0,0,6.54,7.313,0,0,0,0,0,0,0,0,0,0,0,0,0,0,0
210,0,0,0,0,0,0,0,0,0,0,0,0,0,0,0,0,0,11.826,0,0,0,0,0,0,0,0,0,0,0,0,0,0,0,0,0,0,6.166,0,0,9.735
211,0,0,6.188,0,0,0,0,6.578,6.29,0,10.517,0,6.423,0,0,0,0,0,14.627,0,0,0,0,0,0,0,10.685,0,0,0,0,0,0,8.575,0,11.925,0,0,14.024,0
212,0,0,0,0,0,0,0,0,0,0,0,6.115,0,0,13.481,0,6.166,0,0,0,0,0,0,0,0,0,0,0,6.4,6.807,0,0,0,0,12.399,0,0,0,0,0
213,0,0,0,0,6.797,0,0,0,0,0,0,0,0,0,0,0,0,0,0,0,0,0,14.437,0,0,6.533,0,6.807,0,0,0,0,0,0,0,0,0,0,0,0
214,8.254,0,0,0,0,0,0,0,0,0,0,0,0,12.508,0,0,0,0,0,0,0,0,0,0,0,0,0,0,0,0,9.507,0,12.35,0,0,0,0,9.14,0,0
215,0,11.891,0,6.433,0,0,0,0,0,0,0,0,0,0,0,0,0,0,0,0,6.358,7.228,0,0,6.417,0,0,0,0,0,0,0,0,0,0,0,0,0,0,0
216,0,0,0,0,0,0,0,0,0,0,0,0,0,0,0,0,0,0,0,10.245,0,0,0,0,0,0,0,0,0,0,0,0,0,0,0,0,6.592,0,0,0
217,0,0,0,0,0,14.238,0,0,6.583,16.574,6.84,0,6.576,0,0,0,0,6.798,0,0,0,0,0,0,0,0,0,0,0,0,0,9.617,0,6.709,0,0,0,0,0,6.824
218,0,0,0,0,0,0,11.55,0,0,0,0,0,0,0,0,11.375,0,0,8.283,0,0,0,0,0,0,6.509,7.209,0,0,6.684,0,0,0,0,6.707,0,0,0,0,0
219,0,0,0,0,7.042,0,0,0,0,0,0,0,0,0,8.268,0,0,0,0,0,0,0,0,0,0,0,0,0,0,0,0,0,0,0,0,0,0,0,8.777,0
220,6.862,0,0,0,0,0,0,0,0,0,0,0,0,0,0,0,0,0,0,0,0,0,0,0,0,0,0,0,0,0,0,0,0,0,0,9.632,0,6.957,0,0
221,0,0,11.141,6.766,0,0,0,0,0,0,0,0,0,8.592,0,0,0,0,0,0,0,6.583,0,0,0,0,0,0,0,0,7.257,0,7.859,0,0,0,0,0,0,0
222,0,0,0,0,0,0,0,12.4,0,0,0,0,0,0,0,0,11.76,6.199,0,0,0,0,9.796,13.794,0,0,0,0,0,0,0,0,0,0,0,0,0,0,0,0
223,0,7.849,0,0,0,0,0,0,7.259,7.247,6.7,0,6.416,0,0,0,0,0,0,7.525,0,0,0,0,0,0,0,0,12.409,0,0,0,0,0,0,0,0,0,0,6.634
224,0,0,0,0,0,0,0,0,0,0,0,0,0,0,0,7.398,0,0,0,0,0,0,0,0,0,0,6.924,12.618,0,0,0,0,0,0,6.759,0,0,0,0,0
225,0,0,0,0,0,0,6.748,0,0,0,0,0,0,0,0,0,0,0,7.125,0,0,0,0,0,0,0,0,0,0,0,0,8.2,0,0,0,0,0,0,0,0
226,0,0,0,0,0,9.201,0,0,0,0,0,0,0,0,7.247,0,0,0,0,0,12.227,0,0,0,12.092,0,0,0,0,0,0,0,0,0,0,6.874,10.96,0,7.434,0
227,0,0,0,0,0,0,0,0,0,0,0,16.069,0,0,0,0,0,0,0,0,0,6.626,0,0,0,0,0,0,0,0,6.392,0,6.407,0,0,0,0,0,0,0
228,0,0,7.953,0,0,0,0,0,0,0,0,0,0,7.108,0,0,6.298,6.979,0,0,0,0,0,0,0,0,0,0,0,0,0,0,0,0,0,0,0,0,0,6.241
229,0,7.225,0,0,0,0,0,0,0,0,5.915,0,0,0,0,0,0,0,0,6.208,0,0,7.224,0,0,10.765,0,0,6.256,0,0,0,0,0,0,0,0,0,0,0
230,10.87,0,0,10.25,0,0,6.358,0,0,7.723,0,0,0,0,0,6.24,0,0,0,0,0,0,0,0,0,0,6.317,0,0,0,0,0,0,0,6.899,0,0,0,0,0
231,0,0,0,0,13.503,0,0,9.319,0,0,0,0,9.576,0,0,0,0,0,0,0,0,0,0,10.231,0,0,0,0,0,14.2,0,6.191,0,0,0,0,0,0,0,0
232,0,0,0,0,0,7.059,0,0,9.583,0,0,0,0,0,0,0,0,0,0,0,6.098,0,0,0,0,0,0,0,0,0,0,0,0,0,0,6.099,6.64,0,0,0
233,0,0,0,0,0,0,0,0,0,0,0,6.937,0,0,0,0,0,0,0,0,0,0,0,0,0,0,0,10.116,0,0,6.741,0,6.3,17.186,0,0,0,0,0,0
234,0,0,6.205,0,0,0,0,0,0,0,0,0,0,0,0,0,6.408,0,0,0,0,0,0,0,0,0,0,0,0,0,0,0,0,0,0,0,0,0,0,0
235,0,6.082,0,0,0,0,0,0,0,0,0,0,0,0,0,0,0,0,0,0,0,0,0,0,8.941,6.574,0,0,6.333,0,0,0,0,0,0,0,0,15.735,0,0
236,0,0,0,0,0,0,5.748,6.234,0,0,0,0,0,0,0,6.358,0,0,0,0,0,0,0,0,0,0,0,0,0,0,0,6.0,0,0,0,0,0,0,0,0
237,7.312,0,0,7.598,0,0,0,0,0,0,0,0,0,0,0,0,0,0,0,0,0,10.741,0,6.373,0,0,0,0,0,0,0,0,0,0,0,0,0,0,0,0
238,0,0,0,0,0,0,0,0,6.873,0,0,0,7.29,0,0,0,0,9.904,0,0,6.459,0,0,0,0,0,0,0,0,0,0,0,0,0,0,0,6.158,0,0,0
239,0,0,0,0,7.912,0,0,0,0,0,11.642,6.107,0,0,0,0,0,0,15.394,0,0,0,0,0,0,0,10.568,6.423,0,8.005,0,0,0,0,0,0,0,0,0,11.825
240,0,0,6.024,0,0,0,0,0,0,0,0,0,0,0,14.815,0,6.466,0,0,12.269,0,0,0,0,6.432,6.292,0,0,0,0,0,0,0,0,0,0,0,0,15.169,0
241,0,0,0,0,0,0,0,0,0,0,0,0,0,0,0,0,0,0,0,0,0,0,0,0,0,0,0,0,6.458,0,0,0,0,8.615,0,0,0,0,0,0
242,0,0,0,0,0,0,0,0,0,0,0,0,0,16.009,0,0,0,0,0,0,0,0,0,0,0,0,0,0,0,0,0,0,0,0,0,0,0,0,0,0
243,6.299,0,0,6.345,0,0,0,6.491,0,0,0,0,0,0,0,0,0,6.382,0,0,6.208,6.793,0,0,0,0,0,0,0,0,11.049,0,0,0,0,0,0,8.781,0,0
244,0,0,0,0,0,13.423,0,0,6.183,14.935,0,0,6.433,0,0,0,0,0,0,0,0,0,16.051,0,0,0,0,0,0,0,0,0,0,0,14.508,12.659,6.417,0,0,0
245,0,0,0,0,6.35,0,0,0,0,0,6.173,0,0,0,0,0,0,0,0,0,0,0,0,0,0,0,0,0,0,6.342,0,0,0,0,0,0,0,0,0,0
246,0,0,0,0,0,0,0,0,0,0,0,0,0,0,0,10.75,0,0,7.949,6.884,0,0,0,0,6.525,6.607,6.607,0,0,0,0,0,13.868,0,0,0,0,0,0,6.991
247,0,12.934,0,0,0,0,12.075,0,0,0,0,0,0,0,0,0,0,0,0,0,0,0,0,0,0,0,0,0,0,0,0,11.309,0,7.067,0,0,0,0,0,0
248,0,0,0,0,0,0,0,0,0,0,0,0,0,0,0,0,9.142,0,0,0,0,0,0,0,0,0,0,0,0,0,0,0,0,0,0,0,0,0,0,0
249,6.733,0,0,6.275,0,0,0,0,0,0,0,0,0,0,9.827,0,0,6.249,0,0,0,6.686,0,0,0,0,0,0,8.817,0,6.516,0,0,0,0,0,0,0,8.991,0
250,0,0,0,0,0,0,0,0,6.658,6.799,0,0,6.433,7.773,0,0,0,0,0,0,0,0,7.273,14.683,0,0,0,0,0,0,0,0,0,0,7.065,6.599,0,6.974,0,0
251,0,0,0,0,0,0,0,0,0,0,6.233,0,0,0,0,0,0,0,0,0,0,0,0,0,0,0,0,0,0,0,0,0,0,0,0,0,0,0,0,0
252,0,0,0,0,0,8.465,0,0,0,0,0,14.142,0,0,0,6.749,0,0,6.742,6.443,9.976,0,0,0,0,0,6.633,0,0,0,0,6.449,0,0,0,0,0,0,0,6.333
253,0,7.465,14.05,0,0,0,6.573,0,0,0,0,0,0,0,0,0,0,0,0,0,0,0,0,0,0,0,0,0,0,0,0,0,8.056,0,0,0,10.268,0,0,0
254,0,0,0,0,0,0,0,0,0,0,0,0,0,0,0,0,0,0,0,0,0,0,0,0,0,0,0,16.369,0,0,0,0,0,0,0,0,0,0,0,0
255,0,0,0,0,0,0,0,13.869,0,0,0,0,0,0,7.231,0,0,6.509,0,0,0,6.559,0,0,0,9.65,0,0,6.931,0,6.517,0,0,0,0,0,0,0,7.008,0
256,0,0,0,0,12.667,0,0,0,0,6.801,6.291,0,0,6.85,0,0,8.157,0,0,0,0,0,0,0,0,0,0,0,0,12.815,0,0,0,0,6.449,6.758,0,0,0,0
257,0,0,0,0,0,0,0,0,0,0,0,0,0,0,0,0,0,0,0,0,0,0,6.876,0,11.201,0,0,0,0,0,0,0,0,0,0,0,0,0,0,6.275
258,0,0,0,0,0,6.707,6.116,0,0,0,0,0,0,0,0,6.375,0,0,0,6.576,0,0,0,8.883,0,0,6.574,0,0,0,0,6.366,0,0,0,0,0,0,0,0
259,0,0,0,10.826,0,0,0,0,10.175,0,0,8.317,10.084,0,0,0,0,0,0,0,6.59,0,0,0,0,0,0,0,0,0,0,0,6.449,12.578,0,0,6.666,0,0,0
260,0,6.674,8.356,0,0,0,0,0,0,0,0,0,0,0,0,0,0,0,0,0,0,0,0,0,0,0,0,0,0,0,0,0,0,0,0,0,0,0,0,0
261,0,0,0,0,0,0,0,0,0,0,0,0,0,0,0,0,0,0,0,0,0,0,0,0,0,0,0,0,6.5,0,6.525,0,0,0,0,0,0,0,0,0
262,0,0,0,0,0,0,0,7.557,0,0,0,0,0,0,0,0,6.617,0,0,0,0,0,0,0,0,7.14,0,8.155,0,0,0,0,0,0,0,0,0,13.76,0,0
263,15.32,0,0,0,0,0,0,0,0,0,0,0,0,0,0,0,0,0,0,0,0,0,0,0,0,0,0,0,0,0,0,0,0,0,0,0,0,0,0,0
264,0,0,0,0,8.381,0,6.308,0,0,0,0,0,0,0,0,6.324,0,0,0,0,6.284,10.092,0,0,7.747,0,0,0,0,0,0,6.158,0,0,0,0,0,0,0,0
265,0,0,0,6.782,0,0,0,0,6.423,0,0,6.649,6.791,0,0,0,0,11.309,0,0,0,0,0,7.172,0,0,0,0,0,9.227,0,0,0,0,0,0,0,0,0,0
266,0,0,0,0,0,0,0,0,0,0,0,0,0,0,0,0,0,0,14.711,0,0,0,0,0,0,0,0,0,0,0,0,0,0,0,10.792,0,6.683,0,0,0
267,0,0,6.95,0,0,0,0,0,0,0,12.076,0,0,0,0,0,0,0,0,0,0,0,0,0,0,0,10.527,0,6.658,0,0,0,0,9.331,0,0,0,0,0,0
268,0,0,0,0,0,11.093,0,6.7,0,0,0,0,0,0,0,0,6.474,0,0,0,0,0,0,0,0,6.424,0,0,0,0,0,0,0,0,0,13.684,0,0,13.919,11.301
269,7.873,0,0,0,6.414,0,0,0,0,0,0,0,0,0,14.645,0,0,0,0,0,0,0,0,0,0,0,0,7.175,0,0,0,0,0,0,0,0,0,0,0,0
270,0,12.033,0,0,0,0,0,0,0,0,0,0,0,15.047,0,0,0,0,0,0,6.525,6.95,0,0,6.457,0,0,0,0,6.307,0,0,0,0,0,0,0,9.007,0,0
271,0,0,0,6.49,0,0,0,0,6.775,16.078,0,0,6.475,0,0,0,0,6.473,0,0,0,0,0,0,0,0,0,0,0,0,10.608,0,0,0,0,0,6.508,0,0,0
272,0,0,0,0,0,0,0,0,0,0,0,0,0,0,0,0,0,0,0,0,0,0,16.429,0,0,0,0,0,0,0,0,0,14.551,0,0,0,0,0,0,0
273,0,0,0,0,0,0,0,0,0,0,6.498,0,0,0,0,10.485,0,0,0,15.647,0,0,0,0,0,0,0,0,0,0,0,0,0,0,0,0,0,0,0,0
274,0,0,0,0,0,0,11.608,0,0,0,0,0,0,0,0,0,0,0,0,0,0,0,0,0,0,6.867,7.475,0,0,0,0,11.118,0,6.715,8.482,0,0,0,0,6.267
275,0,0,0,0,7.01,0,0,0,0,0,0,0,0,0,0,0,0,0,9.516,0,0,0,0,0,0,0,0,0,0,0,0,0,0,0,0,0,0,0,0,0
276,6.907,6.617,0,6.308,0,9.117,0,0,0,0,0,11.967,0,0,0,0,0,0,0,0,0,0,0,0,0,0,0,0,10.525,0,0,0,0,0,0,8.532,0,0,0,0
277,0,0,0,0,0,0,0,0,6.333,7.115,0,0,6.225,8.2,0,0,10.309,6.15,0,0,0,6.608,0,0,0,0,0,0,0,6.875,6.24,0,0,0,0,0,0,6.882,10.385,0
278,0,0,0,0,0,0,0,0,0,0,0,0,0,0,10.33,0,0,0,0,0,0,0,7.155,0,0,0,0,0,0,0,0,0,0,0,0,0,0,0,0,0
279,0,0,14.421,0,0,0,0,0,0,0,6.425,0,0,0,0,0,0,0,0,0,10.102,0,0,0,0,0,0,0,0,0,0,0,0,0,0,0,0,0,0,6.44
280,0,0,0,0,0,0,6.506,13.771,0,0,0,0,0,0,0,7.473,0,0,0,8.408,0,0,0,0,0,0,6.751,0,0,0,0,6.383,8.465,0,6.758,0,0,0,0,0
281,0,0,0,0,0,0,0,0,0,0,0,0,0,0,0,0,0,0,0,0,0,0,0,17.177,12.059,0,0,0,0,0,0,0,0,0,0,0,0,0,0,0
282,0,6.447,0,0,0,6.581,0,0,0,0,0,0,0,0,0,0,0,0,8.101,0,0,6.392,0,0,0,0,0,0,0,0,0,0,0,0,0,0,11.284,0,0,0
283,0,0,0,0,0,0,0,0,0,6.576,0,0,0,0,0,0,0,6.208,0,0,0,0,0,0,0,0,0,15.876,7.365,0,6.591,0,0,0,0,7.934,0,0,0,0
284,0,0,0,0,0,0,0,0,0,0,0,8.378,0,6.959,0,0,7.449,0,0,0,0,0,0,0,0,10.851,0,0,0,0,0,0,0,0,0,0,0,0,7.122,0
285,0,0,0,0,0,0,0,0,0,0,6.449,0,0,0,7.031,0,0,0,0,0,0,0,8.135,0,0,0,0,0,0,0,0,0,0,0,0,0,0,0,0,6.307
286,0,0,0,11.099,12.17,0,6.725,0,0,0,0,0,0,0,0,6.274,0,0,0,6.483,7.649,0,0,0,0,0,0,0,0,0,0,6.833,6.265,0,7.092,0,0,0,0,0
287,0,0,0,0,0,0,0,0,11.408,0,0,0,0,0,0,0,0,0,0,0,0,0,0,0,0,0,0,0,0,0,0,0,0,0,0,0,0,0,0,0
288,0,0,9.87,0,0,0,0,9.004,0,0,0,0,11.759,0,0,0,0,0,0,0,0,0,0,0,0,0,0,0,0,0,0,0,0,15.628,0,0,7.3,0,0,0
289,0,7.717,0,0,0,7.86,0,0,0,0,0,0,0,0,0,0,0,0,0,0,0,0,0,8.878,9.009,0,0,0,5.824,0,7.167,0,0,0,0,0,0,0,0,0
290,15.398,0,0,0,0,0,0,0,0,0,0,6.873,0,0,0,0,6.157,0,0,0,0,0,0,0,0,6.356,0,0,0,0,0,0,0,0,0,0,0,0,0,0
291,0,0,0,0,0,0,0,0,0,0,0,0,0,0,0,0,0,0,0,0,0,0,0,0,0,0,0,8.54,0,15.276,0,0,0,0,0,0,0,0,0,0
292,0,0,0,0,0,0,6.082,0,0,0,0,0,0,0,0,6.283,0,0,0,0,6.098,0,0,0,0,0,12.409,0,0,0,0,6.041,0,0,0,0,0,17.122,0,0
293,0,0,0,7.248,7.759,0,0,0,6.931,0,0,0,0,0,0,0,0,0,0,0,0,11.184,0,0,0,0,0,0,0,0,0,0,0,0,0,0,0,0,0,0
294,0,0,6.398,0,0,0,0,6.322,0,0,0,0,6.723,0,0,0,0,12.843,0,0,0,0,0,0,0,0,0,0,0,0,0,0,0,6.832,0,12.091,6.183,0,0,0
295,0,0,0,0,0,0,0,0,0,0,10.374,0,0,0,0,0,0,0,14.427,0,0,0,0,6.123,6.189,0,0,0,7.134,0,0,0,0,0,0,0,0,0,0,10.467
296,0,0,0,0,0,0,0,0,0,0,0,6.207,0,0,12.609,0,0,0,0,0,0,0,0,0,0,6.767,0,0,0,0,0,0,0,0,0,0,0,0,14.159,0
297,8.575,0,0,0,0,0,0,0,0,0,0,0,0,0,0,0,0,0,0,0,0,0,0,0,0,0,0,0,0,6.948,0,0,0,0,0,0,0,0,0,0
298,0,0,0,5.874,0,0,0,0,0,0,0,0,0,16.243,0,0,0,0,0,0,6.859,0,13.635,0,0,0,6.826,0,0,0,9.858,0,0,0,0,0,0,0,0,0
299,0,0,0,0,0,0,0,0,6.575,17.611,0,0,0,0,0,0,0,0,0,14.087,0,6.382,0,0,0,0,0,0,0,0,0,0,0,0,13.504,0,0,7.866,0,0
300,0,0,0,0,7.784,0,0,0,0,0,0,0,6.158,0,0,0,0,6.315,0,0,0,0,0,0,6.351,0,0,0,0,0,0,0,15.418,0,0,0,0,0,0,0
301,0,0,0,0,0,12.992,9.925,0,0,0,7.325,0,0,0,0,0,12.65,0,0,0,0,0,0,0,0,0,0,0,0,0,0,0,0,0,0,0,0,0,0,7.375
302,0,14.425,0,0,0,0,0,0,0,0,0,0,0,0,0,11.552,0,0,0,0,0,0,0,0,0,6.64,0,12.509,0,0,0,11.394,0,8.193,0,8.576,0,0,0,0
303,0,0,0,0,0,0,0,0,0,0,0,0,0,0,0,0,0,0,0,0,0,0,0,0,0,0,0,0,0,0,0,0,0,0,0,0,0,0,0,0
304,6.775,0,0,6.693,0,0,0,0,0,0,0,0,0,0,0,0,0,0,9.3,0,0,0,0,0,0,0,6.908,0,0,7.192,7.008,0,0,0,0,0,0,0,0,0
305,0,0,0,0,0,0,0,0,0,0,0,0,0,0,0,0,0,0,0,0,0,0,0,0,0,0,0,0,0,0,0,0,0,0,0,0,11.802,0,9.734,0
306,0,0,0,0,0,0,0,0,0,0,0,0,0,0,10.5,0,0,0,0,0,0,7.727,8.207,0,0,0,0,0,11.267,0,0,0,0,0,0,0,0,0,0,0
307,0,0,14.576,0,0,0,7.108,0,0,8.842,5.923,0,0,9.317,0,0,0,7.017,0,8.228,0,0,0,13.511,0,0,0,0,0,0,0,0,0,0,8.87,0,0,8.134,0,5.932
308,0,0,0,0,0,8.279,0,15.31,0,0,0,0,0,0,0,6.515,0,0,0,0,10.643,0,0,0,0,0,0,0,0,0,0,6.498,8.65,0,0,6.716,0,0,0,0
309,0,8.06,0,0,0,0,0,0,0,0,0,0,0,0,0,0,8.216,0,0,0,0,0,0,0,0,0,0,0,0,0,0,0,0,0,0,0,0,0,0,0
310,0,0,0,0,0,0,0,0,0,0,0,14.777,11.618,0,0,0,0,0,6.641,0,0,0,0,0,0,9.0,6.709,0,0,0,6.54,0,0,0,0,0,0,0,0,0
311,0,0,0,0,0,0,0,0,12.701,0,0,0,0,0,0,0,0,0,0,0,0,0,0,0,0,0,0,9.716,6.298,0,0,0,0,0,0,0,0,0,6.539,0
312,0,0,0,0,0,0,6.199,0,0,6.516,0,0,0,0,6.389,0,0,0,0,6.225,0,0,6.934,0,0,0,0,0,0,0,0,0,0,0,0,0,0,0,0,5.991
313,0,0,0,0,14.207,0,0,0,0,0,6.291,0,0,6.498,0,0,0,0,0,0,0,0,0,0,13.624,0,0,0,0,0,0,0,0,0,6.324,0,8.541,0,0,0
314,0,0,0,10.724,0,0,0,0,0,0,0,0,0,0,0,5.882,0,0,0,0,0,0,0,0,0,0,0,0,0,0,0,6.408,6.766,13.885,0,6.024,0,0,0,0
315,0,6.5,9.182,0,0,7.016,0,8.418,0,0,0,0,0,0,0,0,7.008,0,0,0,6.981,0,0,8.156,0,0,0,0,0,0,0,0,0,0,0,0,0,0,0,0
316,13.9,0,0,0,0,0,0,0,0,0,0,0,0,0,0,0,0,0,0,0,0,0,0,0,0,0,0,0,0,13.359,6.533,0,0,0,0,0,0,0,0,0
317,0,0,0,0,0,0,0,0,0,0,0,7.464,7.64,0,0,0,0,0,0,0,0,0,0,0,0,7.324,0,0,6.433,0,0,0,0,0,0,0,0,0,0,0
318,0,0,0,0,0,0,5.89,0,8.063,0,0,0,0,0,0,0,0,12.642,0,0,0,13.425,0,0,0,0,0,7.081,0,0,0,0,0,0,0,0,6.198,0,0,0
319,0,0,0,0,0,0,0,0,0,0,0,0,0,0,0,6.316,0,0,0,0,0,0,0,0,0,0,0,0,0,0,0,0,0,0,0,0,0,0,0,0
320,0,0,0,6.723,7.523,0,0,0,0,0,0,0,0,0,0,0,0,0,0,0,0,0,0,6.325,7.847,0,0,0,0,0,0,6.55,0,0,0,0,0,14.084,0,0
321,0,0,6.608,0,0,0,0,0,0,0,0,0,0,0,0,0,6.123,0,0,0,6.608,0,0,0,0,0,0,0,0,0,0,0,0,0,0,0,0,0,0,0
322,0,0,0,0,0,0,0,7.074,0,0,0,6.233,0,0,0,0,0,0,0,0,0,0,0,0,0,0,12.493,0,0,6.865,0,0,0,8.298,0,0,0,0,0,10.501
323,0,0,0,0,0,0,0,0,0,0,10.943,0,6.3,0,0,0,0,0,14.495,11.684,0,0,0,0,0,6.341,0,0,6.207,0,0,0,0,0,0,0,0,0,0,0
324,8.507,0,0,0,0,0,0,0,6.516,12.668,0,0,0,0,0,0,0,0,0,0,0,0,13.044,0,0,0,0,0,0,0,0,0,0,0,12.641,0,0,0,0,0
325,0,0,0,0,0,0,0,0,0,0,0,0,0,13.027,0,0,0,0,0,0,0,0,0,0,0,0,0,0,0,0,0,0,0,0,0,0,6.525,0,14.31,0
326,0,0,0,6.366,6.14,0,0,0,0,0,0,0,0,0,15.11,0,0,7.982,0,0,5.983,8.749,0,0,6.449,0,0,0,0,0,10.008,0,0,0,0,12.9,0,0,0,0
327,0,0,0,0,0,13.2,0,0,0,0,0,0,0,0,0,0,0,0,0,0,0,0,0,0,0,0,0,0,0,0,0,0,13.751,0,0,0,0,7.539,0,0
328,0,14.261,0,0,0,0,11.674,0,0,0,0,0,0,0,0,9.466,0,0,0,0,0,0,0,0,0,0,0,0,0,6.19,0,0,0,6.4,0,0,0,0,0,6.064
329,6.099,0,0,0,0,0,0,0,0,0,6.239,0,6.299,0,0,0,0,0,6.49,0,0,0,0,0,0,6.116,7.097,12.134,0,0,0,9.566,0,0,0,0,0,0,0,0
330,0,0,0,0,0,0,0,0,6.24,0,0,0,0,0,0,0,0,0,0,0,0,0,0,0,0,0,0,0,0,0,0,0,0,0,0,0,0,0,0,0
331,0,0,0,6.192,6.518,0,0,0,0,7.516,0,0,0,0,0,0,0,6.24,0,8.079,0,0,7.715,0,0,0,0,0,8.251,0,0,0,0,0,0,0,0,0,6.924,0
332,0,0,0,0,0,0,0,0,0,0,0,0,0,0,6.94,0,12.569,0,0,0,0,6.308,0,13.047,0,0,0,0,0,0,6.515,0,0,0,7.625,6.282,0,0,0,0
333,0,0,0,0,0,7.325,0,0,0,0,0,0,0,8.447,0,0,0,0,0,0,0,0,0,0,0,0,0,0,0,0,0,0,0,0,0,0,0,6.408,0,0
334,0,0,13.78,0,0,0,6.04,14.052,0,0,0,0,0,0,0,0,0,0,0,0,0,0,0,0,0,0,0,0,0,0,0,0,8.685,0,0,0,0,0,0,7.011
335,0,7.696,0,0,0,0,0,0,0,0,6.835,13.321,0,0,0,7.241,0,0,0,0,9.718,0,0,0,0,0,7.467,0,0,0,0,6.567,0,0,0,0,0,0,0,0
336,0,0,0,0,0,0,0,0,0,0,0,0,0,0,0,0,0,0,0,0,0,0,0,0,0,0,0,0,0,0,0,0,0,0,0,0,12.851,0,0,0
337,0,0,0,0,0,0,0,0,0,6.659,0,0,0,0,0,0,0,5.966,8.652,7.035,0,0,0,0,0,0,0,0,0,0,6.075,0,0,0,6.309,0,0,0,0,0
338,0,0,0,0,0,0,0,0,0,0,0,0,0,6.225,0,0,0,0,0,0,0,6.593,7.444,0,13.19,0,0,0,7.557,0,0,0,0,0,0,0,0,0,0,0
339,0,0,0,8.709,0,0,0,0,0,0,0,0,0,0,7.575,0,0,0,0,0,0,0,0,0,0,0,0,0,0,0,0,0,0,0,0,8.059,0,0,8.153,0
340,0,0,0,0,0,7.928,6.684,0,0,0,0,0,0,0,0,0,7.922,0,0,0,0,0,0,0,0,12.268,0,11.692,0,0,0,0,0,0,0,0,0,0,0,6.215
341,0,0,0,0,0,0,0,0,12.677,0,6.207,0,0,0,0,6.266,0,0,0,0,0,0,0,0,0,0,0,0,0,0,0,6.841,6.895,0,0,0,0,0,0,0
342,0,7.919,9.27,0,11.558,0,0,8.698,0,0,0,0,14.537,0,0,0,0,0,0,0,6.959,0,0,9.994,0,0,0,0,0,15.277,0,0,0,15.087,0,0,0,0,0,0
343,0,0,0,0,0,0,0,0,0,0,0,9.254,0,0,0,0,0,0,0,6.251,0,0,0,0,0,0,0,0,5.965,0,0,0,0,0,0,0,0,0,0,0
344,16.014,0,0,0,0,0,0,0,0,0,0,0,0,0,0,0,0,0,0,0,0,0,0,0,0,0,0,0,0,0,6.9,0,0,0,0,0,8.601,12.879,0,0
345,0,0,0,6.674,0,0,0,0,0,0,0,0,0,0,0,0,0,0,0,0,0,0,0,0,7.144,0,0,0,0,0,0,0,0,0,0,0,0,0,0,0
346,0,0,0,0,0,0,6.239,0,0,0,0,0,0,0,0,0,6.534,0,0,0,0,0,0,0,0,6.673,0,0,0,0,0,0,0,0,0,0,0,0,0,0
347,0,0,0,0,0,0,0,0,0,0,0,0,0,0,0,6.567,0,0,0,0,0,0,0,0,0,0,12.175,0,0,0,0,6.058,0,0,0,0,0,0,0,0
348,0,0,6.089,0,6.558,0,0,6.657,8.015,0,0,0,0,0,0,0,0,0,12.285,0,6.7,0,0,6.423,0,0,0,9.349,0,0,0,0,0,0,0,0,0,0,0,0
349,0,0,0,0,0,0,0,0,0,0,0,6.431,0,0,0,0,0,0,0,0,0,12.084,0,0,0,0,0,0,6.875,0,0,0,0,0,0,0,5.884,0,0,0
350,0,0,0,0,0,0,0,0,0,14.5,10.292,0,8.304,0,0,0,0,13.651,0,0,0,0,0,0,0,0,0,0,0,8.408,0,0,0,9.091,0,0,0,0,13.026,11.56
351,8.519,0,0,6.491,0,0,0,0,0,0,0,0,0,0,0,0,0,0,0,0,0,0,0,0,6.366,0,0,0,0,0,0,0,11.049,0,0,13.484,0,0,0,0
352,0,0,0,0,0,0,0,0,0,0,0,0,0,15.284,0,0,0,0,0,0,0,0,15.74,0,0,6.458,0,0,0,0,0,0,0,0,0,0,0,8.854,0,0
353,0,0,0,0,6.423,14.213,0,0,0,0,0,0,0,0,15.011,0,0,0,0,0,0,0,0,0,0,0,0,0,0,0,10.258,0,0,0,17.244,0,0,0,0,0
354,0,0,0,0,0,0,0,0,6.607,0,0,0,0,0,0,0,0,0,0,0,6.625,0,0,0,0,0,0,0,0,0,0,0,0,0,0,0,0,0,0,0
355,0,14.189,0,0,0,0,11.067,0,0,0,0,0,0,0,0,0,0,6.516,0,13.052,0,6.692,0,0,0,0,9.068,0,0,0,0,0,0,0,0,0,0,0,0,0
356,0,0,0,0,0,0,0,0,0,0,6.849,0,6.693,0,0,10.541,0,0,0,0,0,0,0,0,0,0,0,0,0,6.623,0,0,0,6.84,0,0,0,0,0,6.907
357,6.406,0,0,6.775,0,0,0,0,0,0,0,0,0,0,0,0,0,0,9.074,0,0,0,0,0,6.666,5.957,0,0,0,0,0,11.218,6.508,0,0,0,0,0,0,0
358,0,0,11.401,0,0,0,0,0,0,9.082,0,0,0,0,0,0,13.928,0,0,0,0,0,0,0,0,0,0,0,0,0,0,0,0,0,0,7.823,0,0,8.573,0
359,0,0,0,0,0,0,0,0,0,0,0,10.711,0,0,0,0,0,0,0,0,0,0,0,0,0,0,0,0,10.881,0,6.848,0,0,0,0,0,10.942,7.257,0,0
360,0,0,0,0,0,8.163,0,0,0,0,0,0,0,0,7.754,0,0,0,0,6.004,0,0,0,0,0,0,0,0,0,0,0,0,0,0,0,0,0,0,0,0
361,0,0,0,0,0,0,6.197,14.325,0,0,0,0,0,9.926,0,5.672,0,6.223,0,0,0,6.441,9.02,0,0,0,6.207,0,0,0,0,0,0,0,8.923,0,0,0,0,0
362,0,8.533,0,0,0,0,0,0,0,0,5.824,0,0,0,0,0,0,0,5.223,0,9.449,0,0,16.227,0,0,0,15.492,0,0,0,6.056,0,0,0,0,0,0,0,5.372
363,0,0,0,0,0,0,0,0,0,0,0,0,0,0,0,0,0,0,0,0,0,0,0,0,0,0,0,0,0,0,0,0,0,0,0,5.114,0,0,0,0
364,0,0,7.199,0,11.539,0,0,0,0,6.274,0,0,0,0,0,0,5.483,0,0,0,0,0,0,0,0,0,0,0,5.031,0,0,0,0,0,0,0,0,0,6.34,0
365,0,0,0,0,0,0,0,0,12.382,0,0,0,0,0,5.065,0,0,0,0,0,0,0,0,0,0,8.389,0,0,0,0,6.132,0,0,0,0,0,0,0,0,0
366,0,0,0,0,0,5.53,5.123,0,0,0,5.057,7.588,10.892,0,0,5.04,0,5.874,0,0,0,0,5.173,0,0,0,0,0,0,0,0,0,0,0,0,0,6.832,0,0,0
367,0,5.205,0,10.439,0,0,0,5.871,0,0,0,0,0,6.264,0,0,0,0,0,0,5.398,0,0,0,0,0,0,0,0,11.664,0,5.074,0,0,5.981,0,0,0,0,0
368,0,0,0,0,0,0,0,0,0,0,0,0,0,0,0,0,0,0,0,0,0,0,0,6.195,12.04,0,0,0,0,0,0,0,0,0,0,0,0,0,0,0
369,12.891,0,5.047,0,0,0,0,0,0,0,0,0,0,0,0,0,0,0,0,0,0,0,0,0,0,0,0,0,0,0,0,0,0,13.743,0,0,0,0,0,0
370,0,0,0,0,0,0,0,0,5.222,0,0,5.048,0,0,0,0,0,0,0,0,0,0,0,0,0,0,0,7.811,0,0,5.057,0,0,0,0,0,5.065,0,0,0
371,0,0,0,5.04,0,0,0,0,0,0,0,0,5.821,0,0,0,0,0,0,0,0,0,0,0,0,0,0,0,0,0,0,0,0,0,5.073,0,0,0,0,0
372,0,0,0,0,0,0,0,0,0,0,0,0,0,0,0,0,0,0,0,0,0,12.214,0,0,0,0,0,0,0,0,0,0,0,0,0,0,0,14.296,0,0
373,0,0,0,0,0,0,0,0,0,0,0,0,0,0,0,0,0,0,0,0,0,0,0,0,5.031,0,0,0,0,0,0,0,0,0,0,0,0,0,0,0
374,0,0,0,0,0,0,0,0,0,0,0,0,0,0,0,0,0,8.131,0,0,0,0,0,0,0,0,0,0,0,0,0,0,0,5.036,0,0,0,0,0,0
375,0,0,0,0,0,0,0,0,0,0,0,0,0,0,0,0,0,0,0,0,0,0,0,0,0,0,0,0,0,0,0,0,0,0,0,0,0,0,12.056,0
376,0,0,0,0,0,0,0,0,0,12.907,0,0,0,0,0,0,0,0,0,0,0,0,0,0,0,0,0,0,0,0,0,0,0,0,0,0,0,0,0,0
377,0,0,0,0,0,0,0,0,0,0,0,0,0,0,0,0,0,0,0,0,0,0,0,0,0,0,0,0,0,0,0,0,0,0,0,0,0,5.04,0,0
378,0,0,0,0,0,0,0,0,0,0,0,0,0,11.705,0,0,0,0,0,0,0,0,0,0,0,0,0,0,0,0,0,0,7.21,0,0,0,0,0,0,0
379,0,0,0,0,5.054,0,0,0,0,0,0,0,0,0,0,0,0,0,0,0,0,0,0,0,0,0,0,0,0,0,0,0,0,5.049,0,0,0,0,0,0
380,0,0,0,0,0,0,0,0,5.047,0,0,0,0,0,0,0,0,0,5.047,0,0,0,0,0,0,0,0,0,0,0,0,0,0,0,0,0,0,0,0,0
381,0,0,0,0,0,0,0,0,0,0,0,0,0,0,0,0,0,0,0,0,0,0,0,0,0,0,0,0,0,5.037,0,0,0,0,0,0,0,0,0,0
382,0,0,0,0,0,0,0,0,0,0,0,0,0,0,0,0,0,0,0,0,0,0,0,0,0,0,0,0,0,0,0,0,0,0,0,5.045,0,0,0,0
383,5.059,0,0,0,0,0,0,0,0,0,0,0,0,0,0,0,0,0,0,0,0,0,0,0,0,0,0,0,0,0,0,0,0,0,0,0,0,0,0,0
384,0,0,0,0,0,0,0,0,0,0,0,0,0,0,0,0,0,0,0,0,0,0,5.047,0,0,0,0,0,0,0,0,0,0,0,0,0,0,0,0,0
385,0,0,0,0,0,0,0,0,0,0,0,0,0,0,0,0,0,0,0,0,0,0,0,0,0,0,0,0,0,0,0,0,0,0,0,0,0,0,0,0
386,0,0,0,0,0,0,0,0,0,0,0,0,0,0,0,0,0,0,0,0,0,0,0,0,0,0,0,7.404,0,0,0,0,0,0,0,0,0,0,0,0
387,0,0,0,0,0,0,0,0,0,0,0,0,0,0,0,0,5.052,0,0,0,0,5.047,0,0,0,0,0,0,0,0,0,0,0,0,0,0,0,0,0,0
388,0,0,0,0,0,0,0,0,0,0,0,0,0,5.048,0,0,0,0,0,0,0,0,0,0,0,0,0,0,5.043,0,0,0,0,0,0,0,0,0,0,0
389,0,0,0,0,0,0,0,0,0,0,0,0,0,0,0,0,0,0,0,0,0,0,0,0,0,0,0,0,0,0,0,0,0,5.948,0,0,0,0,0,0
390,0,0,0,0,0,0,0,0,0,0,0,0,0,0,0,0,0,0,0,0,0,0,0,0,0,0,0,0,0,0,0,0,0,0,0,0,0,0,0,0
391,0,0,0,0,0,0,0,0,0,0,0,0,6.336,0,0,0,0,0,0,0,0,0,0,0,0,0,0,5.04,0,0,0,0,0,0,0,0,0,0,0,0
392,0,0,0,0,0,0,0,0,0,0,0,0,0,5.049,0,0,0,0,0,0,0,0,0,5.035,0,0,0,0,5.04,0,0,0,0,0,0,0,0,0,0,0
393,0,0,0,0,5.046,0,0,0,0,0,0,0,0,0,0,0,0,5.045,0,5.053,0,0,0,0,0,0,0,0,0,0,0,0,0,0,0,0,0,0,0,0
394,0,0,0,0,0,5.051,0,0,5.046,0,0,5.036,0,0,0,0,0,0,0,0,0,0,0,0,0,0,0,0,0,0,0,0,0,0,0,0,5.046,0,0,5.049
395,0,0,0,0,0,0,0,0,0,5.054,0,0,0,0,0,0,0,0,5.048,0,0,0,0,0,0,0,0,0,0,0,0,0,0,0,0,0,0,0,0,0
396,0,0,0,0,0,0,0,0,0,0,0,0,0,0,0,0,0,0,0,0,0,5.048,0,5.04,5.052,0,0,0,0,0,0,0,0,0,0,5.046,0,0,0,0
397,0,0,0,0,5.049,0,0,0,0,0,0,0,0,5.049,0,0,0,0,0,0,0,0,0,0,0,0,0,0,0,0,0,0,5.037,0,0,0,0,0,0,0
398,0,0,0,0,0,0,0,0,0,0,0,0,0,0,0,0,0,0,0,0,0,0,0,0,0,0,5.043,0,0,0,0,0,0,0,0,0,0,0,0,0
399,0,0,0,5.042,0,0,0,0,0,0,0,0,0,0,0,0,0,0,0,0,0,0,0,0,0,0,0,0,0,0,0,0,0,0,0,0,0,0,5.046,5.041
400,0,0,0,0,0,0,0,0,0,0,0,0,0,0,0,0,0,0,0,0,0,0,0,0,0,0,0,0,0,5.036,0,5.044,0,0,5.042,0,0,0,0,0
401,0,0,0,0,0,0,0,0,0,0,0,0,0,0,0,0,5.046,0,0,0,0,0,0,0,0,0,0,0,0,0,0,0,0,0,0,0,0,0,0,0
402,0,0,0,0,0,0,0,0,0,0,0,0,0,0,0,0,0,0,0,0,0,0,0,0,0,0,0,0,0,0,5.041,0,0,0,0,0,0,0,0,0
403,0,0,0,0,0,0,0,0,0,0,0,5.039,0,0,0,0,0,0,0,0,0,0,0,0,0,0,0,0,0,0,0,0,0,5.056,0,0,5.048,0,0,0
404,0,0,0,0,0,0,0,0,0,5.049,0,0,0,0,0,0,0,0,0,0,0,0,0,0,0,0,0,0,0,5.04,0,0,0,0,0,0,0,0,0,5.049
405,0,0,0,0,0,0,0,0,0,0,0,0,0,0,0,0,0,0,0,0,0,0,0,0,0,0,0,0,0,0,0,0,0,0,0,0,0,0,0,0
406,0,0,0,0,0,0,0,0,0,0,0,0,0,0,0,0,0,0,0,0,0,0,0,0,0,0,0,0,5.038,0,0,0,0,0,0,0,0,0,0,0
407,0,0,5.04,0,5.048,0,0,0,0,0,0,0,0,5.056,0,0,0,0,0,0,0,0,0,0,0,5.047,0,0,0,0,0,0,0,0,0,0,0,0,0,0
408,0,0,0,0,0,0,0,0,0,0,0,0,0,0,0,0,0,0,0,0,0,0,0,0,0,0,5.04,0,0,0,0,0,0,5.049,0,0,0,0,0,0
409,0,0,0,5.039,0,0,0,5.039,0,0,0,0,0,0,0,0,0,0,0,0,0,0,0,0,0,0,0,0,0,0,0,0,0,0,0,0,0,0,0,0
410,0,0,0,0,0,0,0,0,0,0,0,0,0,0,0,0,0,0,0,0,0,0,0,0,5.046,0,0,0,0,0,0,0,0,0,0,0,0,0,0,0
411,0,0,0,0,0,0,0,0,0,0,0,0,0,0,0,0,0,0,0,0,0,0,0,0,0,0,0,0,5.04,0,0,0,0,0,0,0,0,0,0,0
412,5.051,0,0,0,0,0,0,0,0,0,0,0,0,0,0,0,0,0,0,0,0,0,0,0,0,0,5.041,0,0,0,0,0,0,0,0,0,0,0,0,0
413,0,0,0,0,0,0,0,0,0,0,0,5.031,0,0,0,0,0,0,5.047,0,0,0,5.045,0,0,0,0,0,0,0,0,0,0,5.049,0,0,0,0,0,5.039
414,0,0,0,0,0,0,0,5.041,0,0,0,0,0,0,0,0,0,0,0,0,5.042,0,0,0,0,0,0,5.052,0,0,0,0,0,0,0,0,0,0,0,0
415,0,0,0,0,0,0,0,0,0,0,0,0,5.044,0,0,0,5.055,0,0,0,0,0,0,0,0,0,0,0,0,0,0,0,0,0,0,0,0,5.04,0,0
416,5.049,0,0,0,0,0,0,0,0,0,0,0,0,0,5.045,0,0,0,0,0,0,0,0,0,0,0,0,0,0,0,0,0,0,0,0,0,0,0,0,0
417,0,0,0,0,0,0,0,0,0,0,0,0,0,0,0,0,0,5.044,0,5.038,0,0,5.041,0,0,5.039,5.049,0,0,0,0,0,0,5.049,0,0,0,0,0,0
418,0,0,0,0,0,0,5.036,0,0,0,0,0,0,0,0,0,0,0,0,0,0,0,0,0,0,0,0,0,0,0,0,0,0,0,0,0,5.039,0,5.038,0
419,0,0,0,0,0,0,0,0,0,0,0,0,0,0,0,0,0,0,0,0,5.049,0,0,0,0,0,0,5.04,0,0,0,0,0,0,0,0,0,5.049,0,0
420,0,0,0,0,0,0,0,0,0,0,0,0,0,0,0,0,5.049,0,0,0,0,0,0,5.035,0,0,0,0,0,0,0,0,5.044,0,0,0,0,0,0,0
421,0,0,0,0,5.046,0,0,0,0,0,0,0,0,5.046,0,0,0,0,0,0,0,0,0,0,0,0,0,0,5.039,0,5.045,0,0,0,0,0,0,0,0,0
422,0,0,0,0,0,0,5.032,0,5.042,0,0,0,0,0,0,0,0,0,0,5.041,0,0,0,0,0,0,5.049,0,0,0,0,0,0,0,0,0,5.049,0,0,0
423,0,0,0,0,0,0,0,5.039,0,0,5.035,0,0,0,0,0,0,0,0,0,0,0,0,0,0,0,0,0,0,5.036,0,0,0,0,5.044,0,0,0,5.041,5.039
424,0,0,0,0,0,0,0,0,0,0,0,0,5.039,0,0,0,0,0,0,0,0,0,0,0,0,0,0,5.04,0,0,0,0,0,0,0,5.05,0,0,0,0
425,0,0,0,0,0,0,0,0,0,0,0,0,0,0,0,0,0,0,0,0,0,0,0,5.049,0,0,0,0,0,0,0,0,0,0,0,0,0,0,0,0
426,0,0,0,0,0,0,0,0,0,0,0,0,0,0,5.056,0,0,0,0,5.049,0,0,0,0,0,0,0,0,0,0,5.049,0,0,0,0,0,0,0,0,0
427,0,0,0,0,0,0,5.032,0,5.032,0,0,0,0,0,0,5.05,0,0,0,0,0,0,0,0,0,0,0,0,0,0,0,0,0,5.057,0,0,0,0,0,0
428,0,0,0,5.045,0,0,0,0,0,5.046,0,0,0,0,0,0,0,0,0,0,0,0,0,0,0,0,0,0,0,0,0,5.045,0,0,0,0,0,0,0,5.041
429,0,0,0,0,0,0,0,0,0,0,0,0,0,0,0,0,0,0,0,0,0,5.044,0,0,0,0,0,5.041,0,0,0,0,0,0,0,0,0,0,0,0
430,0,0,0,0,0,0,0,0,0,0,0,0,0,0,0,0,0,0,0,0,0,0,0,0,0,0,0,0,0,0,0,0,0,0,0,0,0,0,0,0
431,5.054,0,0,0,0,0,0,0,0,0,0,0,0,0,0,0,0,0,0,5.049,0,0,0,0,0,0,0,0,0,0,0,0,0,0,0,0,0,0,0,0
432,0,0,0,0,0,0,5.04,0,0,0,0,5.037,0,0,0,0,0,0,0,0,0,0,0,0,0,0,0,0,0,0,0,0,0,0,0,0,0,0,0,0
433,0,0,0,0,0,0,0,0,0,0,0,0,0,0,0,0,0,0,0,0,5.047,0,0,0,0,0,0,0,0,0,0,0,0,0,0,0,0,0,0,0
434,0,0,0,0,0,0,0,0,0,0,0,0,0,0,0,0,0,0,0,0,0,0,0,0,0,0,0,0,0,0,0,0,0,0,0,0,0,0,0,0
435,0,0,0,0,0,0,0,0,0,0,0,0,0,0,5.048,0,0,0,0,0,0,0,0,0,0,0,0,0,0,0,0,0,0,0,0,0,0,0,0,0
436,0,0,0,0,0,0,0,0,0,0,0,0,0,0,0,0,0,0,0,0,0,0,0,0,0,0,0,0,0,0,0,0,0,0,0,0,0,0,0,0
437,0,0,0,0,0,0,0,0,0,0,0,0,0,0,0,0,0,0,0,0,0,0,0,0,0,0,0,0,0,0,0,0,0,0,0,0,0,0,0,0
438,0,5.048,0,0,0,0,0,0,0,0,0,0,0,0,0,0,0,0,0,0,0,0,0,0,0,0,0,5.056,0,0,0,0,0,0,0,0,0,0,0,0
439,0,0,0,0,0,0,0,0,0,0,0,0,5.046,0,0,0,0,0,0,0,0,0,0,0,0,0,0,0,0,0,0,0,5.037,0,0,0,0,0,0,0
440,0,0,5.041,0,0,0,0,0,0,0,0,0,0,0,0,0,0,0,0,0,0,0,0,0,0,0,0,0,0,0,0,0,0,0,0,0,0,0,0,0
441,0,0,0,0,0,0,5.048,0,0,0,0,5.039,0,0,0,0,0,0,0,0,0,0,0,0,0,0,0,0,0,0,0,0,0,0,0,0,0,0,5.038,0
442,0,0,0,0,0,0,0,5.045,0,0,5.045,0,0,0,0,5.046,0,0,0,0,0,0,0,0,0,0,0,0,0,0,0,5.048,0,0,0,0,0,0,0,0
443,0,0,0,0,0,0,0,0,0,0,0,0,0,0,0,0,0,0,0,0,0,0,0,0,0,0,0,0,0,0,0,0,0,0,0,0,0,0,0,0
444,0,0,0,0,0,0,0,0,0,0,0,0,0,0,0,0,0,0,0,0,0,0,0,0,0,0,0,0,0,0,0,0,0,0,0,0,0,0,0,0
445,5.046,0,0,0,0,0,0,0,0,0,0,0,0,0,0,0,0,0,0,0,0,0,0,0,0,5.042,0,0,0,0,0,0,0,0,0,0,0,0,0,0
446,0,0,0,0,0,0,0,0,0,0,0,0,0,0,0,0,0,0,0,0,0,0,0,0,0,0,0,0,0,0,0,0,0,0,0,0,5.046,0,5.041,0
447,0,0,0,5.053,0,0,0,0,0,0,0,0,0,0,0,0,0,0,5.045,0,0,0,0,0,0,0,0,0,0,0,0,5.049,0,0,0,0,0,0,0,0
448,0,0,0,0,0,0,0,0,0,0,0,0,0,0,0,0,0,0,0,0,0,0,0,0,0,0,0,5.047,0,0,0,0,5.039,0,0,5.052,0,0,0,0
449,0,0,0,0,5.042,0,0,0,0,0,0,0,0,0,0,0,0,0,0,0,0,0,0,0,0,0,0,0,0,0,0,0,0,0,0,0,0,0,0,0
450,0,0,0,0,0,0,0,0,0,0,0,0,0,0,0,0,0,0,0,0,0,0,5.044,0,0,0,0,0,0,0,0,0,0,0,0,0,0,0,0,0
451,0,0,0,0,0,0,0,0,0,5.046,5.039,5.039,0,0,0,0,0,0,0,0,0,0,0,0,0,0,0,0,0,0,0,0,0,0,5.042,0,0,0,0,0
452,0,0,0,0,0,0,0,5.047,0,0,0,0,0,0,0,0,0,0,0,0,0,0,0,0,0,0,0,0,0,0,0,5.041,0,0,0,0,0,0,0,0
453,0,0,0,0,0,0,0,0,0,0,0,0,0,0,0,0,0,0,0,0,0,0,0,0,0,0,0,0,0,0,0,0,0,0,0,0,0,0,0,0
454,0,0,0,0,0,0,0,0,0,0,0,0,0,0,0,0,0,5.04,0,0,0,0,0,0,0,0,0,0,0,0,0,0,0,0,0,0,0,0,0,0
455,0,0,0,0,0,0,0,0,5.042,0,0,0,0,0,0,0,0,0,0,0,0,0,0,0,0,0,0,0,0,0,0,0,0,0,0,0,0,0,0,0
456,0,0,0,0,0,0,0,5.041,0,5.049,5.041,0,0,0,0,0,0,0,0,0,0,0,0,0,0,0,0,0,0,5.041,0,0,0,0,0,0,0,0,5.04,0
457,0,0,0,0,0,0,0,0,0,0,0,0,0,0,0,0,0,0,0,0,0,5.045,0,0,5.045,0,0,5.056,0,0,0,0,0,0,0,5.048,0,0,0,0
458,0,0,0,0,0,0,0,0,0,0,0,0,0,0,0,0,0,0,0,0,0,0,0,0,0,0,0,0,0,0,0,0,0,0,0,0,0,0,0,0
459,5.054,0,0,0,0,0,0,0,0,0,0,0,0,0,0,0,0,0,0,0,0,0,0,0,0,0,0,0,0,0,0,0,0,0,0,0,0,0,0,0
460,0,0,0,0,0,0,0,0,0,0,0,5.039,0,0,0,0,0,0,0,0,0,0,0,0,0,0,0,0,0,0,0,0,0,0,0,0,5.039,0,0,0
461,0,0,0,0,0,0,0,0,0,0,5.041,0,0,0,0,0,0,0,0,0,0,0,0,0,0,0,0,0,0,5.049,0,0,0,0,0,0,0,0,0,0
462,0,0,0,0,0,0,0,0,0,0,0,0,0,0,0,0,0,0,0,0,0,0,0,5.04,5.049,0,0,0,0,0,0,0,0,0,0,0,0,0,0,0
463,0,0,5.035,0,0,0,0,0,0,0,0,0,0,0,0,0,0,0,0,0,0,0,0,0,0,0,0,0,0,0,0,0,0,0,0,0,0,0,0,0
464,0,0,0,0,0,0,0,0,0,0,0,0,0,0,0,0,0,0,0,0,0,0,0,0,0,0,5.051,0,0,0,0,0,0,5.052,0,0,0,0,0,0
465,0,0,0,0,0,5.048,0,0,0,0,0,0,0,0,0,0,0,0,0,0,0,0,0,0,0,0,0,0,0,0,0,0,0,0,0,0,0,0,0,0
466,0,5.051,0,0,0,0,0,5.048,0,0,0,0,0,0,0,0,0,0,0,0,0,0,0,0,0,0,0,0,0,0,0,0,0,0,0,0,0,5.046,0,0
467,0,0,0,0,0,0,0,0,0,0,0,0,0,0,0,0,5.054,0,0,0,0,0,0,0,0,0,0,0,0,0,0,0,0,0,0,0,0,0,0,0
468,0,0,0,0,0,0,0,0,0,0,0,0,0,5.054,0,0,0,0,0,0,0,0,0,0,0,0,0,0,0,0,0,0,0,0,0,0,0,0,0,0
469,0,0,0,0,0,5.057,0,0,0,0,0,0,0,0,0,0,0,5.055,0,0,0,0,0,0,0,0,0,0,0,0,0,0,0,0,0,0,0,0,0,0
470,0,0,0,0,0,0,0,0,0,5.048,0,0,0,0,0,5.042,0,0,0,0,0,0,0,0,0,0,0,0,0,0,0,0,0,0,0,0,0,0,0,0
471,0,5.049,0,0,0,0,0,0,0,0,0,0,0,0,0,0,0,0,0,0,0,0,0,0,0,0,0,5.046,0,0,0,5.047,0,0,0,0,0,0,0,0
472,0,0,0,0,0,0,0,0,0,0,0,0,0,0,0,0,0,0,0,0,0,0,0,0,0,0,0,0,0,0,0,0,0,0,0,0,0,0,0,0
473,5.046,0,0,0,0,0,0,0,0,0,0,0,0,5.049,0,0,0,0,0,0,0,0,0,0,0,0,0,0,0,0,0,0,0,0,0,0,0,0,0,0
474,0,0,0,0,0,5.049,0,0,0,0,0,0,0,0,0,0,0,0,0,0,0,0,0,0,0,0,0,0,0,0,0,0,Null,0,0,0,0,0,0,0
475,0,0,0,0,0,0,0,0,0,0,5.046,0,0,0,0,5.049,0,0,0,0,0,0,0,0,0,0,0,0,0,0,0,0,Null,0,5.043,0,0,0,0,5.046
476,0,0,0,0,0,0,0,0,0,0,0,0,0,0,0,0,Null,0,0,0,0,0,0,0,5.054,0,0,0,0,0,0,0,Null,0,0,5.045,0,5.047,0,0
477,0,0,0,0,0,0,0,0,0,0,0,0,0,0,0,0,Null,0,0,0,0,0,0,0,0,0,0,0,0,0,0,0,Null,0,0,0,0,0,0,0
478,0,0,0,0,0,0,0,0,0,0,0,0,0,5.057,0,0,Null,5.048,Null,Null,0,0,0,0,0,5.041,0,0,0,0,0,0,Null,0,0,0,0,0,0,0
479,0,0,0,0,0,5.049,0,0,0,0,0,0,0,0,Null,0,Null,0,Null,Null,0,0,0,0,0,Null,0,0,Null,0,0,0,Null,0,0,0,5.038,0,5.038,0