op_w_rlat,aceph01_ceph-osd.0.asok.txt,aceph01_ceph-osd.1.asok.txt,aceph01_ceph-osd.2.asok.txt,aceph01_ceph-osd.3.asok.txt,aceph01_ceph-osd.4.asok.txt,aceph01_ceph-osd.5.asok.txt,aceph01_ceph-osd.6.asok.txt,aceph01_ceph-osd.7.asok.txt,aceph01_ceph-osd.8.asok.txt,aceph01_ceph-osd.9.asok.txt,aceph02_ceph-osd.10.asok.txt,aceph02_ceph-osd.11.asok.txt,aceph02_ceph-osd.12.asok.txt,aceph02_ceph-osd.13.asok.txt,aceph02_ceph-osd.14.asok.txt,aceph02_ceph-osd.15.asok.txt,aceph02_ceph-osd.16.asok.txt,aceph02_ceph-osd.17.asok.txt,aceph02_ceph-osd.18.asok.txt,aceph02_ceph-osd.19.asok.txt,aceph03_ceph-osd.20.asok.txt,aceph03_ceph-osd.21.asok.txt,aceph03_ceph-osd.22.asok.txt,aceph03_ceph-osd.23.asok.txt,aceph03_ceph-osd.24.asok.txt,aceph03_ceph-osd.25.asok.txt,aceph03_ceph-osd.26.asok.txt,aceph03_ceph-osd.27.asok.txt,aceph03_ceph-osd.28.asok.txt,aceph03_ceph-osd.29.asok.txt,aceph04_ceph-osd.30.asok.txt,aceph04_ceph-osd.31.asok.txt,aceph04_ceph-osd.32.asok.txt,aceph04_ceph-osd.33.asok.txt,aceph04_ceph-osd.34.asok.txt,aceph04_ceph-osd.35.asok.txt,aceph04_ceph-osd.36.asok.txt,aceph04_ceph-osd.37.asok.txt,aceph04_ceph-osd.38.asok.txt,aceph04_ceph-osd.39.asok.txt
0,0.019,0.016,0.02,0.018,0.023,0.012,0.012,0.012,0.013,0.015,0.013,0.018,0.024,0.021,0.023,0.012,0.015,0.012,0.009,0.014,0.018,0.021,0.025,0.027,0.015,0.018,0.013,0.007,0.018,0.021,0.031,0.023,0.025,0.032,0.02,0.018,0.016,0.014,0.016,0.02
1,0.08,0.056,0.076,0.052,0.074,0.061,0.047,0.038,0.074,0.054,0.049,0.061,0.179,0.066,0.137,0.065,0.084,0.098,0.055,0.064,0.057,0.091,0.102,0.17,0.085,0.075,0.064,0.055,0.051,0.073,0.116,0.16,0.077,0.089,0.083,0.053,0.116,0.06,0.12,0.116
2,0.151,0.078,0.074,0.112,0.175,0.113,0.117,0.106,0.093,0.119,0.06,0.074,0.135,0.111,0.182,0.107,0.177,0.093,0.182,0.089,0.072,0.067,0.096,0.127,0.1,0.09,0.135,0.096,0.108,0.129,0.183,0.125,0.141,0.372,0.138,0.093,0.084,0.075,0.128,0.206
3,0.084,0.06,0.072,0.116,0.816,0.097,0.132,0.055,0.094,0.221,0.087,0.109,0.129,0.151,0.198,0.08,0.172,0.144,0.227,0.109,0.143,0.14,0.13,0.164,0.146,0.058,0.233,0.099,0.125,0.116,0.39,0.335,0.143,0.636,0.074,0.109,0.08,0.097,0.166,0.16
4,0.309,0.09,0.156,0.353,0.687,0.143,0.121,0.135,0.255,0.145,0.074,0.112,0.078,0.08,0.177,0.208,0.142,0.091,0.114,0.135,0.109,0.089,0.069,0.062,0.12,0.071,0.165,0.074,0.096,0.075,0.222,0.058,0.122,0.709,0.076,0.078,0.097,0.08,0.143,0.084
5,0.092,0.099,0.103,0.526,0.539,0.135,0.076,0.051,0.659,0.093,0.058,0.068,0.111,0.112,0.095,0.22,0.352,0.059,0.143,0.16,0.084,0.069,0.073,0.05,0.063,0.067,0.067,0.033,0.073,0.075,0.246,0.158,0.242,0.646,0.141,0.079,0.175,0.059,0.074,0.076
6,0.056,0.127,0.107,0.16,0.559,0.055,0.051,0.057,0.88,0.068,0.044,0.136,0.119,0.165,0.161,0.213,0.387,0.1,0.055,0.126,0.094,0.064,0.071,0.057,0.108,0.068,0.069,0.05,0.052,0.067,0.149,0.049,0.151,0.816,0.077,0.147,0.133,0.062,0.097,0.145
7,0.058,0.161,0.063,0.109,0.32,0.106,0.063,0.061,0.878,0.149,0.091,0.093,0.233,0.13,0.101,0.132,0.278,0.091,0.206,0.121,0.062,0.088,0.072,0.064,0.153,0.067,0.097,0.052,0.058,0.093,0.165,0.083,0.22,0.688,0.079,0.213,0.232,0.085,0.053,0.26
8,0.083,0.089,0.081,0.079,0.255,0.302,0.059,0.039,1.1,0.197,0.077,0.068,0.075,0.076,0.06,0.077,0.097,0.068,0.104,0.13,0.064,0.071,0.089,0.076,0.077,0.064,0.086,0.05,0.044,0.077,0.314,0.156,0.125,1.136,0.178,0.171,0.225,0.07,0.093,0.202
9,0.118,0.1,0.428,0.046,0.342,0.092,0.084,0.069,1.269,0.076,0.052,0.071,0.094,0.101,0.058,0.094,0.087,0.056,0.074,0.095,0.048,0.062,0.048,0.058,0.098,0.046,0.065,0.046,0.082,0.063,0.317,0.191,0.314,1.16,0.155,0.111,0.07,0.161,0.051,0.15
10,0.207,0.067,0.158,0.11,0.17,0.088,0.076,0.066,0.628,0.348,0.047,0.059,0.08,0.097,0.121,0.121,0.121,0.127,0.113,0.097,0.065,0.074,0.089,0.078,0.077,0.084,0.106,0.054,0.112,0.102,0.428,0.062,0.053,1.243,0.126,0.124,0.084,0.229,0.058,0.094
11,0.338,0.084,0.068,0.207,0.067,0.116,0.038,0.072,0.673,1.265,0.051,0.062,0.072,0.088,0.065,0.071,0.088,0.065,0.069,0.098,0.077,0.13,0.095,0.057,0.072,0.081,0.095,0.065,0.061,0.097,0.256,0.088,0.052,1.397,0.177,0.074,0.216,0.212,0.063,0.087
12,0.295,0.109,0.176,0.264,0.108,0.213,0.066,0.094,0.722,0.763,0.056,0.073,0.075,0.058,0.103,0.07,0.1,0.052,0.052,0.08,0.16,0.095,0.122,0.074,0.073,0.055,0.125,0.083,0.078,0.083,0.194,0.083,0.057,1.306,0.169,0.094,0.196,0.074,0.091,0.081
13,0.311,0.059,0.145,0.308,0.103,0.12,0.135,0.089,0.717,0.814,0.058,0.081,0.126,0.082,0.14,0.095,0.072,0.158,0.07,0.075,0.058,0.156,0.179,0.135,0.08,0.133,0.172,0.047,0.287,0.128,0.147,0.092,0.115,0.837,0.094,0.074,0.086,0.071,0.069,0.133
14,0.255,0.066,0.214,0.32,0.246,0.186,0.072,0.124,0.349,1.061,0.076,0.061,0.171,0.233,0.097,0.135,0.073,0.077,0.209,0.097,0.165,0.104,0.177,0.162,0.282,0.281,0.101,0.052,0.076,0.159,0.133,0.09,0.092,0.952,0.119,0.124,0.098,0.075,0.094,0.154
15,0.224,0.149,0.182,0.129,0.32,0.26,0.11,0.516,0.612,0.895,0.156,0.055,0.154,0.15,0.154,0.067,0.081,0.166,0.181,0.229,0.094,0.19,0.224,0.267,0.14,0.209,0.131,0.069,0.097,0.103,0.123,0.089,0.09,0.287,0.095,0.072,0.171,0.11,0.146,0.089
16,0.164,0.477,0.124,0.296,0.505,0.274,0.08,0.382,0.432,0.745,0.099,0.064,0.133,0.074,0.134,0.091,0.097,0.098,0.343,0.411,0.116,0.529,0.097,0.113,0.099,0.142,0.112,0.067,0.061,0.189,0.214,0.131,0.173,0.17,0.089,0.095,0.122,0.081,0.059,0.098
17,0.148,0.173,0.197,0.266,0.509,0.465,0.109,0.265,0.421,0.402,0.085,0.137,0.139,0.12,0.126,0.094,0.216,0.089,0.123,0.484,0.076,0.334,0.163,0.116,0.097,0.159,0.185,0.052,0.116,0.085,0.239,0.119,0.135,0.243,0.106,0.09,0.153,0.249,0.079,0.144
18,0.259,0.124,0.356,0.376,0.439,0.297,0.13,0.351,0.09,0.645,0.067,0.097,0.126,0.087,0.11,0.146,0.225,0.101,0.149,0.237,0.091,0.476,0.197,0.096,0.162,0.131,0.103,0.069,0.082,0.166,0.258,0.153,0.181,0.296,0.139,0.136,0.167,0.184,0.123,0.208
19,0.269,0.064,0.402,0.355,0.367,0.11,0.156,0.265,0.118,0.371,0.094,0.115,0.137,0.098,0.096,0.16,0.193,0.134,0.07,0.102,0.077,0.561,0.113,0.199,0.217,0.084,0.197,0.115,0.146,0.241,0.16,0.34,0.096,0.162,0.1,0.102,0.232,0.056,0.079,0.254
20,0.126,0.279,0.208,0.347,0.728,0.149,0.166,0.075,0.395,0.348,0.079,0.092,0.218,0.094,0.13,0.066,0.124,0.087,0.113,0.125,0.074,0.221,0.136,0.295,0.212,0.103,0.12,0.074,0.088,0.36,0.195,0.289,0.209,0.196,0.074,0.197,0.197,0.074,0.183,0.175
21,0.089,0.108,0.167,0.473,0.555,0.282,0.177,0.182,0.396,0.291,0.148,0.094,0.357,0.112,0.128,0.1,0.129,0.074,0.128,0.128,0.055,0.163,0.095,0.165,0.172,0.436,0.118,0.057,0.055,0.627,0.186,0.35,0.121,0.202,0.161,0.104,0.264,0.093,0.07,0.115
22,0.234,0.144,0.252,0.137,0.264,0.382,0.193,0.201,0.597,0.1,0.103,0.071,0.33,0.116,0.087,0.097,0.086,0.08,0.146,0.147,0.145,0.186,0.142,0.116,0.538,0.293,0.211,0.054,0.092,0.139,0.425,0.113,0.101,0.136,0.128,0.11,0.11,0.229,0.072,0.213
23,0.163,0.192,0.205,0.199,0.188,0.19,0.276,0.1,0.533,0.3,0.115,0.133,0.168,0.235,0.152,0.129,0.117,0.111,0.133,0.28,0.161,0.185,0.372,0.1,0.35,0.123,0.144,0.075,0.066,0.164,0.31,0.082,0.176,0.585,0.099,0.104,0.177,0.288,0.139,0.117
24,0.115,0.654,0.337,0.247,0.173,0.122,0.3,0.123,0.635,0.278,0.076,0.161,0.097,0.104,0.162,0.163,0.318,0.083,0.172,0.188,0.106,0.233,0.339,0.116,0.257,0.115,0.124,0.098,0.081,0.111,0.578,0.222,0.09,0.247,0.102,0.168,0.285,0.268,0.142,0.153
25,0.157,0.205,0.365,0.179,0.133,0.095,0.181,0.062,0.735,0.177,0.077,0.079,0.103,0.085,0.114,0.111,0.212,0.145,0.109,0.159,0.071,0.137,0.23,0.161,0.164,0.141,0.091,0.072,0.077,0.102,0.565,0.202,0.124,0.272,0.185,0.122,0.078,0.476,0.098,0.155
26,0.072,0.097,0.51,0.092,0.236,0.174,0.767,0.05,0.922,0.54,0.08,0.099,0.088,0.11,0.093,0.12,0.102,0.072,0.107,0.116,0.098,0.105,0.11,0.259,0.081,0.142,0.122,0.07,0.054,0.186,0.58,0.101,0.085,0.327,0.161,0.11,0.107,0.346,0.124,0.161
27,0.079,0.123,0.428,0.157,0.197,0.072,0.227,0.501,0.55,0.493,0.057,0.063,0.072,0.154,0.063,0.055,0.085,0.076,0.131,0.105,0.064,0.065,0.082,0.096,0.163,0.158,0.091,0.059,0.076,0.313,0.628,0.14,0.086,0.405,0.114,0.181,0.113,0.439,0.104,0.226
28,0.155,0.303,0.526,0.22,0.433,0.118,0.078,0.186,0.536,0.478,0.066,0.091,0.074,0.085,0.098,0.076,0.072,0.079,0.073,0.075,0.092,0.192,0.114,0.085,0.11,0.185,0.11,0.176,0.053,0.44,0.68,0.06,0.119,0.471,0.079,0.097,0.079,0.25,0.117,0.147
29,0.109,0.087,0.341,0.087,0.354,0.134,0.503,0.534,0.627,0.34,0.064,0.097,0.073,0.071,0.165,0.068,0.164,0.068,0.133,0.065,0.053,0.237,0.09,0.108,0.089,0.097,0.117,0.077,0.056,0.181,0.553,0.099,0.084,0.545,0.139,0.169,0.379,0.075,0.07,0.171
30,0.346,0.072,0.083,0.09,0.374,0.104,0.251,0.656,0.388,0.215,0.085,0.082,0.084,0.182,0.153,0.063,0.11,0.073,0.07,0.206,0.1,0.129,0.124,0.24,0.106,0.158,0.104,0.061,0.058,0.068,0.178,0.1,0.092,1.117,0.135,0.15,0.214,0.074,0.079,0.168
31,0.298,0.072,0.076,0.223,0.21,0.077,0.253,0.113,0.417,0.431,0.101,0.092,0.085,0.081,0.149,0.076,0.141,0.136,0.111,0.152,0.085,0.095,0.101,0.324,0.101,0.109,0.106,0.057,0.075,0.087,0.148,0.142,0.084,1.228,0.084,0.077,0.121,0.155,0.072,0.122
32,0.328,0.07,0.121,0.226,0.169,0.178,0.246,0.087,0.463,0.809,0.085,0.182,0.11,0.119,0.13,0.059,0.166,0.114,0.125,0.087,0.056,0.091,0.145,0.172,0.082,0.1,0.18,0.064,0.093,0.167,0.098,0.146,0.12,1.304,0.136,0.117,0.347,0.047,0.1,0.162
33,0.289,0.11,0.523,0.118,0.191,0.318,0.139,0.141,0.104,0.341,0.082,0.201,0.134,0.094,0.111,0.074,0.154,0.165,0.168,0.075,0.086,0.078,0.145,0.145,0.096,0.097,0.162,0.072,0.071,0.119,0.175,0.076,0.054,1.068,0.065,0.061,0.267,0.058,0.071,0.876
34,0.085,0.132,0.51,0.125,0.25,0.115,0.056,0.33,0.304,0.155,0.071,0.176,0.167,0.085,0.14,0.081,0.114,0.153,0.191,0.09,0.054,0.074,0.103,0.067,0.095,0.062,0.061,0.064,0.068,0.118,0.193,0.078,0.082,1.214,0.077,0.101,0.086,0.086,0.249,0.498
35,0.079,0.064,0.161,0.215,0.348,0.136,0.13,0.146,0.383,0.281,0.118,0.088,0.246,0.117,0.069,0.098,0.098,0.118,0.188,0.085,0.063,0.087,0.099,0.083,0.067,0.066,0.068,0.061,0.069,0.088,0.419,0.147,0.066,0.878,0.497,0.072,0.099,0.119,0.098,0.725
36,0.1,0.065,0.407,0.176,0.333,0.175,0.107,0.186,0.542,0.114,0.105,0.124,0.156,0.092,0.133,0.098,0.11,0.107,0.193,0.258,0.072,0.078,0.1,0.111,0.092,0.09,0.096,0.059,0.071,0.074,0.449,0.075,0.047,0.872,0.301,0.122,0.228,0.072,0.167,0.586
37,0.102,0.313,0.048,0.106,0.506,0.137,0.13,0.112,0.463,0.113,0.108,0.076,0.101,0.094,0.09,0.095,0.097,0.119,0.096,0.16,0.073,0.086,0.112,0.093,0.082,0.086,0.122,0.064,0.073,0.08,0.599,0.869,0.07,0.781,0.078,0.069,0.218,0.049,0.224,0.322
38,0.137,0.167,0.246,0.131,0.327,0.122,0.079,0.075,0.437,0.567,0.078,0.087,0.114,0.088,0.09,0.061,0.071,0.071,0.108,0.132,0.073,0.107,0.18,0.1,0.125,0.141,0.127,0.11,0.065,0.166,0.895,0.699,0.039,0.55,0.139,0.093,0.074,0.113,0.072,0.323
39,0.121,0.12,0.205,0.178,0.243,0.081,0.092,0.188,0.26,0.325,0.103,0.081,0.096,0.106,0.091,0.063,0.122,0.086,0.099,0.083,0.1,0.226,0.131,0.102,0.111,0.18,0.159,0.083,0.067,0.131,1.101,0.303,0.144,0.453,0.391,0.09,0.101,0.099,0.189,0.184
40,0.099,0.086,0.286,0.162,0.203,0.121,0.105,0.041,0.499,0.266,0.06,0.063,0.086,0.086,0.107,0.073,0.174,0.084,0.095,0.137,0.078,0.232,0.105,0.131,0.077,0.132,0.117,0.09,0.13,0.075,0.85,0.143,0.158,0.313,0.126,0.115,0.16,0.081,0.099,0.165
41,0.167,0.055,0.191,0.088,0.274,0.075,0.057,0.075,0.3,0.432,0.096,0.071,0.112,0.094,0.152,0.115,0.13,0.094,0.141,0.118,0.078,0.078,0.157,0.137,0.111,0.453,0.168,0.064,0.161,0.095,0.674,0.14,0.108,0.363,0.078,0.114,0.124,0.074,0.062,0.149
42,0.054,0.059,0.185,0.089,0.272,0.182,0.102,0.679,0.416,0.261,0.059,0.081,0.121,0.092,0.078,0.094,0.104,0.082,0.16,0.093,0.254,0.074,0.237,0.233,0.151,0.37,0.092,0.077,0.095,0.192,1.033,0.104,0.088,0.156,0.115,0.091,0.103,0.081,0.121,0.107
43,0.263,0.176,0.078,0.159,0.515,0.149,0.176,0.448,0.488,0.119,0.078,0.08,0.142,0.071,0.095,0.109,0.094,0.076,0.132,0.098,0.09,0.296,0.143,0.408,0.153,0.823,0.133,0.062,0.42,0.108,0.698,0.11,0.069,0.105,0.097,0.235,0.079,0.09,0.074,0.184
44,0.091,0.102,0.247,0.153,0.325,0.342,0.084,0.275,0.599,0.246,0.088,0.072,0.151,0.079,0.132,0.076,0.065,0.059,0.063,0.086,0.11,0.278,0.144,0.638,0.105,1.078,0.174,0.079,0.283,0.215,0.739,0.1,0.093,0.123,0.136,0.079,0.143,0.143,0.089,0.115
45,0.082,0.102,0.114,0.394,0.153,0.182,0.116,0.069,0.667,0.244,0.091,0.086,0.103,0.069,0.104,0.093,0.121,0.097,0.062,0.09,0.099,0.128,0.066,0.873,0.231,0.381,0.444,0.079,0.13,0.188,0.208,0.104,0.128,0.134,0.262,0.124,0.116,0.191,0.117,0.161
46,0.224,0.236,0.202,0.292,0.124,0.136,0.13,0.076,0.638,0.213,0.162,0.104,0.147,0.099,0.164,0.154,0.162,0.125,0.103,0.15,0.081,0.117,0.108,0.685,0.293,0.076,0.425,0.186,0.116,0.103,0.171,0.069,0.492,0.081,0.107,0.074,0.17,0.086,0.164,0.091
47,0.207,0.16,0.304,0.187,0.104,0.102,0.117,0.084,0.515,0.093,0.183,0.152,0.173,0.101,0.254,0.151,0.239,0.132,0.111,0.168,0.086,0.145,0.174,0.659,0.116,0.069,0.207,0.075,0.082,0.12,0.255,0.12,0.418,0.112,0.081,0.163,0.161,0.126,0.082,0.137
48,0.089,0.085,0.118,0.156,0.118,0.13,0.106,0.078,0.383,0.455,0.149,0.36,0.136,0.1,0.227,0.295,0.128,0.081,0.108,0.335,0.103,0.116,0.252,0.754,0.116,0.167,0.179,0.113,0.118,0.21,0.298,0.08,0.216,0.191,0.085,0.094,0.319,0.122,0.136,0.151
49,0.121,0.051,0.158,0.167,0.144,0.097,0.261,0.084,0.403,0.394,0.13,0.277,0.092,0.132,0.412,0.335,0.2,0.075,0.181,0.202,0.129,0.306,0.196,0.219,0.304,0.212,0.265,0.075,0.149,0.173,0.426,0.105,0.135,0.23,0.177,0.099,0.258,0.082,0.139,0.059
50,0.1,0.081,0.093,0.221,0.301,0.16,0.063,0.093,0.681,0.166,0.062,0.094,0.138,0.095,0.229,0.579,0.122,0.072,0.083,0.128,0.147,0.279,0.164,0.241,0.216,0.249,0.274,0.125,0.152,0.144,0.456,0.11,0.066,0.128,0.074,0.104,0.084,0.069,0.293,0.155
51,0.107,0.099,0.115,0.249,0.297,0.118,0.134,0.267,0.755,0.22,0.083,0.076,0.118,0.159,0.089,0.551,0.164,0.141,0.099,0.111,0.054,0.273,0.172,0.151,0.14,0.384,0.127,0.17,0.31,0.199,0.637,0.261,0.165,0.121,0.067,0.087,0.158,0.07,0.272,0.133
52,0.152,0.305,0.113,0.265,0.248,0.178,0.08,0.155,0.751,0.203,0.072,0.151,0.159,0.13,0.15,0.483,0.097,0.099,0.154,0.224,0.068,0.105,0.236,0.271,0.183,0.474,0.298,0.342,0.118,0.289,0.432,0.137,0.094,0.091,0.147,0.082,0.105,0.081,0.128,0.217
53,0.116,0.216,0.258,0.19,0.317,0.146,0.074,0.173,0.962,0.088,0.083,0.145,0.219,0.217,0.133,0.103,0.189,0.281,0.167,0.202,0.066,0.415,0.178,0.324,0.113,0.374,0.199,0.105,0.078,0.241,0.254,0.134,0.065,0.087,0.122,0.095,0.208,0.078,0.117,0.226
54,0.088,0.106,0.497,0.216,0.295,0.098,0.076,0.191,0.929,0.095,0.063,0.06,0.354,0.231,0.081,0.101,0.107,0.462,0.233,0.107,0.077,0.213,0.28,0.269,0.122,0.209,0.106,0.095,0.107,0.291,0.204,0.136,0.125,0.159,0.1,0.175,0.292,0.116,0.104,0.08
55,0.068,0.043,0.439,0.142,0.55,0.315,0.096,0.041,0.877,0.21,0.083,0.069,0.332,0.206,0.2,0.215,0.214,0.288,0.099,0.385,0.062,0.182,0.132,0.396,0.19,0.1,0.105,0.111,0.137,0.192,0.268,0.09,0.083,0.321,0.071,0.146,0.236,0.191,0.11,0.103
56,0.105,0.06,0.249,0.138,0.72,0.198,0.093,0.109,0.932,0.31,0.069,0.094,0.285,0.173,0.245,0.143,0.531,0.108,0.097,0.184,0.072,0.172,0.08,0.35,0.093,0.114,0.087,0.126,0.115,0.203,0.224,0.08,0.068,0.331,0.059,0.1,0.147,0.086,0.08,0.097
57,0.064,0.135,0.068,0.122,0.949,0.179,0.154,0.113,0.81,0.261,0.056,0.074,0.074,0.222,0.432,0.308,0.522,0.084,0.12,0.13,0.051,0.141,0.076,0.226,0.125,0.112,0.131,0.067,0.123,0.099,0.253,0.119,0.092,0.429,0.078,0.217,0.115,0.126,0.123,0.064
58,0.086,0.071,0.064,0.095,0.888,0.081,0.234,0.386,1.134,0.117,0.125,0.075,0.136,0.125,0.461,0.093,0.44,0.176,0.121,0.115,0.078,0.086,0.114,0.302,0.105,0.099,0.089,0.067,0.071,0.128,0.323,0.112,0.155,0.252,0.127,0.301,0.109,0.125,0.097,0.081
59,0.136,0.085,0.225,0.158,0.46,0.101,0.165,0.065,1.35,0.205,0.076,0.059,0.102,0.139,0.205,0.076,0.124,0.072,0.089,0.501,0.078,0.113,0.242,0.136,0.127,0.129,0.078,0.075,0.097,0.085,0.211,0.107,0.097,0.254,0.383,0.103,0.143,0.166,0.063,0.324
60,0.081,0.128,0.153,0.143,0.227,0.217,0.077,0.05,1.165,0.117,0.058,0.095,0.196,0.125,0.226,0.085,0.135,0.075,0.21,0.224,0.073,0.138,0.246,0.081,0.234,0.086,0.15,0.066,0.051,0.122,0.159,0.239,0.115,0.11,0.387,0.099,0.126,0.085,0.063,0.244
61,0.091,0.077,0.148,0.174,0.102,0.115,0.091,0.07,1.079,0.197,0.052,0.097,0.12,0.094,0.141,0.182,0.132,0.111,0.096,0.131,0.116,0.137,0.123,0.192,0.223,0.111,0.14,0.087,0.128,0.105,0.223,0.086,0.08,0.11,0.12,0.167,0.082,0.216,0.365,0.1
62,0.075,0.16,0.13,0.154,0.23,0.054,0.227,0.054,1.063,0.257,0.185,0.107,0.159,0.094,0.154,0.242,0.093,0.103,0.391,0.081,0.193,0.159,0.157,0.127,0.096,0.133,0.14,0.088,0.139,0.196,0.176,0.153,0.185,0.279,0.257,0.095,0.128,0.053,0.251,0.099
63,0.071,0.065,0.784,0.488,0.342,0.175,0.051,0.067,0.969,0.446,0.269,0.074,0.306,0.1,0.18,0.278,0.156,0.127,0.108,0.095,0.089,0.294,0.101,0.131,0.122,0.216,0.097,0.093,0.067,0.117,0.207,0.261,0.137,0.351,0.182,0.144,0.227,0.235,0.103,0.064
64,0.094,0.073,0.498,0.157,0.136,0.11,0.108,0.081,1.023,0.364,0.404,0.093,0.275,0.25,0.116,0.148,0.071,0.141,0.084,0.12,0.099,0.161,0.281,0.223,0.12,0.154,0.083,0.057,0.121,0.191,0.284,0.085,0.182,0.12,0.121,0.703,0.172,0.11,0.076,0.098
65,0.103,0.144,0.142,0.149,0.207,0.114,0.81,0.048,0.831,0.868,0.229,0.094,0.098,0.128,0.132,0.105,0.077,0.235,0.203,0.115,0.076,0.095,0.158,0.184,0.36,0.117,0.109,0.069,0.076,0.147,0.285,0.081,0.219,0.087,0.066,0.39,0.155,0.093,0.143,0.224
66,0.349,0.096,0.195,0.158,0.408,0.222,0.456,0.303,0.849,0.274,0.058,0.111,0.076,0.088,0.069,0.129,0.112,0.104,0.092,0.078,0.058,0.071,0.085,0.142,0.239,0.204,0.14,0.061,0.07,0.19,0.332,0.247,0.203,0.193,0.122,0.327,0.161,0.248,0.128,0.073
67,0.273,0.109,0.148,0.418,0.589,0.075,0.087,0.063,0.581,0.209,0.09,0.08,0.094,0.062,0.084,0.079,0.106,0.097,0.077,0.083,0.073,0.308,0.135,0.135,0.14,0.066,0.106,0.065,0.057,0.323,0.341,0.165,0.116,0.208,0.098,0.276,0.094,0.098,0.076,0.147
68,0.102,0.168,0.258,0.577,0.624,0.068,0.284,0.132,0.593,0.196,0.06,0.094,0.087,0.095,0.102,0.057,0.095,0.086,0.102,0.11,0.094,0.231,0.278,0.296,0.107,0.098,0.145,0.069,0.071,0.262,0.214,0.223,0.097,0.202,0.083,0.202,0.145,0.17,0.118,0.152
69,0.281,0.119,0.094,0.368,0.567,0.25,0.078,0.103,1.111,0.125,0.077,0.11,0.099,0.155,0.134,0.075,0.11,0.1,0.069,0.109,0.065,0.257,0.097,0.285,0.116,0.44,0.32,0.105,0.055,0.175,0.204,0.256,0.107,0.153,0.109,0.056,0.193,0.148,0.225,0.21
70,0.202,0.125,0.117,0.122,0.575,0.103,0.106,0.323,1.1,0.163,0.102,0.115,0.063,0.217,0.083,0.08,0.101,0.082,0.079,0.082,0.072,0.263,0.118,0.175,0.082,0.17,0.394,0.122,0.053,0.182,0.313,0.083,0.097,0.315,0.159,0.09,0.18,0.047,0.198,0.278
71,0.117,0.133,0.131,0.104,0.55,0.251,0.101,0.056,1.011,0.241,0.121,0.078,0.097,0.1,0.116,0.1,0.261,0.111,0.086,0.086,0.057,0.171,0.101,0.194,0.109,0.093,0.39,0.132,0.076,0.279,0.325,0.088,0.113,0.442,0.08,0.064,0.157,0.059,0.072,0.295
72,0.125,0.057,0.129,0.084,0.506,0.376,0.068,0.088,1.44,0.199,0.067,0.07,0.132,0.114,0.092,0.089,0.311,0.083,0.077,0.104,0.08,0.1,0.12,0.205,0.094,0.188,0.154,0.062,0.101,0.309,0.245,0.307,0.132,0.348,0.16,0.163,0.139,0.206,0.095,0.154
73,0.149,0.11,0.142,0.228,0.107,0.413,0.123,0.07,1.155,0.094,0.072,0.097,0.183,0.091,0.075,0.128,0.094,0.072,0.094,0.1,0.105,0.077,0.165,0.171,0.133,0.577,0.163,0.069,0.115,0.107,0.17,0.085,0.111,0.436,0.083,0.353,0.127,0.233,0.051,0.085
74,0.147,0.097,0.175,0.217,0.096,0.234,0.132,0.101,0.639,0.247,0.078,0.106,0.167,0.077,0.154,0.073,0.101,0.081,0.119,0.121,0.054,0.08,0.102,0.098,0.255,0.555,0.134,0.057,0.117,0.24,0.325,0.122,0.386,0.496,0.188,0.202,0.153,0.105,0.108,0.156
75,0.246,0.102,0.106,0.441,0.079,0.119,0.099,0.101,0.373,0.566,0.074,0.086,0.094,0.093,0.085,0.055,0.107,0.067,0.074,0.063,0.062,0.262,0.149,0.215,0.143,0.471,0.156,0.092,0.277,0.433,0.474,0.121,0.274,0.645,0.162,0.127,0.22,0.081,0.106,0.162
76,0.114,0.138,0.153,0.2,0.353,0.092,0.215,0.093,0.156,0.421,0.116,0.095,0.132,0.088,0.167,0.067,0.091,0.144,0.104,0.106,0.078,0.246,0.154,0.255,0.21,0.407,0.11,0.123,0.14,0.476,0.51,0.123,0.09,0.27,0.103,0.076,0.095,0.646,0.086,0.283
77,0.146,0.098,0.147,0.147,0.287,0.096,0.094,0.093,0.345,0.373,0.09,0.115,0.198,0.139,0.197,0.087,0.091,0.138,0.131,0.102,0.161,0.162,0.116,0.216,0.108,0.159,0.289,0.081,0.119,0.598,0.459,0.188,0.136,0.384,0.246,0.17,0.114,0.141,0.074,0.119
78,0.118,0.065,0.388,0.191,0.395,0.087,0.112,0.078,0.265,0.318,0.104,0.097,0.116,0.107,0.241,0.128,0.146,0.22,0.485,0.109,0.159,0.238,0.171,0.206,0.114,0.136,0.274,0.15,0.15,0.503,0.43,0.194,0.078,0.307,0.197,0.25,0.156,0.114,0.282,0.298
79,0.275,0.065,0.21,0.422,0.615,0.122,0.152,0.227,0.346,0.183,0.141,0.129,0.129,0.156,0.127,0.199,0.118,0.14,0.304,0.128,0.087,0.283,0.106,0.307,0.142,0.107,0.135,0.077,0.194,0.413,0.472,0.077,0.111,0.297,0.29,0.125,0.272,0.108,0.179,0.355
80,0.241,0.155,0.219,0.624,0.385,0.103,0.253,0.053,0.384,0.196,0.084,0.084,0.278,0.148,0.087,0.382,0.093,0.073,0.095,0.109,0.107,0.125,0.138,0.175,0.207,0.094,0.175,0.056,0.078,0.114,0.538,0.1,0.28,0.315,0.28,0.185,0.182,0.075,0.136,0.229
81,0.11,0.064,0.156,0.573,0.207,0.084,0.295,0.058,0.408,0.808,0.049,0.111,0.133,0.086,0.077,0.069,0.357,0.137,0.08,0.131,0.098,0.089,0.102,0.087,0.1,0.103,0.346,0.056,0.063,0.084,0.823,0.469,0.15,0.45,0.261,0.103,0.074,0.049,0.068,0.119
82,0.131,0.217,0.247,0.528,0.095,0.187,0.068,0.192,0.387,0.364,0.071,0.088,0.101,0.11,0.092,0.077,0.098,0.139,0.069,0.119,0.113,0.232,0.094,0.087,0.086,0.148,0.396,0.053,0.093,0.194,0.75,0.107,0.083,0.301,0.08,0.067,0.111,0.055,0.158,0.084
83,0.083,0.259,0.12,0.629,0.446,0.1,0.112,0.175,0.33,0.116,0.098,0.064,0.131,0.089,0.066,0.087,0.081,0.064,0.091,0.1,0.091,0.188,0.15,0.217,0.102,0.181,0.217,0.062,0.176,0.205,0.693,0.086,0.101,0.251,0.282,0.108,0.173,0.068,0.085,0.176
84,0.18,0.242,0.1,0.524,0.358,0.156,0.098,0.199,0.374,0.256,0.062,0.062,0.132,0.122,0.152,0.093,0.078,0.07,0.099,0.107,0.127,0.087,0.102,0.214,0.351,0.333,0.109,0.053,0.067,0.29,0.513,0.175,0.2,0.237,0.165,0.17,0.294,0.095,0.207,0.177
85,0.246,0.104,0.168,0.64,0.239,0.159,0.102,0.123,0.333,0.205,0.066,0.072,0.071,0.095,0.165,0.079,0.073,0.085,0.071,0.067,0.145,0.129,0.168,0.201,0.469,0.265,0.189,0.19,0.067,0.223,0.928,0.179,0.141,0.428,0.268,0.086,0.227,0.114,0.373,0.15
86,0.163,0.154,0.106,0.315,0.231,0.184,0.074,0.073,0.455,0.449,0.081,0.07,0.095,0.089,0.116,0.11,0.103,0.095,0.122,0.105,0.066,0.405,0.145,0.279,0.152,0.151,0.213,0.246,0.054,0.158,0.563,0.117,0.133,0.463,0.335,0.075,0.243,0.098,0.147,0.117
87,0.12,0.102,0.112,0.316,0.295,0.203,0.107,0.09,0.501,0.325,0.102,0.115,0.098,0.107,0.125,0.111,0.147,0.103,0.092,0.099,0.091,0.573,0.103,0.138,0.15,0.113,0.135,0.06,0.083,0.133,0.529,0.485,0.099,0.484,0.249,0.084,0.232,0.061,0.22,0.201
88,0.082,0.177,0.081,0.126,0.283,0.223,0.119,0.073,0.746,0.633,0.075,0.134,0.098,0.093,0.144,0.126,0.133,0.095,0.093,0.109,0.118,0.516,0.104,0.192,0.171,0.088,0.236,0.083,0.153,0.132,0.406,0.188,0.102,0.305,0.078,0.089,0.176,0.36,0.216,0.163
89,0.116,0.125,0.114,0.087,0.285,0.216,0.094,0.159,0.731,0.493,0.058,0.138,0.083,0.082,0.169,0.105,0.19,0.075,0.119,0.205,0.126,0.591,0.092,0.135,0.216,0.192,0.084,0.088,0.157,0.142,0.436,0.075,0.104,0.439,0.137,0.118,0.219,0.1,0.145,0.255
90,0.108,0.104,0.127,0.094,0.124,0.128,0.074,0.189,0.705,0.34,0.11,0.085,0.082,0.091,0.225,0.095,0.161,0.07,0.217,0.087,0.104,0.321,0.146,0.247,0.123,0.15,0.105,0.061,0.103,0.162,0.437,0.136,0.587,0.505,0.105,0.079,0.126,0.071,0.221,0.138
91,0.123,0.124,0.162,0.09,0.176,0.13,0.229,0.166,0.391,0.587,0.068,0.069,0.207,0.167,0.103,0.105,0.245,0.222,0.162,0.072,0.091,0.568,0.136,0.12,0.088,0.116,0.088,0.078,0.087,0.113,0.413,0.2,0.467,0.218,0.168,0.26,0.11,0.099,0.112,0.167
92,0.099,0.204,0.198,0.089,0.195,0.182,0.071,0.071,0.666,0.699,0.091,0.074,0.193,0.1,0.192,0.091,0.238,0.114,0.389,0.079,0.078,0.254,0.157,0.244,0.193,0.094,0.118,0.084,0.071,0.072,0.492,0.214,0.168,0.205,0.223,0.067,0.145,0.455,0.061,0.229
93,0.085,0.134,0.173,0.116,0.306,0.25,0.106,0.137,0.679,0.413,0.124,0.058,0.19,0.116,0.116,0.234,0.376,0.135,0.424,0.165,0.076,0.153,0.219,0.117,0.088,0.099,0.076,0.115,0.109,0.148,0.697,0.075,0.128,0.147,0.164,0.083,0.312,0.305,0.125,0.204
94,0.101,0.094,0.316,0.227,0.123,0.197,0.176,0.193,0.673,0.203,0.061,0.064,0.123,0.117,0.626,0.172,0.241,0.251,0.138,0.18,0.073,0.134,0.134,0.112,0.076,0.1,0.254,0.078,0.085,0.113,0.82,0.177,0.218,0.285,0.103,0.119,0.308,0.174,0.188,0.137
95,0.099,0.117,0.314,0.405,0.48,0.185,0.248,0.27,0.775,0.133,0.119,0.077,0.081,0.159,0.321,0.227,0.113,0.251,0.127,0.172,0.08,0.1,0.109,0.099,0.084,0.125,0.114,0.075,0.064,0.201,0.845,0.256,0.119,0.177,0.18,0.115,0.353,0.131,0.054,0.19
96,0.064,0.097,0.239,0.634,0.508,0.161,0.185,0.366,0.762,0.174,0.156,0.277,0.11,0.159,0.198,0.31,0.312,0.146,0.117,0.161,0.082,0.114,0.119,0.141,0.109,0.19,0.124,0.082,0.092,0.099,0.456,0.259,0.073,0.335,0.217,0.335,0.215,0.081,0.185,0.182
97,0.073,0.322,0.113,0.261,0.54,0.3,0.398,0.21,0.948,0.128,0.202,0.099,0.173,0.114,0.098,0.289,0.4,0.088,0.13,0.146,0.093,0.116,0.131,0.17,0.139,0.093,0.108,0.08,0.085,0.145,0.149,0.225,0.143,0.42,0.205,0.465,0.217,0.072,0.054,0.244
98,0.073,0.206,0.172,0.283,1.089,0.098,0.248,0.055,0.624,0.264,0.137,0.212,0.36,0.172,0.14,0.089,0.373,0.139,0.115,0.118,0.086,0.094,0.194,0.084,0.116,0.088,0.111,0.07,0.068,0.157,0.315,0.254,0.082,0.541,0.204,0.162,0.147,0.192,0.066,0.242
99,0.127,0.07,0.122,0.161,0.979,0.216,0.075,0.099,0.524,0.081,0.075,0.163,0.132,0.276,0.086,0.221,0.193,0.119,0.163,0.109,0.069,0.129,0.12,0.105,0.14,0.11,0.084,0.074,0.086,0.249,0.276,0.302,0.091,0.522,0.147,0.136,0.095,0.084,0.116,0.18
100,0.086,0.105,0.171,0.067,0.921,0.155,0.098,0.079,0.825,0.244,0.106,0.064,0.164,0.178,0.142,0.202,0.123,0.104,0.149,0.113,0.073,0.179,0.101,0.171,0.102,0.097,0.162,0.078,0.118,0.218,0.17,0.079,0.073,0.676,0.529,0.059,0.101,0.057,0.06,0.089
101,0.131,0.164,0.293,0.075,0.801,0.089,0.071,0.114,0.987,0.375,0.103,0.132,0.28,0.112,0.106,0.1,0.118,0.081,0.135,0.109,0.103,0.1,0.126,0.096,0.102,0.118,0.45,0.085,0.114,0.163,0.218,0.122,0.124,0.459,0.259,0.061,0.129,0.101,0.083,0.187
102,0.088,0.106,0.294,0.087,0.544,0.082,0.062,0.071,1.054,0.25,0.063,0.118,0.127,0.226,0.138,0.19,0.11,0.11,0.092,0.123,0.204,0.135,0.198,0.135,0.155,0.122,0.227,0.114,0.086,0.163,0.249,0.105,0.105,0.515,0.113,0.076,0.106,0.078,0.093,0.129
103,0.088,0.177,0.104,0.131,0.315,1.074,0.071,0.09,0.849,0.303,0.105,0.087,0.154,0.087,0.102,0.079,0.103,0.083,0.069,0.206,0.136,0.189,0.179,0.217,0.352,0.107,0.119,0.083,0.071,0.175,0.292,0.158,0.225,0.364,0.103,0.101,0.087,0.097,0.094,0.088
104,0.063,0.145,0.072,0.106,0.56,0.486,0.095,0.052,0.732,0.098,0.081,0.075,0.12,0.155,0.081,0.113,0.196,0.106,0.085,0.097,0.274,0.205,0.16,0.179,0.124,0.095,0.092,0.133,0.142,0.201,0.279,0.147,0.098,0.326,0.1,0.089,0.097,0.108,0.191,0.156
105,0.092,0.206,0.095,0.13,0.598,0.145,0.062,0.138,0.738,0.178,0.104,0.165,0.158,0.132,0.089,0.099,0.134,0.112,0.108,0.142,0.192,0.174,0.132,0.17,0.088,0.069,0.234,0.096,0.101,0.22,0.232,0.135,0.105,0.339,0.079,0.099,0.094,0.149,0.129,0.129
106,0.091,0.1,0.119,0.151,0.231,0.203,0.086,0.127,0.638,0.31,0.056,0.095,0.22,0.141,0.24,0.144,0.164,0.085,0.082,0.122,0.086,0.082,0.108,0.118,0.086,0.174,0.209,0.188,0.175,0.183,0.188,0.227,0.202,0.538,0.095,0.125,0.087,0.219,0.255,0.132
107,0.125,0.113,0.21,0.113,0.204,0.181,0.144,0.438,1.092,0.277,0.085,0.076,0.101,0.064,0.125,0.182,0.164,0.081,0.485,0.089,0.136,0.091,0.114,0.249,0.145,0.125,0.315,0.07,0.068,0.081,0.271,0.142,0.109,0.652,0.233,0.112,0.149,0.094,0.339,0.169
108,0.108,0.171,0.139,0.134,0.429,0.176,0.158,0.121,0.949,0.318,0.115,0.125,0.137,0.106,0.311,0.079,0.15,0.197,0.102,0.157,0.064,0.071,0.099,0.144,0.242,0.238,0.34,0.083,0.092,0.111,0.205,0.381,0.127,0.476,0.105,0.197,0.102,0.06,0.267,0.383
109,0.107,0.102,0.175,0.303,0.526,0.364,0.058,0.105,1.195,0.083,0.08,0.202,0.171,0.212,0.258,0.077,0.143,0.153,0.114,0.121,0.07,0.108,0.098,0.11,0.11,0.26,0.106,0.178,0.084,0.142,0.391,0.198,0.114,0.843,0.067,0.156,0.102,0.087,0.121,0.158
110,0.125,0.157,0.114,0.237,0.298,0.212,0.097,0.135,1.38,0.163,0.1,0.125,0.124,0.191,0.101,0.224,0.17,0.067,0.113,0.066,0.294,0.096,0.122,0.231,0.113,0.205,0.075,0.06,0.071,0.097,0.205,0.148,0.071,0.754,0.129,0.118,0.235,0.052,0.134,0.089
111,0.114,0.073,0.125,0.175,0.494,0.143,0.185,0.083,1.342,0.196,0.055,0.097,0.068,0.072,0.077,0.117,0.085,0.08,0.193,0.164,0.088,0.072,0.088,0.145,0.094,0.069,0.075,0.06,0.072,0.147,0.215,0.172,0.123,0.566,0.079,0.275,0.085,0.147,0.15,0.094
112,0.108,0.219,0.237,0.401,0.493,0.144,0.121,0.146,1.067,0.348,0.08,0.076,0.078,0.09,0.074,0.079,0.089,0.087,0.146,0.103,0.063,0.103,0.115,0.104,0.119,0.104,0.118,0.067,0.118,0.204,0.205,0.147,0.068,0.876,0.089,0.143,0.089,0.045,0.15,0.098
113,0.105,0.15,0.129,0.299,0.622,0.3,0.199,0.139,0.909,0.421,0.075,0.108,0.116,0.153,0.118,0.098,0.089,0.067,0.074,0.205,0.09,0.131,0.078,0.211,0.09,0.079,0.185,0.051,0.307,0.23,0.137,0.098,0.107,0.853,0.129,0.08,0.136,0.076,0.08,0.088
114,0.36,0.069,0.198,0.283,0.491,0.306,0.047,0.065,1.315,0.621,0.076,0.141,0.093,0.106,0.103,0.096,0.086,0.063,0.059,0.235,0.076,0.11,0.081,0.087,0.123,0.099,0.347,0.04,0.066,0.339,0.127,0.091,0.089,0.724,0.18,0.078,0.13,0.166,0.081,0.123
115,0.108,0.183,0.091,0.333,0.59,0.161,0.182,0.047,1.01,0.919,0.087,0.087,0.114,0.097,0.076,0.091,0.1,0.088,0.066,0.099,0.05,0.145,0.095,0.199,0.219,0.314,0.142,0.109,0.195,0.171,0.175,0.109,0.099,0.424,0.079,0.125,0.152,0.142,0.104,0.144
116,0.097,0.262,0.066,0.151,0.685,0.31,0.163,0.034,1.045,0.553,0.087,0.087,0.123,0.088,0.246,0.088,0.081,0.084,0.073,0.066,0.083,0.171,0.164,0.186,0.096,0.199,0.117,0.18,0.127,0.119,0.083,0.118,0.103,0.694,0.12,0.129,0.221,0.06,0.062,0.112
117,0.145,0.056,0.104,0.279,0.698,0.135,0.069,0.052,1.486,1.333,0.077,0.099,0.095,0.099,0.103,0.133,0.142,0.071,0.099,0.074,0.063,0.088,0.174,0.135,0.123,0.103,0.123,0.096,0.208,0.116,0.174,0.069,0.095,0.613,0.097,0.086,0.133,0.058,0.07,0.084
118,0.15,0.096,0.221,0.124,0.795,0.119,0.055,0.069,0.883,1.181,0.089,0.12,0.121,0.092,0.097,0.155,0.128,0.102,0.079,0.124,0.077,0.139,0.163,0.227,0.098,0.093,0.105,0.075,0.313,0.091,0.203,0.109,0.085,0.295,0.07,0.104,0.074,0.066,0.065,0.074
119,0.17,0.14,0.181,0.346,0.459,0.119,0.129,0.043,0.733,0.969,0.063,0.118,0.113,0.141,0.223,0.089,0.087,0.095,0.098,0.14,0.176,0.085,0.09,0.103,0.174,0.105,0.209,0.067,0.117,0.098,0.229,0.103,0.107,0.116,0.095,0.081,0.1,0.098,0.101,0.093
120,0.152,0.08,0.052,0.454,0.138,0.121,0.309,0.121,0.93,0.507,0.085,0.087,0.174,0.132,0.199,0.085,0.118,0.14,0.166,0.077,0.1,0.122,0.135,0.202,0.302,0.232,0.099,0.049,0.067,0.152,0.201,0.095,0.093,0.149,0.156,0.224,0.07,0.039,0.074,0.087
121,0.106,0.104,0.14,0.271,0.172,0.128,0.156,0.249,1.585,0.887,0.089,0.087,0.16,0.077,0.395,0.068,0.099,0.315,0.102,0.138,0.089,0.106,0.158,0.124,0.241,0.101,0.267,0.077,0.072,0.084,0.28,0.142,0.134,0.076,0.145,0.105,0.092,0.062,0.06,0.093
122,0.054,0.083,0.336,0.132,0.632,0.198,0.065,0.053,1.325,0.568,0.064,0.058,0.104,0.138,0.168,0.119,0.106,0.14,0.091,0.395,0.083,0.169,0.082,0.094,0.335,0.145,0.16,0.054,0.083,0.094,0.234,0.105,0.293,0.178,0.201,0.131,0.103,0.156,0.059,0.141
123,0.083,0.061,0.088,0.176,0.503,0.113,0.107,0.051,2.188,0.783,0.069,0.066,0.193,0.083,0.105,0.1,0.346,0.085,0.077,0.079,0.061,0.121,0.11,0.079,0.397,0.162,0.115,0.105,0.072,0.086,0.294,0.188,0.292,0.119,0.074,0.413,0.168,0.167,0.053,0.106
124,0.09,0.074,0.072,0.094,0.24,0.118,0.214,0.101,1.789,0.874,0.071,0.251,0.133,0.091,0.096,0.083,0.274,0.069,0.051,0.097,0.081,0.083,0.086,0.106,0.468,0.064,0.086,0.068,0.061,0.103,0.198,0.144,0.074,0.07,0.311,0.102,0.162,0.074,0.221,0.046
125,0.118,0.058,0.2,0.179,0.151,0.099,0.111,0.087,1.718,0.789,0.106,0.076,0.15,0.093,0.109,0.092,0.131,0.073,0.153,0.092,0.058,0.079,0.101,0.12,0.46,0.088,0.207,0.079,0.072,0.074,0.167,0.067,0.125,0.079,0.369,0.293,0.145,0.039,0.132,0.134
126,0.141,0.229,0.102,0.16,0.078,0.114,0.111,0.052,1.748,0.827,0.08,0.069,0.079,0.089,0.133,0.122,0.085,0.054,0.083,0.063,0.067,0.075,0.076,0.073,0.216,0.051,0.192,0.068,0.059,0.08,0.23,0.075,0.128,0.134,0.066,0.347,0.157,0.118,0.067,0.129
127,0.09,0.143,0.055,0.097,0.109,0.08,0.363,0.207,1.355,0.749,0.063,0.079,0.095,0.077,0.086,0.067,0.076,0.076,0.085,0.067,0.063,0.093,0.115,0.085,0.101,0.066,0.077,0.062,0.06,0.135,0.269,0.104,0.123,0.187,0.132,0.312,0.149,0.099,0.052,0.079
128,0.26,0.129,0.092,0.118,0.086,0.082,0.357,0.12,1.104,0.378,0.043,0.065,0.06,0.084,0.055,0.066,0.063,0.067,0.062,0.075,0.052,0.082,0.16,0.077,0.076,0.065,0.141,0.053,0.047,0.059,0.108,0.092,0.404,0.185,0.221,0.185,0.107,0.105,0.096,0.085
129,0.163,0.131,0.128,0.089,0.165,0.077,0.473,0.417,1.429,0.228,0.063,0.059,0.066,0.092,0.105,0.119,0.073,0.071,0.074,0.113,0.045,0.13,0.085,0.073,0.082,0.08,0.08,0.074,0.06,0.099,0.111,0.079,0.131,0.25,0.329,0.307,0.223,0.108,0.083,0.173
130,0.13,0.081,0.337,0.214,0.196,0.122,0.51,0.325,1.778,0.222,0.052,0.098,0.105,0.08,0.589,0.087,0.089,0.092,0.073,0.13,0.055,0.081,0.091,0.092,0.161,0.067,0.096,0.05,0.109,0.104,0.111,0.121,0.063,0.322,0.127,0.333,0.235,0.088,0.292,0.164
131,0.075,0.061,0.241,0.094,0.606,0.165,0.412,0.08,1.235,0.233,0.158,0.084,0.191,0.1,0.377,0.143,0.108,0.131,0.174,0.091,0.061,0.067,0.087,0.071,0.062,0.122,0.081,0.065,0.063,0.086,0.2,0.07,0.154,0.098,0.221,0.253,0.173,0.072,0.227,0.372
132,0.092,0.162,0.146,0.433,0.794,0.072,0.088,0.079,1.012,0.231,0.205,0.102,0.096,0.235,0.15,0.098,0.101,0.063,0.066,0.087,0.082,0.096,0.075,0.102,0.09,0.13,0.073,0.078,0.075,0.075,0.368,0.103,0.053,0.192,0.098,0.171,0.123,0.11,0.077,0.157
133,0.096,0.13,0.1,0.203,0.803,0.159,0.159,0.047,1.42,0.125,0.045,0.084,0.09,0.161,0.126,0.083,0.096,0.098,0.157,0.084,0.081,0.121,0.145,0.107,0.103,0.115,0.102,0.085,0.092,0.083,0.434,0.125,0.089,0.089,0.149,0.12,0.111,0.072,0.06,0.096
134,0.182,0.068,0.175,0.247,0.843,0.272,0.154,0.109,1.13,0.137,0.059,0.078,0.102,0.111,0.091,0.064,0.165,0.074,0.092,0.083,0.058,0.134,0.131,0.086,0.127,0.184,0.092,0.071,0.095,0.114,0.62,0.123,0.046,0.062,0.121,0.282,0.085,0.119,0.077,0.279
135,0.148,0.193,0.241,0.262,0.712,0.218,0.092,0.123,1.117,0.357,0.052,0.146,0.167,0.131,0.109,0.109,0.113,0.098,0.154,0.089,0.105,0.116,0.209,0.108,0.12,0.106,0.106,0.081,0.086,0.074,0.681,0.109,0.076,0.086,0.112,0.098,0.102,0.17,0.318,0.244
136,0.179,0.14,0.173,0.191,1.042,0.154,0.057,0.19,1.413,0.307,0.048,0.27,0.293,0.088,0.213,0.087,0.091,0.092,0.085,0.133,0.086,0.09,0.088,0.091,0.088,0.078,0.101,0.054,0.085,0.137,0.85,0.156,0.243,0.103,0.1,0.1,0.081,0.146,0.131,0.125
137,0.062,0.104,0.112,0.172,0.63,0.143,0.066,0.081,1.284,0.13,0.055,0.079,0.235,0.084,0.262,0.055,0.176,0.201,0.093,0.153,0.127,0.087,0.116,0.077,0.077,0.11,0.121,0.054,0.079,0.127,0.699,0.065,0.554,0.123,0.183,0.051,0.098,0.177,0.063,0.072
138,0.061,0.083,0.132,0.144,0.374,0.217,0.123,0.342,1.163,0.119,0.058,0.101,0.086,0.108,0.253,0.06,0.079,0.17,0.082,0.094,0.125,0.101,0.144,0.068,0.102,0.074,0.071,0.086,0.066,0.233,0.466,0.089,0.324,0.275,0.097,0.065,0.086,0.172,0.212,0.118
139,0.09,0.345,0.086,0.192,0.387,0.099,0.073,0.229,1.44,0.275,0.056,0.061,0.076,0.078,0.063,0.06,0.078,0.055,0.055,0.082,0.082,0.147,0.172,0.094,0.112,0.066,0.103,0.045,0.072,0.088,0.484,0.182,0.117,0.199,0.209,0.079,0.151,0.125,0.121,0.111
140,0.11,0.198,0.128,0.202,0.49,0.228,0.062,0.141,1.776,0.32,0.051,0.072,0.107,0.138,0.102,0.064,0.087,0.095,0.085,0.075,0.159,0.074,0.108,0.088,0.083,0.178,0.119,0.074,0.063,0.111,0.278,0.064,0.073,0.086,0.114,0.07,0.209,0.068,0.148,0.083
141,0.188,0.127,0.358,0.232,0.639,0.096,0.103,0.146,1.656,0.123,0.048,0.086,0.082,0.094,0.148,0.073,0.059,0.076,0.107,0.088,0.072,0.128,0.065,0.079,0.113,0.085,0.103,0.091,0.137,0.126,0.418,0.064,0.075,0.127,0.077,0.078,0.078,0.061,0.063,0.061
142,0.158,0.239,0.125,0.249,0.818,0.111,0.062,0.184,1.615,0.178,0.089,0.105,0.115,0.096,0.134,0.074,0.099,0.083,0.218,0.085,0.136,0.227,0.102,0.099,0.094,0.066,0.114,0.084,0.091,0.11,0.271,0.066,0.097,0.119,0.104,0.143,0.096,0.064,0.068,0.093
143,0.131,0.093,0.14,0.232,0.759,0.146,0.097,0.147,1.354,0.065,0.069,0.085,0.075,0.106,0.081,0.084,0.069,0.068,0.071,0.089,0.074,0.211,0.154,0.195,0.19,0.14,0.104,0.062,0.082,0.084,0.172,0.085,0.085,0.155,0.116,0.111,0.073,0.059,0.116,0.199
144,0.315,0.253,0.176,0.147,0.833,0.08,0.062,0.118,1.322,0.413,0.058,0.069,0.089,0.088,0.082,0.082,0.086,0.089,0.093,0.096,0.097,0.158,0.255,0.081,0.395,0.281,0.122,0.128,0.122,0.126,0.22,0.073,0.183,0.162,0.116,0.16,0.119,0.09,0.227,0.08
145,0.222,0.074,0.269,0.143,0.865,0.17,0.135,0.124,1.284,0.328,0.053,0.103,0.089,0.102,0.098,0.071,0.076,0.126,0.091,0.115,0.059,0.227,0.351,0.094,0.347,0.093,0.299,0.056,0.147,0.216,0.182,0.118,0.149,0.157,0.121,0.13,0.126,0.11,0.09,0.198
146,0.145,0.222,0.265,0.198,0.556,0.174,0.16,0.053,0.972,0.33,0.051,0.049,0.076,0.134,0.078,0.085,0.074,0.061,0.079,0.094,0.141,0.206,0.313,0.182,0.323,0.085,0.082,0.068,0.117,0.112,0.314,0.342,0.124,0.104,0.122,0.146,0.123,0.088,0.065,0.126
147,0.172,0.222,0.21,0.215,0.437,0.069,0.249,0.236,1.195,0.23,0.09,0.103,0.089,0.168,0.129,0.071,0.071,0.063,0.091,0.108,0.097,0.12,0.083,0.168,0.114,0.187,0.232,0.089,0.069,0.151,0.562,0.367,0.248,0.069,0.083,0.081,0.169,0.053,0.08,0.168
148,0.108,0.291,0.464,0.229,0.32,0.153,0.162,0.108,0.991,0.219,0.066,0.171,0.082,0.097,0.106,0.053,0.147,0.074,0.064,0.106,0.092,0.121,0.098,0.205,0.14,0.127,0.094,0.061,0.077,0.135,0.69,0.108,0.168,0.307,0.08,0.143,0.281,0.048,0.067,0.047
149,0.106,0.146,0.335,0.25,0.293,0.151,0.147,0.231,1.362,0.148,0.059,0.102,0.087,0.067,0.116,0.082,0.091,0.069,0.072,0.077,0.121,0.122,0.215,0.116,0.406,0.133,0.135,0.05,0.071,0.102,0.466,0.076,0.178,0.173,0.084,0.181,0.122,0.085,0.08,0.09
150,0.106,0.095,0.195,0.563,0.117,0.13,0.069,0.124,1.535,0.138,0.058,0.073,0.229,0.129,0.115,0.106,0.167,0.096,0.143,0.133,0.197,0.094,0.13,0.098,0.172,0.09,0.127,0.06,0.073,0.129,0.411,0.1,0.152,0.12,0.176,0.146,0.085,0.054,0.118,0.288
151,0.073,0.176,0.105,0.572,0.211,0.131,0.072,0.095,1.568,0.106,0.072,0.074,0.419,0.072,0.069,0.119,0.095,0.085,0.098,0.094,0.091,0.095,0.106,0.187,0.1,0.118,0.075,0.059,0.071,0.137,0.507,0.495,0.179,0.239,0.281,0.143,0.149,0.126,0.102,0.099
152,0.055,0.21,0.125,0.565,0.389,0.089,0.068,0.108,1.139,0.086,0.076,0.064,0.253,0.086,0.073,0.079,0.077,0.07,0.086,0.083,0.061,0.099,0.084,0.117,0.087,0.067,0.055,0.063,0.063,0.075,0.581,0.208,0.124,0.515,0.263,0.174,0.297,0.195,0.205,0.064
153,0.074,0.128,0.22,0.134,0.387,0.083,0.085,0.106,0.931,0.138,0.063,0.064,0.147,0.154,0.095,0.115,0.111,0.218,0.16,0.108,0.117,0.091,0.106,0.074,0.098,0.074,0.148,0.046,0.05,0.129,0.427,0.148,0.178,0.366,0.221,0.186,0.097,0.169,0.183,0.071
154,0.305,0.097,0.384,0.112,0.267,0.119,0.072,0.373,1.137,0.111,0.068,0.108,0.078,0.179,0.238,0.117,0.067,0.064,0.223,0.212,0.066,0.134,0.093,0.086,0.09,0.106,0.113,0.06,0.063,0.075,0.11,0.459,0.349,0.488,0.254,0.16,0.089,0.17,0.078,0.147
155,0.25,0.137,0.435,0.262,0.229,0.118,0.304,0.131,1.321,0.082,0.114,0.083,0.13,0.189,0.163,0.103,0.071,0.11,0.094,0.2,0.066,0.078,0.094,0.151,0.121,0.121,0.084,0.062,0.055,0.091,0.163,0.15,0.125,0.539,0.279,0.113,0.475,0.05,0.143,0.144
156,0.115,0.134,0.23,0.428,0.462,0.175,0.123,0.183,1.547,0.08,0.072,0.11,0.146,0.079,0.137,0.126,0.08,0.087,0.132,0.221,0.067,0.141,0.147,0.123,0.093,0.083,0.079,0.119,0.067,0.116,0.17,0.052,0.135,0.236,0.103,0.257,0.338,0.125,0.193,0.085
157,0.068,0.092,0.072,0.278,0.577,0.137,0.823,0.061,0.866,0.112,0.07,0.106,0.188,0.167,0.092,0.091,0.085,0.162,0.068,0.122,0.075,0.071,0.089,0.071,0.101,0.073,0.078,0.074,0.073,0.082,0.075,0.079,0.116,0.682,0.077,0.324,0.125,0.241,0.068,0.088
158,0.061,0.14,0.263,0.108,0.734,0.072,0.45,0.047,1.596,0.157,0.054,0.095,0.247,0.103,0.127,0.127,0.136,0.094,0.145,0.122,0.059,0.078,0.1,0.082,0.086,0.086,0.077,0.084,0.11,0.104,0.074,0.061,0.087,0.911,0.116,0.455,0.306,0.054,0.05,0.192
159,0.104,0.095,0.065,0.696,0.897,0.116,0.23,0.041,1.511,0.154,0.049,0.242,0.056,0.066,0.069,0.087,0.066,0.235,0.091,0.19,0.063,0.115,0.149,0.098,0.077,0.111,0.101,0.09,0.076,0.085,0.127,0.097,0.237,0.875,0.077,0.175,0.252,0.081,0.106,0.115
160,0.088,0.104,0.069,0.462,0.553,0.148,0.3,0.201,1.675,0.234,0.079,0.078,0.104,0.123,0.101,0.082,0.087,0.121,0.074,0.141,0.074,0.142,0.109,0.189,0.141,0.151,0.123,0.068,0.089,0.157,0.235,0.111,0.175,0.426,0.128,0.124,0.184,0.1,0.102,0.112
161,0.091,0.045,0.068,0.331,0.483,0.214,0,0.107,1.077,0.141,0.064,0.109,0.156,0.114,0.152,0.194,0.123,0.124,0.129,0.122,0.072,0.119,0.184,0.137,0.183,0.144,0.142,0.102,0.095,0.268,0.369,0.11,0.113,0.618,0.092,0.067,0.099,0.106,0.103,0.091
162,0.06,0.151,0.09,0.312,0.361,0.245,0.345,0.278,0.874,0.101,0.064,0.054,0.152,0.102,0.08,0.152,0.081,0.196,0.066,0.115,0.064,0.105,0.093,0.071,0.084,0.078,0.075,0.046,0.085,0.096,0.515,0.117,0.075,0.343,0.064,0.065,0.068,0.08,0.077,0.232
163,0.069,0.107,0.418,0.146,0.184,0.217,0.249,0.165,0.908,0.282,0.069,0.085,0.071,0.065,0.094,0.087,0.09,0.085,0.086,0.077,0.062,0.113,0.082,0.076,0.095,0.056,0.074,0.064,0.054,0.061,0.506,0.172,0.08,0.278,0.16,0.147,0.092,0.12,0.14,0.329
164,0.135,0.135,0.111,0.115,0.307,0.229,0.12,0.173,0.918,0.18,0.081,0.068,0.093,0.075,0.114,0.077,0.076,0.1,0.08,0.1,0.112,0.113,0.106,0.099,0.101,0.136,0.105,0.075,0.087,0.123,0.533,0.131,0.168,0.326,0.159,0.111,0.12,0.111,0.074,0.489
165,0.163,0.055,0.104,0.168,0.467,0.155,0.086,0.064,1.273,0.129,0.084,0.087,0.094,0.084,0.093,0.083,0.081,0.079,0.062,0.147,0.082,0.143,0.119,0.11,0.114,0.141,0.149,0.048,0.098,0.204,0.217,0.238,0.135,0.36,0.138,0.117,0.183,0.084,0.09,0.254
166,0.155,0.061,0.088,0.139,0.352,0.064,0.134,0.135,0.767,0.187,0.097,0.068,0.114,0.123,0.24,0.112,0.219,0.119,0.078,0.167,0.073,0.109,0.129,0.091,0.164,0.133,0.132,0.065,0.074,0.09,0.392,0.17,0.134,0.432,0.247,0.133,0.148,0.431,0.06,0.172
167,0.139,0.073,0.129,0.112,0.28,0.141,0.071,0.128,1.387,0.081,0.115,0.1,0.135,0.089,0.137,0.267,0.157,0.085,0.12,0.159,0.119,0.079,0.152,0.076,0.119,0.084,0.083,0.054,0.062,0.061,0.635,0.065,0.09,0.32,0.171,0.098,0.118,0.155,0.103,0.059
168,0.066,0.058,0.098,0.107,0.377,0.153,0.099,0.154,1.43,0.135,0.054,0.106,0.081,0.096,0.138,0.298,0.188,0.227,0.2,0.091,0.118,0.119,0.093,0.116,0.116,0.086,0.057,0.054,0.066,0.069,0.64,0.053,0.087,0.468,0.087,0.058,0.122,0.099,0.078,0.1
169,0.207,0.086,0.096,0.117,0.112,0.21,0.095,0.077,0.955,0.075,0.059,0.138,0.142,0.142,0.137,0.201,0.141,0.118,0.144,0.192,0.066,0.175,0.12,0.131,0.093,0.134,0.091,0.095,0.071,0.099,0.549,0.059,0.08,0.611,0.068,0.09,0.087,0.069,0.059,0.108
170,0.075,0.073,0.143,0.163,0.147,0.285,0.089,0.132,0.865,0.191,0.072,0.088,0.125,0.115,0.115,0.076,0.343,0.087,0.336,0.119,0.099,0.172,0.17,0.092,0.128,0.134,0.08,0.062,0.082,0.142,0.174,0.095,0.145,0.644,0.144,0.131,0.17,0.084,0.074,0.095
171,0.08,0.096,0.104,0.244,0.103,0.223,0.081,0.23,1.082,0.174,0.094,0.09,0.093,0.078,0.09,0.074,0.272,0.065,0.104,0.069,0.074,0.15,0.086,0.084,0.097,0.361,0.193,0.06,0.081,0.14,0.315,0.072,0.095,0.686,0.119,0.097,0.139,0.111,0.09,0.084
172,0.331,0.126,0.072,0.142,0.303,0.158,0.112,0.321,1.116,0.14,0.065,0.067,0.091,0.064,0.081,0.082,0.068,0.088,0.08,0.088,0.077,0.081,0.094,0.285,0.111,0.197,0.119,0.088,0.074,0.18,0.487,0.057,0.198,0.8,0.134,0.091,0.108,0.14,0.137,0.161
173,0.358,0.066,0.144,0.083,0.317,0.182,0.13,0.156,1.287,0.102,0.072,0.044,0.073,0.073,0.073,0.107,0.072,0.087,0.054,0.085,0.185,0.212,0.168,0.193,0.069,0.395,0.098,0.073,0.076,0.214,0.421,0.179,0.121,0.802,0.297,0.163,0.146,0.076,0.1,0.118
174,0.076,0.129,0.115,0.206,0.31,0.114,0.064,0.083,1.215,0.135,0.067,0.086,0.163,0.143,0.088,0.103,0.072,0.068,0.162,0.086,0.061,0.367,0.207,0.088,0.388,0.538,0.071,0.082,0.095,0.268,0.367,0.264,0.092,0.312,0.083,0.225,0.107,0.117,0.121,0.205
175,0.079,0.188,0.072,0.23,0.263,0.201,0.206,0.101,1.065,0.122,0.067,0.293,0.15,0.145,0.144,0.124,0.166,0.127,0.094,0.108,0.184,0.177,0.138,0.453,0.085,0.235,0.152,0.09,0.047,0.396,0.578,0.1,0.104,0.084,0.075,0.132,0.144,0.12,0.174,0.11
176,0.119,0.083,0.083,0.131,0.311,0.158,0.116,0.23,1.283,0.108,0.062,0.187,0.17,0.142,0.165,0.132,0.102,0.214,0.106,0.125,0.345,0.1,0.139,0.405,0.202,0.136,0.112,0.037,0.078,0.235,0.638,0.179,0.1,0.102,0.104,0.29,0.151,0.141,0.108,0.135
177,0.081,0.1,0.136,0.144,0.338,0.186,0.115,0.288,0.811,0.285,0.079,0.074,0.155,0.158,0.107,0.21,0.082,0.176,0.088,0.119,0.11,0.087,0.121,0.657,0.161,0.094,0.175,0.046,0.403,0.257,0.521,0.15,0.085,0.173,0.145,0.136,0.168,0.128,0.222,0.192
178,0.16,0.094,0.235,0.461,0.257,0.049,0.108,0.066,1.137,0.317,0.079,0.1,0.088,0.104,0.148,0.14,0.131,0.081,0.113,0.111,0.358,0.189,0.193,0.126,0.17,0.078,0.251,0.045,0.108,0.312,0.164,0.158,0.141,0.3,0.289,0.159,0.158,0.104,0.163,0.225
179,0.048,0.062,0.189,0.515,0.198,0.06,0.054,0.098,1.422,0.328,0.077,0.105,0.122,0.086,0.133,0.11,0.128,0.086,0.119,0.11,0.448,0.173,0.14,0.092,0.236,0.177,0.302,0.074,0.084,0.208,0.14,0.116,0.099,0.645,0.257,0.198,0.112,0.102,0.078,0.301
180,0.086,0.081,0.151,0.582,0.143,0.062,0.083,0.119,2.067,0.364,0.073,0.12,0.128,0.108,0.104,0.189,0.153,0.099,0.08,0.126,0.124,0.129,0.367,0.303,0.086,0.147,0.242,0.061,0.076,0.123,0.214,0.121,0.307,0.642,0.062,0.075,0.11,0.1,0.16,0.259
181,0.072,0.045,0.15,0.553,0.094,0.1,0.056,0.24,1.511,0.124,0.058,0.125,0.115,0.388,0.21,0.122,0.163,0.119,0.097,0.13,0.093,0.076,0.2,0.264,0.291,0.174,0.153,0.086,0.085,0.072,0.384,0.12,0.185,0.626,0.168,0.158,0.131,0.074,0.102,0.22
182,0.181,0.057,0.204,0.335,0.174,0.077,0.07,0.071,1.769,0.104,0.087,0.199,0.267,0.289,0.36,0.108,0.192,0.06,0.138,0.116,0.147,0.101,0.094,0.262,0.153,0.137,0.15,0.13,0.12,0.181,0.213,0.653,0.099,0.264,0.091,0.147,0.302,0.042,0.07,0.267
183,0.088,0.058,0.061,0.508,0.104,0.064,0.068,0.069,1.6,0.132,0.068,0.126,0.202,0.219,0.131,0.194,0.131,0.069,0.157,0.528,0.256,0.189,0.128,0.166,0.097,0.283,0.267,0.091,0.11,0.209,0.317,0.231,0.077,0.195,0.12,0.092,0.331,0.093,0.093,0.179
184,0.099,0.046,0.151,0.105,0.162,0.176,0.07,0.105,1.444,0.291,0.06,0.077,0.118,0.102,0.077,0.106,0.104,0.078,0.103,0.502,0.118,0.169,0.157,0.192,0.1,0.132,0.161,0.119,0.07,0.111,0.368,0.121,0.425,0.304,0.101,0.154,0.523,0.11,0.065,0.114
185,0.164,0.157,0.136,0.22,0.175,0.285,0.101,0.225,1.122,0.162,0.075,0.059,0.083,0.132,0.117,0.095,0.086,0.083,0.149,0.16,0.139,0.122,0.155,0.104,0.09,0.154,0.116,0.129,0.159,0.093,0.39,0.175,0.278,0.276,0.222,0.137,0.082,0.09,0.102,0.205
186,0.213,0.116,0.059,0.208,0.275,0.223,0.076,0.141,1.23,0.141,0.054,0.063,0.128,0.067,0.229,0.149,0.088,0.115,0.084,0.106,0.077,0.071,0.086,0.095,0.099,0.075,0.085,0.05,0.22,0.137,0.62,0.224,0.073,0.157,0.117,0.152,0.212,0.045,0.081,0.114
187,0.111,0.08,0.06,0.073,0.16,0.254,0.091,0.146,1.708,0.39,0.088,0.062,0.086,0.062,0.078,0.149,0.097,0.097,0.07,0.19,0.068,0.096,0.147,0.125,0.082,0.064,0.07,0.057,0.143,0.11,0.581,0.08,0.346,0.196,0.135,0.088,0.119,0.06,0.046,0.092
188,0.148,0.037,0.544,0.109,0.158,0.171,0.107,0.159,1.804,0.122,0.13,0.113,0.102,0.098,0.079,0.096,0.123,0.065,0.116,0.08,0.099,0.135,0.244,0.162,0.245,0.114,0.101,0.084,0.1,0.133,0.68,0.065,0.173,0.278,0.124,0.098,0.103,0.053,0.13,0.075
189,0.138,0.101,0.351,0.102,0.265,0.07,0.351,0.296,1.115,0.069,0.115,0.112,0.158,0.133,0.088,0.099,0.128,0.066,0.068,0.063,0.053,0.092,0.122,0.145,0.086,0.159,0.13,0.122,0.061,0.139,0.801,0.076,0.071,0.165,0.355,0.04,0.165,0.075,0.063,0.079
190,0.372,0.087,0.127,0.107,0.172,0.105,0.302,0.255,1.76,0.266,0.07,0.08,0.137,0.142,0.271,0.082,0.14,0.075,0.162,0.104,0.051,0.227,0.089,0.109,0.074,0.095,0.081,0.054,0.042,0.076,0.584,0.141,0.112,0.25,0.326,0.093,0.096,0.084,0.087,0.075
191,0.306,0.139,0.124,0.265,0.37,0.345,0.213,0.074,1.52,0.286,0.06,0.091,0.116,0.117,0.133,0.147,0.137,0.161,0.706,0.123,0.061,0.096,0.109,0.159,0.169,0.099,0.144,0.05,0.065,0.082,0.646,0.079,0.146,0.277,0.282,0.369,0.093,0.102,0.09,0.117
192,0.37,0.3,0.096,0.301,0.248,0.373,0.102,0.311,1.054,0.217,0.08,0.061,0.215,0.079,0.094,0.213,0.178,0.1,0.246,0.103,0.062,0.101,0.084,0.063,0.118,0.147,0.171,0.07,0.07,0.078,0.591,0.08,0.181,0.203,0.275,0.331,0.118,0.094,0.093,0.236
193,0.228,0.169,0.214,0.167,0.422,0.092,0.331,0.127,0.99,0.15,0.118,0.106,0.15,0.111,0.1,0.196,0.236,0.113,0.098,0.166,0.066,0.081,0.07,0.115,0.09,0.105,0.103,0.065,0.077,0.121,0.874,0.056,0.101,0.333,0.104,0.085,0.169,0.142,0.076,0.089
194,0.124,0.045,0.116,0.197,0.787,0.08,0.41,0.287,1.514,0.238,0.099,0.066,0.164,0.129,0.088,0.073,0.115,0.211,0.158,0.203,0.059,0.086,0.067,0.09,0.074,0.083,0.077,0.085,0.055,0.068,0.483,0.055,0.113,0.217,0.299,0.059,0.1,0.044,0.046,0.083
195,0.171,0.06,0.09,0.077,0.403,0.115,0.288,0.104,1.312,0.372,0.087,0.076,0.313,0.084,0.151,0.169,0.207,0.075,0.169,0.155,0.065,0.117,0.094,0.065,0.061,0.138,0.089,0.065,0.048,0.081,0.989,0.144,0.059,0.245,0.179,0.082,0.098,0.226,0.058,0.269
196,0.078,0.088,0.12,0.103,0.315,0.169,0.472,0.052,0.7,0.203,0.06,0.087,0.185,0.075,0.111,0.085,0.344,0.073,0.104,0.097,0.043,0.077,0.099,0.098,0.103,0.256,0.155,0.083,0.061,0.102,0.667,0.109,0.051,0.416,0.162,0.164,0.113,0.069,0.177,0.212
197,0.116,0.068,0.074,0.234,0.186,0.156,0.438,0.058,1.205,0.284,0.08,0.068,0.124,0.083,0.097,0.095,0.163,0.056,0.083,0.078,0.076,0.108,0.086,0.09,0.074,0.199,0.122,0.097,0.06,0.075,0.903,0.052,0.099,0.503,0.096,0.08,0.073,0.075,0.099,0.094
198,0.232,0.168,0.102,0.086,0.136,0.145,0.12,0.136,1.024,0.353,0.064,0.054,0.094,0.168,0.108,0.123,0.101,0.058,0.08,0.128,0.11,0.118,0.12,0.067,0.108,0.083,0.105,0.057,0.087,0.089,0.725,0.085,0.089,0.311,0.317,0.094,0.078,0.081,0.055,0.072
199,0.117,0.121,0.078,0.096,0.141,0.086,0.656,0.095,0.908,0.672,0.077,0.061,0.087,0.116,0.134,0.113,0.068,0.068,0.058,0.127,0.071,0.088,0.106,0.174,0.078,0.089,0.072,0.064,0.055,0.088,0.967,0.078,0.085,0.096,0.316,0.099,0.137,0.122,0.067,0.089
200,0.148,0.057,0.125,0.139,0.351,0.238,0.699,0.097,1.203,0.402,0.063,0.081,0.07,0.085,0.103,0.066,0.118,0.081,0.062,0.102,0.073,0.091,0.071,0.071,0.086,0.061,0.065,0.055,0.061,0.077,0.831,0.077,0.1,0.239,0.143,0.134,0.153,0.095,0.105,0.128
201,0.074,0.06,0.08,0.321,0.251,0.291,0.364,0.097,0.877,0.436,0.08,0.073,0.104,0.1,0.083,0.077,0.079,0.098,0.134,0.075,0.11,0.158,0.136,0.114,0.071,0.079,0.148,0.065,0.057,0.117,0.587,0.128,0.116,0.107,0.085,0.085,0.104,0.064,0.361,0.124
202,0.199,0.052,0.219,0.276,0.168,0.202,0.247,0.184,1.775,0.49,0.114,0.058,0.064,0.083,0.072,0.068,0.09,0.061,0.091,0.088,0.122,0.106,0.177,0.119,0.165,0.1,0.121,0.061,0.065,0.201,1.164,0.227,0.099,0.098,0.229,0.067,0.121,0.062,0.116,0.18
203,0.108,0.078,0.106,0.436,0.154,0.132,0.111,0.483,0.897,0.476,0.051,0.081,0.087,0.092,0.17,0.083,0.133,0.069,0.097,0.085,0.111,0.112,0.329,0.065,0.089,0.153,0.085,0.06,0.088,0.092,1.107,0.127,0.085,0.089,0.07,0.101,0.082,0.054,0.26,0.192
204,0.061,0.137,0.157,0.09,0.131,0.183,0.371,0.491,1.122,0.351,0.052,0.1,0.186,0.098,0.386,0.136,0.098,0.143,0.12,0.11,0.165,0.064,0.123,0.065,0.091,0.18,0.092,0.081,0.065,0.158,1.024,0.112,0.129,0.083,0.081,0.107,0.116,0.077,0.131,0.16
205,0.063,0.115,0.129,0.253,0.11,0.152,0.17,0.23,1.002,0.308,0.061,0.109,0.16,0.15,0.093,0.115,0.126,0.081,0.08,0.142,0.116,0.146,0.175,0.151,0.212,0.169,0.126,0.078,0.095,0.091,1.078,0.138,0.087,0.096,0.069,0.077,0.162,0.06,0.076,0.077
206,0.09,0.139,0.17,0.194,0.272,0.281,0.072,0.125,0.755,0.104,0.057,0.054,0.071,0.162,0.122,0.085,0.141,0.077,0.118,0.166,0.078,0.184,0.182,0.287,0.193,0.122,0.098,0.082,0.091,0.14,1.152,0.431,0.082,0.126,0.184,0.156,0.164,0.073,0.147,0.092
207,0.116,0.1,0.068,0.135,0.195,0.146,0.106,0.335,1.468,0.21,0.075,0.086,0.17,0.114,0.154,0.088,0.102,0.128,0.087,0.136,0.112,0.194,0.087,0.214,0.083,0.149,0.15,0.127,0.06,0.111,1.119,0.593,0.093,0.192,0.1,0.107,0.276,0.09,0.151,0.184
208,0.051,0.048,0.135,0.171,0.197,0.142,0.068,0.057,1.059,0.599,0.082,0.108,0.155,0.127,0.183,0.254,0.141,0.136,0.089,0.094,0.081,0.217,0.104,0.158,0.083,0.135,0.184,0.088,0.109,0.074,0.841,0.143,0.075,0.08,0.088,0.237,0.264,0.104,0.064,0.095
209,0.094,0.233,0.108,0.136,0.279,0.423,0.046,0.129,1.03,0.39,0.098,0.102,0.19,0.094,0.126,0.324,0.123,0.107,0.098,0.097,0.096,0.091,0.083,0.15,0.075,0.103,0.124,0.055,0.082,0.088,1.115,0.135,0.146,0.148,0.171,0.097,0.191,0.069,0.082,0.171
210,0.147,0.107,0.06,0.409,0.564,0.069,0.089,0.096,1.382,0.501,0.112,0.071,0.145,0.079,0.147,0.169,0.093,0.137,0.088,0.235,0.068,0.086,0.073,0.113,0.063,0.087,0.111,0.065,0.057,0.08,1.268,0.08,0.183,0.16,0.097,0.16,0.093,0.067,0.734,0.15
211,0.091,0.074,0.109,0.172,0.265,0.126,0.047,0.186,2.19,0.474,0.171,0.234,0.201,0.081,0.13,0.081,0.077,0.171,0.109,0.151,0.075,0.114,0.064,0.079,0.078,0.072,0.073,0.049,0.059,0.094,0.827,0.123,0.064,0.37,0.132,0.422,0.094,0.06,0.12,0.24
212,0.067,0.088,0.114,0.153,0.17,0.154,0.064,0.071,1.432,0.102,0.054,0.091,0.217,0.123,0.157,0.066,0.175,0.106,0.098,0.192,0.077,0.074,0.095,0.084,0.128,0.192,0.084,0.051,0.081,0.071,0.419,0.113,0.27,0.179,0.185,0.378,0.126,0.199,0.191,0.218
213,0.11,0.21,0.132,0.093,0.131,0.08,0.168,0.055,1.253,0.222,0.08,0.043,0.327,0.208,0.09,0.095,0.062,0.142,0.227,0.109,0.061,0.07,0.103,0.122,0.198,0.09,0.105,0.051,0.068,0.1,0.263,0.216,0.194,0.232,0.217,0.357,0.345,0.104,0.259,0.269
214,0.132,0.068,0.264,0.178,0.337,0.085,0.131,0.101,1.295,0.151,0.058,0.067,0.18,0.088,0.104,0.182,0.08,0.098,0.128,0.193,0.062,0.078,0.056,0.069,0.064,0.098,0.073,0.061,0.045,0.136,0.383,0.143,0.116,0.338,0.117,0.173,0.398,0.129,0.154,0.279
215,0.152,0.08,0.147,0.085,0.173,0.103,0.107,0.178,1.042,0.258,0.194,0.053,0.241,0.094,0.127,0.166,0.083,0.165,0.086,0.117,0.07,0.126,0.084,0.111,0.098,0.091,0.092,0.054,0.056,0.156,0.412,0.074,0.239,0.554,0.062,0.115,0.111,0.213,0.213,0.276
216,0.128,0.048,0.289,0.093,0.127,0.176,0.173,0.07,0.996,0.41,0.11,0.062,0.131,0.353,0.12,0.095,0.103,0.072,0.049,0.115,0.065,0.415,0.086,0.097,0.073,0.08,0.129,0.052,0.055,0.112,0.412,0.077,0.199,0.644,0.19,0.109,0.126,0.106,0.048,0.192
217,0.14,0.063,0.178,0.115,0.112,0.287,0.178,0.065,1.084,0.508,0.064,0.114,0.099,0.237,0.1,0.105,0.094,0.075,0.117,0.067,0.072,0.274,0.156,0.148,0.076,0.073,0.117,0.092,0.066,0.085,0.462,0.109,0.071,0.674,0.111,0.071,0.228,0.223,0.053,0.221
218,0.103,0.096,0.086,0.161,0.234,0.303,0.203,0.121,1.186,0.393,0.077,0.071,0.063,0.069,0.125,0.072,0.086,0.084,0.084,0.177,0.072,0.243,0.229,0.106,0.122,0.09,0.143,0.064,0.07,0.097,0.444,0.062,0.083,0.518,0.179,0.122,0.276,0.655,0.059,0.125
219,0.128,0.08,0.077,0.129,0.329,0.254,0.128,0.296,0.707,0.218,0.069,0.067,0.086,0.123,0.115,0.104,0.073,0.073,0.089,0.114,0.089,0.145,0.08,0.117,0.084,0.093,0.105,0.052,0.089,0.222,0.4,0.067,0.23,0.866,0.381,0.072,0.418,0.364,0.165,0.126
220,0.194,0.104,0.146,0.19,0.124,0.16,0.131,0.107,1.238,0.097,0.062,0.081,0.138,0.128,0.192,0.12,0.081,0.105,0.128,0.102,0.064,0.1,0.082,0.097,0.087,0.087,0.086,0.053,0.059,0.091,0.7,0.099,0.639,0.341,0.362,0.049,0.185,0.072,0.404,0.115
221,0.121,0.055,0.211,0.261,0.177,0.129,0.133,0.207,1.066,0.351,0.083,0.093,0.093,0.113,0.527,0.148,0.128,0.076,0.12,0.14,0.057,0.145,0.178,0.15,0.098,0.132,0.107,0.058,0.048,0.166,0.906,0.093,0.221,0.336,0.085,0.122,0.141,0.061,0.367,0.092
222,0.199,0.18,0.237,0.347,0.237,0.09,0.235,0.043,1.485,0.468,0.081,0.089,0.276,0.111,0.44,0.139,0.138,0.084,0.149,0.115,0.104,0.141,0.124,0.173,0.138,0.075,0.114,0.055,0.051,0.191,0.732,0.183,0.07,0.402,0.111,0.203,0.126,0.102,0.186,0.269
223,0.364,0.129,0.09,0.297,0.143,0.648,0.094,0.066,1.274,0.386,0.06,0.086,0.387,0.113,0.196,0.076,0.149,0.073,0.112,0.125,0.056,0.062,0.138,0.257,0.079,0.076,0.068,0.068,0.076,0.158,0.798,0.094,0.119,0.378,0.128,0.11,0.199,0.067,0.155,0.14
224,0.426,0.183,0.135,0.201,0.293,0.485,0.206,0.292,0.63,0.324,0.098,0.087,0.316,0.101,0.218,0.138,0.101,0.158,0.107,0.124,0.074,0.088,0.079,0.282,0.09,0.112,0.057,0.066,0.076,0.095,0.558,0.077,0.08,0.386,0.31,0.088,0.137,0.148,0.054,0.104
225,0.123,0.243,0.072,0.255,0.491,0.327,0.56,0.301,0.729,0.566,0.062,0.059,0.139,0.1,0.169,0.098,0.084,0.067,0.105,0.133,0.104,0.108,0.085,0.127,0.07,0.088,0.087,0.111,0.066,0.114,1.365,0.113,0.122,0.421,0.169,0.162,0.104,0.063,0.084,0.1
226,0.211,0.114,0.152,0.169,0.421,0.064,0.476,0.218,0.822,0.306,0.069,0.079,0.08,0.078,0.102,0.105,0.099,0.081,0.053,0.097,0.094,0.067,0.146,0.1,0.117,0.115,0.182,0.047,0.065,0.112,1.022,0.086,0.182,0.308,0.093,0.203,0.129,0.102,0.075,0.15
227,0.217,0.068,0.211,0.163,0.254,0.079,0.331,0.168,0.415,0.387,0.061,0.077,0.072,0.092,0.084,0.081,0.096,0.082,0.085,0.083,0.088,0.125,0.175,0.264,0.161,0.12,0.176,0.061,0.189,0.127,1.286,0.292,0.173,0.109,0.116,0.386,0.128,0.051,0.051,0.256
228,0.044,0.067,1.017,0.119,0.074,0.215,0.093,0.078,0.646,0.352,0.073,0.094,0.09,0.08,0.36,0.195,0.088,0.093,0.087,0.199,0.066,0.113,0.108,0.357,0.246,0.137,0.102,0.051,0.084,0.145,1.212,0.13,0.202,0.11,0.141,0.405,0.141,0.063,0.071,0.311
229,0.108,0.059,0.274,0.156,0.082,0.397,0.092,0.117,0.937,0.139,0.068,0.076,0.181,0.073,0.193,0.083,0.079,0.082,0.113,0.175,0.092,0.132,0.149,0.196,0.168,0.114,0.225,0.103,0.069,0.13,1.237,0.084,0.091,0.115,0.42,0.079,0.064,0.079,0.06,0.4
230,0.054,0.052,0.142,0.125,0.132,0.332,0.152,0.288,0.909,0.088,0.065,0.078,0.155,0.07,0.083,0.122,0.127,0.11,0.089,0.083,0.107,0.143,0.11,0.186,0.229,0.097,0.191,0.067,0.127,0.265,1.256,0.067,0.124,0.247,0.217,0.13,0.133,0.233,0.124,0.19
231,0.091,0.071,0.104,0.226,0.107,0.317,0.052,0.168,0.851,0.12,0.082,0.065,0.135,0.119,0.09,0.079,0.197,0.069,0.078,0.099,0.074,0.16,0.089,0.081,0.121,0.166,0.341,0.07,0.063,0.348,1.44,0.11,0.099,0.21,0.141,0.061,0.124,0.106,0.104,0.146
232,0.067,0.175,0.086,0.262,0.215,0.23,0.094,0.141,0.831,0.174,0.065,0.072,0.126,0.092,0.139,0.085,0.134,0.063,0.176,0.094,0.051,0.139,0.093,0.078,0.171,0.061,0.132,0.084,0.061,0.488,1.657,0.115,0.107,0.078,0.104,0.073,0.159,0.064,0.257,0.102
233,0.056,0.112,0.118,0.16,0.234,0.139,0.093,0.12,0.532,0.16,0.074,0.082,0.146,0.09,0.129,0.075,0.203,0.118,0.081,0.094,0.081,0.121,0.082,0.121,0.082,0.081,0.116,0.073,0.06,0.37,1.462,0.168,0.077,0.119,0.111,0.127,0.119,0.098,0.104,0.137
234,0.117,0.066,0.112,0.15,0.177,0.174,0.108,0.103,0.574,0.128,0.098,0.156,0.094,0.082,0.204,0.105,0.131,0.102,0.101,0.122,0.094,0.128,0.078,0.137,0.119,0.09,0.092,0.056,0.059,0.11,1.34,0.356,0.069,0.155,0.097,0.129,0.231,0.083,0.096,0.16
235,0.105,0.078,0.093,0.092,0.107,0.103,0.093,0.084,0.99,0.065,0.137,0.114,0.134,0.085,0.205,0.09,0.142,0.064,0.105,0.199,0.069,0.082,0.082,0.088,0.077,0.096,0.093,0.078,0.064,0.107,1.037,0.083,0.143,0.115,0.088,0.308,0.133,0.147,0.267,0.104
236,0.089,0.107,0.128,0.077,0.171,0.089,0.058,0.125,0.653,0.186,0.114,0.1,0.114,0.094,0.137,0.114,0.184,0.074,0.145,0.221,0.095,0.083,0.103,0.077,0.099,0.087,0.067,0.054,0.071,0.065,1.885,0.088,0.165,0.254,0.202,0.095,0.071,0.074,0.138,0.163
237,0.078,0.149,0.152,0.2,0.387,0.184,0.09,0.103,0.529,0.117,0.109,0.125,0.145,0.191,0.117,0.155,0.346,0.12,0.092,0.25,0.071,0.103,0.139,0.082,0.189,0.082,0.112,0.081,0.081,0.081,1.417,0.097,0.066,0.145,0.115,0.096,0.102,0.102,0.109,0.127
238,0.089,0.073,0.101,0.263,0.455,0.118,0.089,0.058,0.573,0.853,0.082,0.139,0.141,0.142,0.121,0.203,0.074,0.116,0.149,0.088,0.044,0.108,0.115,0.075,0.112,0.075,0.095,0.071,0.092,0.098,1.341,0.093,0.106,0.202,0.079,0.08,0.177,0.107,0.066,0.157
239,0.078,0.085,0.467,0.074,0.328,0.161,0.074,0.115,0.319,0.702,0.068,0.073,0.176,0.106,0.087,0.164,0.201,0.079,0.342,0.24,0.073,0.169,0.168,0.202,0.141,0.108,0.078,0.089,0.059,0.103,0.946,0.126,0.171,0.199,0.093,0.094,0.121,0.171,0.086,0.323
240,0.088,0.046,0.166,0.118,0.376,0.112,0.085,0.491,0.549,0.452,0.166,0.063,0.17,0.327,0.127,0.111,0.078,0.116,0.226,0.154,0.076,0.131,0.13,0.176,0.166,0.081,0.102,0.068,0.07,0.09,1.12,0.081,0.07,0.206,0.187,0.135,0.185,0.088,0.116,0.328
241,0.086,0.091,0.083,0.425,0.367,0.074,0.327,0.296,0.79,0.079,0.056,0.053,0.288,0.279,0.12,0.133,0.218,0.099,0.116,0.066,0.06,0.115,0.078,0.165,0.175,0.207,0.103,0.076,0.044,0.194,1.042,0.066,0.167,0.18,0.261,0.108,0.134,0.088,0.113,0.181
242,0.058,0.127,0.141,0.538,0.279,0.061,0.112,0.155,0.724,0.111,0.067,0.06,0.193,0.148,0.117,0.083,0.179,0.073,0.118,0.461,0.079,0.094,0.084,0.1,0.151,0.113,0.121,0.054,0.115,0.183,1.277,0.112,0.092,0.18,0.096,0.107,0.112,0.078,0.065,0.195
243,0.074,0.122,0.065,0.516,0.282,0.134,0.079,0.169,1.322,0.131,0.071,0.09,0.168,0.131,0.166,0.14,0.22,0.127,0.062,0.41,0.069,0.12,0.099,0.083,0.387,0.08,0.107,0.071,0.07,0.115,0.84,0.07,0.087,0.155,0.086,0.117,0.331,0.064,0.068,0.155
244,0.134,0.138,0.085,0.503,0.502,0.087,0.203,0.053,1.077,0.131,0.109,0.049,0.3,0.097,0.323,0.121,0.21,0.298,0.059,0.154,0.083,0.111,0.113,0.178,0.291,0.102,0.29,0.043,0.075,0.169,0.935,0.102,0.155,0.211,0.101,0.1,0.113,0.192,0.123,0.169
245,0.102,0.185,0.088,0.402,0.599,0.135,0.148,0.173,1.049,0.156,0.231,0.086,0.195,0.098,0.324,0.064,0.16,0.159,0.083,0.137,0.066,0.105,0.261,0.12,0.267,0.181,0.231,0.155,0.102,0.196,1.021,0.094,0.111,0.305,0.094,0.069,0.119,0.174,0.227,0.153
246,0.08,0.281,0.076,0.09,0.509,0.243,0.144,0.174,0.866,0.313,0.079,0.085,0.143,0.095,0.133,0.07,0.127,0.116,0.117,0.186,0.132,0.107,0.138,0.081,0.536,0.194,0.304,0.057,0.451,0.105,1.211,0.124,0.111,0.256,0.154,0.169,0.101,0.125,0.101,0.15
247,0.195,0.071,0.17,0.429,0.668,0.219,0.118,0.285,0.72,0.232,0.08,0.076,0.156,0.07,0.136,0.08,0.11,0.07,0.082,0.092,0.09,0.125,0.194,0.105,0.29,0.085,0.32,0.094,0.318,0.114,0.946,0.101,0.09,0.389,0.086,0.128,0.095,0.068,0.113,0.063
248,0.195,0.112,0.129,0.376,0.851,0.283,0.125,0.338,0.712,0.142,0.06,0.082,0.173,0.1,0.081,0.088,0.079,0.07,0.065,0.117,0.105,0.105,0.13,0.177,0.413,0.128,0.279,0.126,0.093,0.116,1.122,0.122,0.159,0.407,0.074,0.102,0.107,0.059,0.095,0.147
249,0.279,0.183,0.214,0.221,0.604,0.162,0.161,0.131,1.081,0.159,0.082,0.097,0.163,0.078,0.089,0.148,0.27,0.095,0.063,0.104,0.072,0.166,0.175,0.137,0.272,0.091,0.218,0.046,0.08,0.095,0.645,0.105,0.07,0.396,0.113,0.12,0.288,0.076,0.083,0.126
250,0.29,0.186,0.155,0.222,0.389,0.108,0.095,0.095,0.536,0.238,0.079,0.126,0.173,0.117,0.125,0.149,0.298,0.088,0.085,0.07,0.063,0.172,0.096,0.29,0.086,0.088,0.109,0.119,0.073,0.165,0.656,0.072,0.2,0.623,0.099,0.123,0.39,0.074,0.158,0.068
251,0.278,0.061,0.149,0.288,0.23,0.079,0.111,0.079,0.393,0.321,0.079,0.089,0.144,0.177,0.188,0.072,0.118,0.093,0.318,0.086,0.079,0.187,0.149,0.129,0.155,0.123,0.203,0.097,0.112,0.097,0.535,0.072,0.245,0.399,0.128,0.077,0.685,0.049,0.16,0.15
252,0.421,0.049,0.116,0.208,0.363,0.066,0.053,0.174,0.64,0.337,0.079,0.084,0.364,0.076,0.107,0.116,0.088,0.294,0.102,0.089,0.058,0.143,0.188,0.088,0.115,0.086,0.201,0.104,0.08,0.1,0.406,0.073,0.069,0.764,0.109,0.125,0.746,0.051,0.063,0.555
253,0.125,0.091,0.057,0.057,0.093,0.048,0.296,0.063,0.731,0.184,0.138,0.132,0.214,0.069,0.369,0.117,0.109,0.244,0.073,0.22,0.052,0.081,0.183,0.091,0.09,0.159,0.091,0.119,0.045,0.166,0.382,0.324,0.067,0.701,0.116,0.121,0.69,0.083,0.166,0.505
254,0.009,0.011,0.017,0.02,0.047,0.011,0.055,0.015,1.377,0.131,0.06,0.065,0.217,0.133,0.187,0.176,0.098,0.429,0.172,0.164,0.073,0.137,0.154,0.104,0.153,0.078,0.071,0.049,0.087,0.22,0.419,0.168,0.046,0.307,0.094,0.387,0.846,0.275,0.055,0.409
255,0,0,0,0,0,0,0,0,0,0,0.116,0.069,0.297,0.231,0.114,0.081,0.127,0.08,0.133,0.177,0.104,0.098,0.133,0.269,0.126,0.143,0.127,0.064,0.049,0.115,0.439,0.026,0.035,0.708,0.05,0.067,0.206,0.288,0.043,0.429
256,0,0,0,0,0,0,0,0,0,0,0.099,0.117,0.247,0.159,0.124,0.142,0.116,0.096,0.196,0.084,0.098,0.083,0.067,0.14,0.113,0.086,0.181,0.082,0.064,0.098,0.101,0.007,0.016,0.047,0.016,0.01,0.011,0.008,0.013,0.251
257,0,0,0,0,0,0,0,0,0,0,0.231,0.073,0.161,0.114,0.089,0.095,0.079,0.156,0.124,0.084,0.11,0.109,0.096,0.164,0.088,0.133,0.08,0.06,0.077,0.103,0,0,0,0,0,0,0,0,0,0
258,0,0,0,0,0,0,0,0,0,0,0.071,0.101,0.133,0.073,0.132,0.084,0.169,0.097,0.08,0.096,0.058,0.233,0.116,0.243,0.191,0.106,0.112,0.105,0.09,0.088,0,0,0,0,0,0,0,0,0,0
259,0,0,0,0,0,0,0,0,0,0,0.074,0.083,0.085,0.071,0.087,0.106,0.095,0.074,0.067,0.075,0.045,0.276,0.082,0.148,0.308,0.092,0.197,0.078,0.066,0.207,0,0,0,0,0,0,0,0,0,0
260,0,0,0,0,0,0,0,0,0,0,0.101,0.075,0.072,0.067,0.058,0.089,0.081,0.069,0.084,0.091,0.108,0.267,0.129,0.1,0.112,0.084,0.238,0.362,0.06,0.306,0,0,0,0,0,0,0,0,0,0
261,0,0,0,0,0,0,0,0,0,0,0.071,0.083,0.139,0.066,0.102,0.101,0.133,0.102,0.083,0.116,0.085,0.249,0.083,0.5,0.105,0.07,0.186,0.414,0.059,0.264,0,0,0,0,0,0,0,0,0,0
262,0,0,0,0,0,0,0,0,0,0,0.099,0.076,0.153,0.094,0.145,0.116,0.18,0.135,0.109,0.139,0.088,0.125,0.129,0.286,0.107,0.089,0.157,0.059,0.105,0.164,0,0,0,0,0,0,0,0,0,0
263,0,0,0,0,0,0,0,0,0,0,0.083,0.037,0.039,0.043,0.071,0.047,0.065,0.052,0.054,0.047,0.062,0.087,0.179,0.099,0.127,0.116,0.069,0.055,0.072,0.129,0,0,0,0,0,0,0,0,0,0
264,0,0,0,0,0,0,0,0,0,0,0.021,0.019,0.02,0.017,0.026,0.015,0.027,0.022,0.038,0.035,0.043,0.052,0.046,0.058,0.072,0.046,0.06,0.066,0.05,0.04,0,0,0,0,0,0,0,0,0,0
265,0,0,0,0,0,0,0,0,0,0,0,0,0,0,0,0,0,0,0,0,0.009,0.01,0.009,0.007,0.01,0.009,0.016,0.009,0.034,0.02,0,0,0,0,0,0,0,0,0,0
266,0,0,0,0,0,0,0,0,0,0,0,0,0,0,0,0,0,0,0,0,0,0,0,0,0,0,0,0,0,0,0,0,0,0,0,0,0,0,0,0
267,0,0,0,0,0,0,0,0,0,0,0,0,0,0,0,0,0,0,0,0,0,0,0,0,0,0,0,0,0,0,0,0,0,0,0,0,0,0,0,0
268,0,0,0,0,0,0,0,0,0,0,0,0,0,0,0,0,0,0,0,0,0,0,0,0,0,0,0,0,0,0,0,0,0,0,0,0,0,0,0,0
269,0,0,0,0,0,0,0,0,0,0,0,0,0,0,0,0,0,0,0,0,0,0,0,0,0,0,0,0,0,0,0,0,0,0,0,0,0,0,0,0
270,0,0,0,0,0,0,0,0,0,0,0,0,0,0,0,0,0,0,0,0,0,0,0,0,0,0,0,0,0,0,0,0,0,0,0,0,0,0,0,0
271,0,0,0,0,0,0,0,0,0,0,0,0,0,0,0,0,0,0,0,0,0,0,0,0,0,0,0,0,0,0,0,0,0,0,0,0,0,0,0,0
272,0,0,0,0,0,0,0,0,0,0,0,0,0,0,0,0,0,0,0,0,0,0,0,0,0,0,0,0,0,0,0,0,0,0,0,0,0,0,0,0
273,0,0,0,0,0,0,0,0,0,0,0,0,0,0,0,0,0,0,0,0,0,0,0,0,0,0,0,0,0,0,0,0,0,0,0,0,0,0,0,0
274,0,0,0,0,0,0,0,0,0,0,0,0,0,0,0,0,0,0,0,0,0,0,0,0,0,0,0,0,0,0,0,0,0,0,0,0,0,0,0,0
275,0,0,0,0,0,0,0,0,0,0,0,0,0,0,0,0,0,0,0,0,0,0,0,0,0,0,0,0,0,0,0,0,0,0,0,0,0,0,0,0
276,0,0,0,0,0,0,0,0,0,0,0,0,0,0,0,0,0,0,0,0,0,0,0,0,0,0,0,0,0,0,0,0,0,0,0,0,0,0,0,0
277,0,0,0,0,0,0,0,0,0,0,0,0,0,0,0,0,0,0,0,0,0,0,0,0,0,0,0,0,0,0,0,0,0,0,0,0,0,0,0,0
278,0,0,0,0,0,0,0,0,0,0,0,0,0,0,0,0,0,0,0,0,0,0,0,0,0,0,0,0,0,0,0,0,0,0,0,0,0,0,0,0
279,0,0,0,0,0,0,0,0,0,0,0,0,0,0,0,0,0,0,0,0,0,0,0,0,0,0,0,0,0,0,0,0,0,0,0,0,0,0,0,0
280,0,0,0,0,0,0,0,0,0,0,0,0,0,0,0,0,0,0,0,0,0,0,0,0,0,0,0,0,0,0,0,0,0,0,0,0,0,0,0,0
281,0,0,0,0,0,0,0,0,0,0,0,0,0,0,0,0,0,0,0,0,0,0,0,0,0,0,0,0,0,0,0,0,0,0,0,0,0,0,0,0
282,0,0,0,0,0,0,0,0,0,0,0,0,0,0,0,0,0,0,0,0,0,0,0,0,0,0,0,0,0,0,0,0,0,0,0,0,0,0,0,0
283,0,0,0,0,0,0,0,0,0,0,0,0,0,0,0,0,0,0,0,0,0,0,0,0,0,0,0,0,0,0,0,0,0,0,0,0,0,0,0,0
284,0,0,0,0,0,0,0,0,0,0,0,0,0,0,0,0,0,0,0,0,0,0,0,0,0,0,0,0,0,0,0,0,0,0,0,0,0,0,0,0
285,0,0,0,0,0,0,0,0,0,0,0,0,0,0,0,0,0,0,0,0,0,0,0,0,0,0,0,0,0,0,0,0,0,0,0,0,0,0,0,0
286,0,0,0,0,0,0,0,0,0,0,0,0,0,0,0,0,0,0,0,0,0,0,0,0,0,0,0,0,0,0,0,0,0,0,0,0,0,0,0,0
287,0,0,0,0,0,0,0,0,0,0,0,0,0,0,0,0,0,0,0,0,0,0,0,0,0,0,0,0,0,0,0,0,0,0,0,0,0,0,0,0
288,0,0,0,0,0,0,0,0,0,0,0,0,0,0,0,0,0,0,0,0,0,0,0,0,0,0,0,0,0,0,0,0,0,0,0,0,0,0,0,0
289,0,0,0,0,0,0,0,0,0,0,0,0,0,0,0,0,0,0,0,0,0,0,0,0,0,0,0,0,0,0,0,0,0,0,0,0,0,0,0,0
290,0,0,0,0,0,0,0,0,0,0,0,0,0,0,0,0,0,0,0,0,0,0,0,0,0,0,0,0,0,0,0,0,0,0,0,0,0,0,0,0
291,0,0,0,0,0,0,0,0,0,0,0,0,0,0,0,0,0,0,0,0,0,0,0,0,0,0,0,0,0,0,0,0,0,0,0,0,0,0,0,0
292,0,0,0,0,0,0,0,0,0,0,0,0,0,0,0,0,0,0,0,0,0,0,0,0,0,0,0,0,0,0,0,0,0,0,0,0,0,0,0,0
293,0,0,0,0,0,0,0,0,0,0,0,0,0,0,0,0,0,0,0,0,0,0,0,0,0,0,0,0,0,0,0,0,0,0,0,0,0,0,0,0
294,0,0,0,0,0,0,0,0,0,0,0,0,0,0,0,0,0,0,0,0,0,0,0,0,0,0,0,0,0,0,0,0,0,0,0,0,0,0,0,0
295,0,0,0,0,0,0,0,0,0,0,0,0,0,0,0,0,0,0,0,0,0,0,0,0,0,0,0,0,0,0,0,0,0,0,0,0,0,0,0,0
296,0,0,0,0,0,0,0,0,0,0,0,0,0,0,0,0,0,0,0,0,0,0,0,0,0,0,0,0,0,0,0,0,0,0,0,0,0,0,0,0
297,0,0,0,0,0,0,0,0,0,0,0,0,0,0,0,0,0,0,0,0,0,0,0,0,0,0,0,0,0,0,0,0,0,0,0,0,0,0,0,0
298,0,0,0,0,0,0,0,0,0,0,0,0,0,0,0,0,0,0,0,0,0,0,0,0,0,0,0,0,0,0,0,0,0,0,0,0,0,0,0,0
299,0,0,0,0,0,0,0,0,0,0,0,0,0,0,0,0,0,0,0,0,0,0,0,0,0,0,0,0,0,0,0,0,0,0,0,0,0,0,0,0
300,0,0,0,0,0,0,0,0,0,0,0,0,0,0,0,0,0,0,0,0,0,0,0,0,0,0,0,0,0,0,0,0,0,0,0,0,0,0,0,0
301,0,0,0,0,0,0,0,0,0,0,0,0,0,0,0,0,0,0,0,0,0,0,0,0,0,0,0,0,0,0,0,0,0,0,0,0,0,0,0,0
302,0,0,0,0,0,0,0,0,0,0,0,0,0,0,0,0,0,0,0,0,0,0,0,0,0,0,0,0,0,0,0,0,0,0,0,0,0,0,0,0
303,0,0,0,0,0,0,0,0,0,0,0,0,0,0,0,0,0,0,0,0,0,0,0,0,0,0,0,0,0,0,0,0,0,0,0,0,0,0,0,0
304,0,0,0,0,0,0,0,0,0,0,0,0,0,0,0,0,0,0,0,0,0,0,0,0,0,0,0,0,0,0,0,0,0,0,0,0,0,0,0,0
305,0,0,0,0,0,0,0,0,0,0,0,0,0,0,0,0,0,0,0,0,0,0,0,0,0,0,0,0,0,0,0,0,0,0,0,0,0,0,0,0
306,0,0,0,0,0,0,0,0,0,0,0,0,0,0,0,0,0,0,0,0,0,0,0,0,0,0,0,0,0,0,0,0,0,0,0,0,0,0,0,0
307,0,0,0,0,0,0,0,0,0,0,0,0,0,0,0,0,0,0,0,0,0,0,0,0,0,0,0,0,0,0,0,0,0,0,0,0,0,0,0,0
308,0,0,0,0,0,0,0,0,0,0,0,0,0,0,0,0,0,0,0,0,0,0,0,0,0,0,0,0,0,0,0,0,0,0,0,0,0,0,0,0
309,0,0,0,0,0,0,0,0,0,0,0,0,0,0,0,0,0,0,0,0,0,0,0,0,0,0,0,0,0,0,0,0,0,0,0,0,0,0,0,0
310,0,0,0,0,0,0,0,0,0,0,0,0,0,0,0,0,0,0,0,0,0,0,0,0,0,0,0,0,0,0,0,0,0,0,0,0,0,0,0,0
311,0,0,0,0,0,0,0,0,0,0,0,0,0,0,0,0,0,0,0,0,0,0,0,0,0,0,0,0,0,0,0,0,0,0,0,0,0,0,0,0
312,0,0,0,0,0,0,0,0,0,0,0,0,0,0,0,0,0,0,0,0,0,0,0,0,0,0,0,0,0,0,0,0,0,0,0,0,0,0,0,0
313,0,0,0,0,0,0,0,0,0,0,0,0,0,0,0,0,0,0,0,0,0,0,0,0,0,0,0,0,0,0,0,0,0,0,0,0,0,0,0,0
314,0,0,0,0,0,0,0,0,0,0,0,0,0,0,0,0,0,0,0,0,0,0,0,0,0,0,0,0,0,0,0,0,0,0,0,0,0,0,0,0
315,0,0,0,0,0,0,0,0,0,0,0,0,0,0,0,0,0,0,0,0,0,0,0,0,0,0,0,0,0,0,0,0,0,0,0,0,0,0,0,0
316,0,0,0,0,0,0,0,0,0,0,0,0,0,0,0,0,0,0,0,0,0,0,0,0,0,0,0,0,0,0,0,0,0,0,0,0,0,0,0,0
317,0,0,0,0,0,0,0,0,0,0,0,0,0,0,0,0,0,0,0,0,0,0,0,0,0,0,0,0,0,0,0,0,0,0,0,0,0,0,0,0
318,0,0,0,0,0,0,0,0,0,0,0,0,0,0,0,0,0,0,0,0,0,0,0,0,0,0,0,0,0,0,0,0,0,0,0,0,0,0,0,0
319,0,0,0,0,0,0,0,0,0,0,0,0,0,0,0,0,0,0,0,0,0,0,0,0,0,0,0,0,0,0,0,0,0,0,0,0,0,0,0,0
320,0,0,0,0,0,0,0,0,0,0,0,0,0,0,0,0,0,0,0,0,0,0,0,0,0,0,0,0,0,0,0,0,0,0,0,0,0,0,0,0
321,0,0,0,0,0,0,0,0,0,0,0,0,0,0,0,0,0,0,0,0,0,0,0,0,0,0,0,0,0,0,0,0,0,0,0,0,0,0,0,0
322,0,0,0,0,0,0,0,0,0,0,0,0,0,0,0,0,0,0,0,0,0,0,0,0,0,0,0,0,0,0,0,0,0,0,0,0,0,0,0,0
323,0,0,0,0,0,0,0,0,0,0,0,0,0,0,0,0,0,0,0,0,0,0,0,0,0,0,0,0,0,0,0,0,0,0,0,0,0,0,0,0
324,0,0,0,0,0,0,0,0,0,0,0,0,0,0,0,0,0,0,0,0,0,0,0,0,0,0,0,0,0,0,0,0,0,0,0,0,0,0,0,0
325,0,0,0,0,0,0,0,0,0,0,0,0,0,0,0,0,0,0,0,0,0,0,0,0,0,0,0,0,0,0,0,0,0,0,0,0,0,0,0,0
326,0,0,0,0,0,0,0,0,0,0,0,0,0,0,0,0,0,0,0,0,0,0,0,0,0,0,0,0,0,0,0,0,0,0,0,0,0,0,0,0
327,0,0,0,0,0,0,0,0,0,0,0,0,0,0,0,0,0,0,0,0,0,0,0,0,0,0,0,0,0,0,0,0,0,0,0,0,0,0,0,0
328,0,0,0,0,0,0,0,0,0,0,0,0,0,0,0,0,0,0,0,0,0,0,0,0,0,0,0,0,0,0,0,0,0,0,0,0,0,0,0,0
329,0,0,0,0,0,0,0,0,0,0,0,0,0,0,0,0,0,0,0,0,0,0,0,0,0,0,0,0,0,0,0,0,0,0,0,0,0,0,0,0
330,0,0,0,0,0,0,0,0,0,0,0,0,0,0,0,0,0,0,0,0,0,0,0,0,0,0,0,0,0,0,0,0,0,0,0,0,0,0,0,0
331,0,0,0,0,0,0,0,0,0,0,0,0,0,0,0,0,0,0,0,0,0,0,0,0,0,0,0,0,0,0,0,0,0,0,0,0,0,0,0,0
332,0,0,0,0,0,0,0,0,0,0,0,0,0,0,0,0,0,0,0,0,0,0,0,0,0,0,0,0,0,0,0,0,0,0,0,0,0,0,0,0
333,0,0,0,0,0,0,0,0,0,0,0,0,0,0,0,0,0,0,0,0,0,0,0,0,0,0,0,0,0,0,0,0,0,0,0,0,0,0,0,0
334,0,0,0,0,0,0,0,0,0,0,0,0,0,0,0,0,0,0,0,0,0,0,0,0,0,0,0,0,0,0,0,0,0,0,0,0,0,0,0,0
335,0,0,0,0,0,0,0,0,0,0,0,0,0,0,0,0,0,0,0,0,0,0,0,0,0,0,0,0,0,0,0,0,0,0,0,0,0,0,0,0
336,0,0,0,0,0,0,0,0,0,0,0,0,0,0,0,0,0,0,0,0,0,0,0,0,0,0,0,0,0,0,0,0,0,0,0,0,0,0,0,0
337,0,0,0,0,0,0,0,0,0,0,0,0,0,0,0,0,0,0,0,0,0,0,0,0,0,0,0,0,0,0,0,0,0,0,0,0,0,0,0,0
338,0,0,0,0,0,0,0,0,0,0,0,0,0,0,0,0,0,0,0,0,0,0,0,0,0,0,0,0,0,0,0,0,0,0,0,0,0,0,0,0
339,0,0,0,0,0,0,0,0,0,0,0,0,0,0,0,0,0,0,0,0,0,0,0,0,0,0,0,0,0,0,0,0,0,0,0,0,0,0,0,0
340,0,0,0,0,0,0,0,0,0,0,0,0,0,0,0,0,0,0,0,0,0,0,0,0,0,0,0,0,0,0,0,0,0,0,0,0,0,0,0,0
341,0,0,0,0,0,0,0,0,0,0,0,0,0,0,0,0,0,0,0,0,0,0,0,0,0,0,0,0,0,0,0,0,0,0,0,0,0,0,0,0
342,0,0,0,0,0,0,0,0,0,0,0,0,0,0,0,0,0,0,0,0,0,0,0,0,0,0,0,0,0,0,0,0,0,0,0,0,0,0,0,0
343,0,0,0,0,0,0,0,0,0,0,0,0,0,0,0,0,0,0,0,0,0,0,0,0,0,0,0,0,0,0,0,0,0,0,0,0,0,0,0,0
344,0,0,0,0,0,0,0,0,0,0,0,0,0,0,0,0,0,0,0,0,0,0,0,0,0,0,0,0,0,0,0,0,0,0,0,0,0,0,0,0
345,0,0,0,0,0,0,0,0,0,0,0,0,0,0,0,0,0,0,0,0,0,0,0,0,0,0,0,0,0,0,0,0,0,0,0,0,0,0,0,0
346,0,0,0,0,0,0,0,0,0,0,0,0,0,0,0,0,0,0,0,0,0,0,0,0,0,0,0,0,0,0,0,0,0,0,0,0,0,0,0,0
347,0,0,0,0,0,0,0,0,0,0,0,0,0,0,0,0,0,0,0,0,0,0,0,0,0,0,0,0,0,0,0,0,0,0,0,0,0,0,0,0
348,0,0,0,0,0,0,0,0,0,0,0,0,0,0,0,0,0,0,0,0,0,0,0,0,0,0,0,0,0,0,0,0,0,0,0,0,0,0,0,0
349,0,0,0,0,0,0,0,0,0,0,0,0,0,0,0,0,0,0,0,0,0,0,0,0,0,0,0,0,0,0,0,0,0,0,0,0,0,0,0,0
350,0,0,0,0,0,0,0,0,0,0,0,0,0,0,0,0,0,0,0,0,0,0,0,0,0,0,0,0,0,0,0,0,0,0,0,0,0,0,0,0
351,0,0,0,0,0,0,0,0,0,0,0,0,0,0,0,0,0,0,0,0,0,0,0,0,0,0,0,0,0,0,0,0,0,0,0,0,0,0,0,0
352,0,0,0,0,0,0,0,0,0,0,0,0,0,0,0,0,0,0,0,0,0,0,0,0,0,0,0,0,0,0,0,0,0,0,0,0,0,0,0,0
353,0,0,0,0,0,0,0,0,0,0,0,0,0,0,0,0,0,0,0,0,0,0,0,0,0,0,0,0,0,0,0,0,0,0,0,0,0,0,0,0
354,0,0,0,0,0,0,0,0,0,0,0,0,0,0,0,0,0,0,0,0,0,0,0,0,0,0,0,0,0,0,0,0,0,0,0,0,0,0,0,0
355,0,0,0,0,0,0,0,0,0,0,0,0,0,0,0,0,0,0,0,0,0,0,0,0,0,0,0,0,0,0,0,0,0,0,0,0,0,0,0,0
356,0,0,0,0,0,0,0,0,0,0,0,0,0,0,0,0,0,0,0,0,0,0,0,0,0,0,0,0,0,0,0,0,0,0,0,0,0,0,0,0
357,0,0,0,0,0,0,0,0,0,0,0,0,0,0,0,0,0,0,0,0,0,0,0,0,0,0,0,0,0,0,0,0,0,0,0,0,0,0,0,0
358,0,0,0,0,0,0,0,0,0,0,0,0,0,0,0,0,0,0,0,0,0,0,0,0,0,0,0,0,0,0,0,0,0,0,0,0,0,0,0,0
359,0,0,0,0,0,0,0,0,0,0,0,0,0,0,0,0,0,0,0,0,0,0,0,0,0,0,0,0,0,0,0,0,0,0,0,0,0,0,0,0
360,0,0,0,0,0,0,0,0,0,0,0,0,0,0,0,0,0,0,0,0,0,0,0,0,0,0,0,0,0,0,0,0,0,0,0,0,0,0,0,0
361,0,0,0,0,0,0,0,0,0,0,0,0,0,0,0,0,0,0,0,0,0,0,0,0,0,0,0,0,0,0,0,0,0,0,0,0,0,0,0,0
362,0,0,0,0,0,0,0,0,0,0,0,0,0,0,0,0,0,0,0,0,0,0,0,0,0,0,0,0,0,0,0,0,0,0,0,0,0,0,0,0
363,0,0,0,0,0,0,0,0,0,0,0,0,0,0,0,0,0,0,0,0,0,0,0,0,0,0,0,0,0,0,0,0,0,0,0,0,0,0,0,0
364,0,0,0,0,0,0,0,0,0,0,0,0,0,0,0,0,0,0,0,0,0,0,0,0,0,0,0,0,0,0,0,0,0,0,0,0,0,0,0,0
365,0,0,0,0,0,0,0,0,0,0,0,0,0,0,0,0,0,0,0,0,0,0,0,0,0,0,0,0,0,0,0,0,0,0,0,0,0,0,0,0
366,0,0,0,0,0,0,0,0,0,0,0,0,0,0,0,0,0,0,0,0,0,0,0,0,0,0,0,0,0,0,0,0,0,0,0,0,0,0,0,0
367,0,0,0,0,0,0,0,0,0,0,0,0,0,0,0,0,0,0,0,0,0,0,0,0,0,0,0,0,0,0,0,0,0,0,0,0,0,0,0,0
368,0,0,0,0,0,0,0,0,0,0,0,0,0,0,0,0,0,0,0,0,0,0,0,0,0,0,0,0,0,0,Null,Null,Null,Null,Null,Null,Null,Null,Null,Null
369,0,0,0,0,0,0,0,0,0,0,0,0,0,0,0,0,0,0,0,0,0,0,0,0,0,0,0,0,0,0,Null,Null,Null,Null,Null,Null,Null,Null,Null,Null
370,0,0,0,0,0,0,0,0,0,0,0,0,0,0,0,0,0,0,0,0,0,0,0,0,0,0,0,0,0,0,Null,Null,Null,Null,Null,Null,Null,Null,Null,Null
371,0,0,0,0,0,0,0,0,0,0,0,0,0,0,0,0,0,0,0,0,0,0,0,0,0,0,0,0,0,0,Null,Null,Null,Null,Null,Null,Null,Null,Null,Null
372,0,0,0,0,0,0,0,0,0,0,0,0,0,0,0,0,0,0,0,0,0,0,0,0,0,0,0,0,0,0,Null,Null,Null,Null,Null,Null,Null,Null,Null,Null
373,0,0,0,0,0,0,0,0,0,0,0,0,0,0,0,0,0,0,0,0,0,0,0,0,0,0,0,0,0,0,Null,Null,Null,Null,Null,Null,Null,Null,Null,Null
374,0,0,0,0,0,0,0,0,0,0,0,0,0,0,0,0,0,0,0,0,0,0,0,0,0,0,0,0,0,0,Null,Null,Null,Null,Null,Null,Null,Null,Null,Null
375,0,0,0,0,0,0,0,0,0,0,0,0,0,0,0,0,0,0,0,0,0,0,0,0,0,0,0,0,0,0,Null,Null,Null,Null,Null,Null,Null,Null,Null,Null
376,0,0,0,0,0,0,0,0,0,0,0,0,0,0,0,0,0,0,0,0,0,0,0,0,0,0,0,0,0,0,Null,Null,Null,Null,Null,Null,Null,Null,Null,Null
377,0,0,0,0,0,0,0,0,0,0,0,0,0,0,0,0,0,0,0,0,0,0,0,0,0,0,0,0,0,0,Null,Null,Null,Null,Null,Null,Null,Null,Null,Null
378,0,0,0,0,0,0,0,0,0,0,0,0,0,0,0,0,0,0,0,0,0,0,0,0,0,0,0,0,0,0,Null,Null,Null,Null,Null,Null,Null,Null,Null,Null
379,0,0,0,0,0,0,0,0,0,0,0,0,0,0,0,0,0,0,0,0,0,0,0,0,0,0,0,0,0,0,Null,Null,Null,Null,Null,Null,Null,Null,Null,Null
380,0,0,0,0,0,0,0,0,0,0,0,0,0,0,0,0,0,0,0,0,0,0,0,0,0,0,0,0,0,0,Null,Null,Null,Null,Null,Null,Null,Null,Null,Null
381,0,0,0,0,0,0,0,0,0,0,0,0,0,0,0,0,0,0,0,0,0,0,0,0,0,0,0,0,0,0,Null,Null,Null,Null,Null,Null,Null,Null,Null,Null
382,0,0,0,0,0,0,0,0,0,0,0,0,0,0,0,0,0,0,0,0,0,0,0,0,0,0,0,0,0,0,Null,Null,Null,Null,Null,Null,Null,Null,Null,Null
383,0,0,0,0,0,0,0,0,0,0,0,0,0,0,0,0,0,0,0,0,0,0,0,0,0,0,0,0,0,0,Null,Null,Null,Null,Null,Null,Null,Null,Null,Null