journal_latency,aceph01_ceph-osd.0.asok.txt,aceph01_ceph-osd.1.asok.txt,aceph01_ceph-osd.2.asok.txt,aceph01_ceph-osd.3.asok.txt,aceph01_ceph-osd.4.asok.txt,aceph01_ceph-osd.5.asok.txt,aceph01_ceph-osd.6.asok.txt,aceph01_ceph-osd.7.asok.txt,aceph01_ceph-osd.8.asok.txt,aceph01_ceph-osd.9.asok.txt,aceph02_ceph-osd.10.asok.txt,aceph02_ceph-osd.11.asok.txt,aceph02_ceph-osd.12.asok.txt,aceph02_ceph-osd.13.asok.txt,aceph02_ceph-osd.14.asok.txt,aceph02_ceph-osd.15.asok.txt,aceph02_ceph-osd.16.asok.txt,aceph02_ceph-osd.17.asok.txt,aceph02_ceph-osd.18.asok.txt,aceph02_ceph-osd.19.asok.txt,aceph03_ceph-osd.20.asok.txt,aceph03_ceph-osd.21.asok.txt,aceph03_ceph-osd.22.asok.txt,aceph03_ceph-osd.23.asok.txt,aceph03_ceph-osd.24.asok.txt,aceph03_ceph-osd.25.asok.txt,aceph03_ceph-osd.26.asok.txt,aceph03_ceph-osd.27.asok.txt,aceph03_ceph-osd.28.asok.txt,aceph03_ceph-osd.29.asok.txt,aceph04_ceph-osd.30.asok.txt,aceph04_ceph-osd.31.asok.txt,aceph04_ceph-osd.32.asok.txt,aceph04_ceph-osd.33.asok.txt,aceph04_ceph-osd.34.asok.txt,aceph04_ceph-osd.35.asok.txt,aceph04_ceph-osd.36.asok.txt,aceph04_ceph-osd.37.asok.txt,aceph04_ceph-osd.38.asok.txt,aceph04_ceph-osd.39.asok.txt
0,0.002,0.002,0.002,0.002,0.002,0.001,0.002,0.001,0.001,0.002,0.002,0.002,0.002,0.002,0.001,0.001,0.002,0.001,0.001,0.001,0.003,0.0,0.0,0.002,0.002,0.002,0.001,0.0,0.0,0.002,0.002,0.0,0.0,0.002,0.002,0.002,0.0,0.002,0.002,0.002
1,0.003,0.003,0.003,0.003,0.003,0.003,0.003,0.002,0,0.003,0.003,0.003,0.004,0.003,0.004,0.003,0.003,0.003,0.003,0.004,0.004,0,0,0.004,0.003,0.004,0.003,0,0,0.003,0.004,0,0,0.004,0.004,0.003,0,0.004,0.004,0.004
2,0.003,0.003,0.003,0.003,0.004,0.003,0.003,0.004,0,0.003,0.002,0.003,0.003,0.005,0.004,0.003,0.004,0.002,0.003,0.003,0.003,0,0,0.003,0.004,0.003,0.004,0,0,0.003,0.003,0,0,0.003,0.003,0.004,0,0.003,0.003,0.003
3,0.002,0.002,0.002,0.002,0.003,0.002,0.003,0.002,0,0.002,0.003,0.002,0.003,0.002,0.003,0.003,0.002,0.003,0.004,0.003,0.003,0,0,0.003,0.002,0.003,0.002,0,0,0.003,0.004,0,0,0.005,0.002,0.003,0,0.002,0.003,0.003
4,0.003,0.003,0.002,0.004,0.003,0.003,0.004,0.002,0,0.003,0.003,0.004,0.003,0.004,0.003,0.003,0.003,0.003,0.003,0.004,0.003,0,0,0.002,0.003,0.002,0.004,0,0,0.002,0.003,0,0,0.003,0.003,0.003,0,0.002,0.004,0.002
5,0.002,0.003,0.004,0.004,0.003,0.002,0.002,0.002,0,0.002,0.002,0.003,0.003,0.003,0.004,0.003,0.003,0.002,0.002,0.003,0.002,0,0,0.002,0.002,0.002,0.003,0,0,0.002,0.003,0,0,0.003,0.004,0.003,0,0.002,0.002,0.002
6,0.002,0.004,0.002,0.003,0.003,0.002,0.003,0.002,0,0.002,0.002,0.002,0.003,0.002,0.003,0.003,0.003,0.003,0.002,0.003,0.003,0,0,0.002,0.003,0.002,0.003,0,0,0.003,0.003,0,0,0.004,0.003,0.003,0,0.003,0.004,0.004
7,0.002,0.003,0.002,0.003,0.002,0.003,0.003,0.002,0,0.003,0.004,0.002,0.002,0.002,0.002,0.003,0.002,0.003,0.002,0.003,0.002,0,0,0.002,0.003,0.002,0.002,0,0,0.002,0.003,0,0,0.004,0.002,0.005,0,0.002,0.002,0.006
8,0.003,0.003,0.002,0.002,0.004,0.003,0.003,0.001,0,0.002,0.002,0.002,0.003,0.003,0.003,0.002,0.003,0.002,0.002,0.003,0.002,0,0.002,0.002,0.002,0.002,0.002,0,0.002,0.002,0.002,0.002,0,0.005,0.003,0.002,0.002,0.003,0.003,0.003
9,0.003,0.003,0.004,0.003,0.003,0.002,0.003,0.003,0.001,0.003,0.002,0.002,0.002,0.003,0.002,0.002,0.002,0.002,0.002,0.002,0.001,0,0.003,0.002,0.002,0.002,0.002,0,0.002,0.002,0.005,0.003,0,0.004,0.003,0.002,0.003,0.004,0.002,0.003
10,0.003,0.003,0.002,0.003,0.003,0.003,0.004,0.003,0.002,0.004,0.001,0.002,0.002,0.004,0.003,0.002,0.004,0.004,0.003,0.003,0.002,0.002,0.003,0.002,0.002,0.002,0.003,0.001,0.003,0.003,0.003,0.003,0.002,0.003,0.003,0.003,0.003,0.004,0.002,0.003
11,0.003,0.003,0.004,0.003,0.003,0.003,0.001,0.003,0.003,0.002,0.002,0.002,0.003,0.002,0.002,0.002,0.002,0.002,0.002,0.002,0.002,0.003,0.003,0.002,0.002,0.003,0.002,0.003,0.002,0.002,0.002,0.004,0.004,0.003,0.003,0.004,0.002,0.003,0.002,0.003
12,0.004,0.003,0.003,0.003,0.004,0.002,0.003,0.003,0.003,0.005,0.002,0.002,0.002,0.002,0.004,0.002,0.003,0.002,0.002,0.002,0.002,0.003,0.002,0.003,0.002,0.002,0.002,0.002,0.003,0.003,0.003,0.002,0.003,0.003,0.003,0.003,0.003,0.003,0.004,0.002
13,0.003,0.002,0.002,0.003,0.003,0.003,0.003,0.003,0.003,0.003,0.002,0.002,0.003,0.003,0.003,0.003,0.003,0.004,0.002,0.003,0.001,0.002,0.002,0.004,0.003,0.003,0.002,0.002,0.002,0.002,0.003,0.003,0.004,0.003,0.003,0.003,0.003,0.003,0.002,0.002
14,0.003,0.002,0.002,0.006,0.005,0.003,0.003,0.003,0.003,0.003,0.002,0.002,0.003,0.003,0.003,0.002,0.002,0.003,0.002,0.002,0.005,0.002,0.002,0.003,0.003,0.002,0.002,0.002,0.002,0.002,0.002,0.002,0.003,0.003,0.002,0.002,0.003,0.002,0.003,0.003
15,0.003,0.003,0.003,0.003,0.005,0.003,0.003,0.002,0.003,0.002,0.003,0.002,0.002,0.002,0.002,0.002,0.002,0.003,0.002,0.003,0.002,0.002,0.002,0.003,0.002,0.003,0.002,0.002,0.002,0.002,0.003,0.003,0.005,0.002,0.002,0.002,0.003,0.002,0.003,0.002
16,0.003,0.002,0.003,0.003,0.004,0.003,0.004,0.003,0.004,0.003,0.003,0.002,0.003,0.001,0.003,0.002,0.003,0.002,0.002,0.002,0.003,0.003,0.002,0.002,0.002,0.004,0.003,0.002,0.001,0.002,0.003,0.003,0.003,0.002,0.003,0.003,0.004,0.002,0.002,0.002
17,0.002,0.002,0.003,0.006,0.002,0.002,0.003,0.003,0.004,0.002,0.003,0.002,0.003,0.003,0.002,0.003,0.003,0.003,0.003,0.002,0.002,0.002,0.002,0.002,0.002,0.002,0.003,0.001,0.001,0.002,0.002,0.002,0.002,0.003,0.002,0.003,0.003,0.002,0.002,0.003
18,0.003,0.003,0.002,0.003,0.004,0.003,0.003,0.003,0.003,0.003,0.002,0.002,0.004,0.002,0.002,0.003,0.003,0.003,0.002,0.002,0.003,0.002,0.003,0.003,0.004,0.003,0.003,0.001,0.002,0.003,0.002,0.003,0.003,0.003,0.003,0.002,0.003,0.002,0.003,0.005
19,0.003,0.002,0.003,0.002,0.002,0.002,0.003,0.002,0.003,0.003,0.002,0.002,0.003,0.002,0.002,0.003,0.003,0.002,0.001,0.003,0.002,0.002,0.003,0.004,0.003,0.002,0.004,0.002,0.002,0.004,0.003,0.002,0.003,0.002,0.002,0.003,0.004,0.001,0.003,0.003
20,0.002,0.003,0.003,0.003,0.003,0.004,0.003,0.002,0.003,0.003,0.003,0.002,0.003,0.003,0.002,0.002,0.003,0.002,0.003,0.002,0.002,0.003,0.003,0.002,0.002,0.003,0.002,0.002,0.003,0.003,0.003,0.002,0.002,0.002,0.003,0.002,0.003,0.003,0.003,0.003
21,0.003,0.002,0.004,0.004,0.002,0.005,0.003,0.003,0.002,0.002,0.003,0.002,0.003,0.002,0.002,0.004,0.004,0.003,0.003,0.002,0.002,0.004,0.002,0.003,0.002,0.002,0.002,0.003,0.003,0.002,0.004,0.003,0.002,0.007,0.003,0.004,0.002,0.003,0.003,0.003
22,0.004,0.003,0.003,0.003,0.003,0.004,0.003,0.002,0.002,0.002,0.003,0.003,0.003,0.004,0.002,0.003,0.002,0.003,0.003,0.003,0.004,0.003,0.003,0.002,0.002,0.002,0.003,0.004,0.002,0.002,0.003,0.002,0.002,0.003,0.002,0.002,0.004,0.003,0.002,0.003
23,0.002,0.005,0.003,0.003,0.002,0.004,0.003,0.002,0.002,0.003,0.002,0.003,0.003,0.003,0.003,0.003,0.003,0.003,0.004,0.002,0.002,0.002,0.004,0.002,0.003,0.002,0.002,0.002,0.003,0.003,0.003,0.002,0.003,0.003,0.002,0.003,0.002,0.003,0.003,0.003
24,0.003,0.003,0.003,0.003,0.003,0.002,0.003,0.002,0.003,0.004,0.002,0.002,0.003,0.003,0.003,0.003,0.004,0.003,0.003,0.003,0.002,0.002,0.003,0.003,0.002,0.004,0.002,0.002,0.002,0.002,0.003,0.003,0.003,0.003,0.005,0.003,0.003,0.003,0.002,0.003
25,0.003,0.001,0.003,0.002,0.003,0.004,0.002,0.002,0.003,0.005,0.002,0.003,0.003,0.003,0.002,0.002,0.004,0.003,0.003,0.004,0.002,0.002,0.003,0.003,0.002,0.002,0.004,0.001,0.003,0.003,0.004,0.003,0.003,0.003,0.004,0.004,0.002,0.003,0.003,0.003
26,0.002,0.004,0.003,0.002,0.002,0.003,0.003,0.003,0.002,0.003,0.002,0.003,0.003,0.003,0.003,0.003,0.002,0.002,0.003,0.003,0.003,0.002,0.003,0.003,0.002,0.003,0.002,0.001,0.002,0.003,0.003,0.003,0.003,0.002,0.002,0.003,0.003,0.005,0.003,0.003
27,0.002,0.002,0.004,0.003,0.003,0.002,0.002,0.003,0.003,0.003,0.001,0.002,0.003,0.003,0.003,0.002,0.002,0.002,0.002,0.003,0.002,0.002,0.004,0.002,0.003,0.003,0.002,0.001,0.001,0.003,0.002,0.003,0.002,0.003,0.004,0.003,0.002,0.003,0.001,0.003
28,0.003,0.002,0.002,0.002,0.003,0.004,0.003,0.002,0.002,0.002,0.002,0.002,0.002,0.002,0.002,0.002,0.002,0.002,0.002,0.002,0.002,0.003,0.002,0.002,0.002,0.002,0.003,0.002,0.003,0.003,0.003,0.003,0.002,0.004,0.002,0.002,0.003,0.003,0.002,0.003
29,0.003,0.003,0.002,0.002,0.003,0.005,0.003,0.003,0.002,0.003,0.002,0.002,0.002,0.002,0.003,0.002,0.002,0.002,0.002,0.002,0.002,0.002,0.003,0.003,0.002,0.003,0.003,0.003,0.001,0.002,0.002,0.002,0.003,0.004,0.004,0.003,0.002,0.002,0.002,0.002
30,0.002,0.003,0.003,0.004,0.002,0.002,0.003,0.005,0.002,0.004,0.003,0.002,0.002,0.003,0.003,0.003,0.002,0.003,0.002,0.003,0.003,0.005,0.002,0.003,0.003,0.003,0.003,0.002,0.002,0.002,0.003,0.002,0.003,0.004,0.003,0.002,0.003,0.003,0.002,0.003
31,0.003,0.002,0.002,0.002,0.002,0.002,0.002,0.002,0.003,0.002,0.002,0.003,0.003,0.003,0.003,0.002,0.004,0.002,0.004,0.003,0.002,0.003,0.003,0.002,0.003,0.003,0.002,0.002,0.002,0.002,0.003,0.003,0.004,0.003,0.003,0.002,0.003,0.003,0.003,0.003
32,0.003,0.002,0.004,0.002,0.002,0.003,0.003,0.003,0.003,0.003,0.003,0.003,0.003,0.003,0.002,0.002,0.002,0.003,0.003,0.002,0.001,0.004,0.003,0.003,0.002,0.003,0.003,0.001,0.002,0.003,0.002,0.004,0.004,0.002,0.002,0.003,0.002,0.002,0.003,0.004
33,0.002,0.002,0.003,0.002,0.003,0.003,0.003,0.003,0.003,0.003,0.002,0.003,0.002,0.003,0.002,0.003,0.003,0.003,0.003,0.002,0.003,0.003,0.003,0.003,0.002,0.003,0.003,0.003,0.002,0.002,0.002,0.002,0.003,0.004,0.002,0.002,0.002,0.002,0.003,0.003
34,0.002,0.002,0.002,0.003,0.004,0.003,0.003,0.003,0.003,0.003,0.003,0.004,0.004,0.002,0.003,0.003,0.003,0.002,0.004,0.003,0.001,0.004,0.002,0.002,0.002,0.002,0.002,0.002,0.001,0.003,0.003,0.002,0.003,0.002,0.003,0.003,0.004,0.002,0.003,0.003
35,0.004,0.002,0.003,0.003,0.002,0.002,0.002,0.003,0.002,0.002,0.002,0.003,0.002,0.003,0.003,0.002,0.003,0.002,0.003,0.003,0.002,0.002,0.003,0.002,0.002,0.002,0.002,0.003,0.002,0.002,0.003,0.002,0.002,0.002,0.002,0.003,0.002,0.002,0.003,0.005
36,0.002,0.002,0.002,0.003,0.003,0.003,0.003,0.003,0.003,0.003,0.002,0.002,0.004,0.004,0.004,0.002,0.003,0.003,0.003,0.004,0.002,0.002,0.003,0.002,0.002,0.002,0.002,0.002,0.001,0.002,0.002,0.002,0.003,0.002,0.002,0.003,0.003,0.003,0.003,0.004
37,0.003,0.003,0.002,0.003,0.003,0.002,0.002,0.002,0.003,0.003,0.002,0.002,0.003,0.002,0.002,0.002,0.002,0.002,0.002,0.003,0.002,0.002,0.003,0.002,0.002,0.002,0.002,0.002,0.002,0.002,0.003,0.002,0.003,0.002,0.002,0.003,0.003,0.002,0.002,0.003
38,0.004,0.003,0.003,0.002,0.002,0.002,0.002,0.003,0.003,0.002,0.002,0.002,0.002,0.002,0.002,0.002,0.002,0.002,0.003,0.004,0.002,0.003,0.003,0.003,0.003,0.005,0.002,0.002,0.002,0.003,0.002,0.003,0.002,0.002,0.003,0.003,0.003,0.004,0.003,0.003
39,0.003,0.002,0.003,0.003,0.002,0.003,0.003,0.003,0.003,0.004,0.002,0.002,0.002,0.002,0.003,0.002,0.002,0.002,0.003,0.003,0.002,0.003,0.004,0.002,0.002,0.003,0.002,0.002,0.002,0.002,0.002,0.005,0.002,0.003,0.002,0.004,0.003,0.004,0.003,0.003
40,0.002,0.002,0.002,0.003,0.004,0.002,0.002,0.001,0.003,0.003,0.002,0.002,0.003,0.003,0.004,0.002,0.002,0.002,0.003,0.005,0.002,0.003,0.003,0.003,0.002,0.002,0.004,0.001,0.003,0.002,0.004,0.003,0.003,0.003,0.002,0.003,0.003,0.003,0.003,0.004
41,0.002,0.002,0.002,0.002,0.002,0.002,0.003,0.002,0.002,0.004,0.003,0.002,0.003,0.002,0.003,0.003,0.003,0.002,0.003,0.003,0.001,0.003,0.003,0.003,0.002,0.003,0.003,0.002,0.002,0.002,0.002,0.003,0.002,0.003,0.003,0.003,0.003,0.002,0.002,0.003
42,0.002,0.002,0.002,0.003,0.003,0.003,0.003,0.003,0.003,0.002,0.001,0.002,0.003,0.002,0.002,0.003,0.002,0.002,0.003,0.003,0.005,0.003,0.003,0.003,0.003,0.003,0.002,0.002,0.002,0.003,0.002,0.002,0.004,0.002,0.003,0.003,0.002,0.003,0.002,0.002
43,0.003,0.003,0.002,0.002,0.002,0.003,0.004,0.002,0.003,0.003,0.003,0.002,0.003,0.003,0.003,0.003,0.002,0.002,0.002,0.002,0.002,0.002,0.002,0.003,0.002,0.003,0.002,0.002,0.002,0.002,0.003,0.002,0.002,0.002,0.002,0.003,0.003,0.002,0.002,0.002
44,0.002,0.002,0.003,0.002,0.002,0.003,0.002,0.003,0.002,0.004,0.002,0.002,0.002,0.002,0.002,0.002,0.002,0.002,0.002,0.002,0.003,0.002,0.003,0.004,0.003,0.002,0.002,0.002,0.002,0.003,0.003,0.004,0.002,0.003,0.003,0.003,0.003,0.003,0.003,0.002
45,0.002,0.003,0.002,0.003,0.003,0.002,0.003,0.001,0.003,0.003,0.002,0.002,0.002,0.002,0.002,0.002,0.002,0.002,0.002,0.003,0.002,0.003,0.003,0.003,0.003,0.003,0.002,0.002,0.002,0.003,0.002,0.003,0.002,0.002,0.003,0.002,0.003,0.002,0.003,0.002
46,0.002,0.002,0.005,0.005,0.002,0.002,0.003,0.002,0.005,0.002,0.003,0.002,0.003,0.002,0.003,0.003,0.003,0.003,0.002,0.003,0.002,0.003,0.004,0.003,0.002,0.002,0.003,0.001,0.002,0.002,0.003,0.002,0.001,0.002,0.003,0.003,0.002,0.003,0.002,0.002
47,0.003,0.002,0.003,0.003,0.002,0.003,0.002,0.002,0.002,0.003,0.003,0.003,0.003,0.003,0.003,0.004,0.002,0.002,0.003,0.005,0.002,0.003,0.002,0.003,0.002,0.002,0.003,0.002,0.002,0.004,0.003,0.003,0.002,0.003,0.003,0.003,0.004,0.003,0.003,0.002
48,0.002,0.002,0.003,0.003,0.003,0.002,0.002,0.003,0.003,0.002,0.004,0.004,0.002,0.003,0.004,0.003,0.003,0.002,0.003,0.003,0.002,0.003,0.002,0.002,0.002,0.002,0.003,0.002,0.002,0.004,0.002,0.002,0.002,0.002,0.003,0.002,0.003,0.003,0.003,0.003
49,0.003,0.004,0.004,0.002,0.002,0.003,0.003,0.002,0.003,0.003,0.002,0.003,0.003,0.003,0.003,0.004,0.003,0.002,0.004,0.002,0.003,0.003,0.003,0.002,0.002,0.003,0.003,0.002,0.003,0.003,0.003,0.004,0.003,0.002,0.003,0.002,0.002,0.002,0.003,0.003
50,0.002,0.001,0.002,0.003,0.003,0.003,0.002,0.003,0.003,0.003,0.002,0.002,0.002,0.003,0.002,0.003,0.003,0.002,0.002,0.003,0.004,0.002,0.002,0.005,0.002,0.003,0.002,0.002,0.003,0.004,0.003,0.003,0.002,0.002,0.002,0.003,0.003,0.002,0.003,0.003
51,0.002,0.002,0.002,0.005,0.002,0.002,0.003,0.004,0.003,0.003,0.003,0.002,0.003,0.003,0.003,0.002,0.003,0.004,0.003,0.003,0.002,0.002,0.004,0.002,0.005,0.002,0.003,0.001,0.003,0.002,0.002,0.003,0.003,0.003,0.001,0.002,0.002,0.001,0.002,0.003
52,0.003,0.003,0.003,0.003,0.004,0.003,0.002,0.002,0.003,0.003,0.002,0.003,0.003,0.003,0.003,0.002,0.003,0.002,0.003,0.004,0.002,0.003,0.002,0.004,0.003,0.002,0.003,0.003,0.002,0.002,0.003,0.002,0.002,0.002,0.003,0.002,0.003,0.002,0.002,0.003
53,0.003,0.002,0.004,0.003,0.003,0.002,0.002,0.002,0.003,0.003,0.003,0.002,0.004,0.003,0.002,0.002,0.002,0.004,0.003,0.004,0.001,0.004,0.003,0.003,0.003,0.003,0.004,0.003,0.002,0.003,0.003,0.003,0.002,0.002,0.003,0.002,0.003,0.003,0.002,0.003
54,0.002,0.002,0.002,0.003,0.005,0.002,0.003,0.002,0.003,0.003,0.002,0.002,0.003,0.003,0.002,0.002,0.002,0.003,0.003,0.004,0.002,0.003,0.003,0.005,0.003,0.002,0.002,0.004,0.002,0.003,0.002,0.002,0.002,0.003,0.002,0.002,0.004,0.002,0.002,0.002
55,0.003,0.001,0.002,0.002,0.003,0.003,0.002,0.002,0.003,0.004,0.002,0.002,0.003,0.003,0.003,0.003,0.003,0.004,0.002,0.003,0.001,0.002,0.003,0.003,0.003,0.002,0.002,0.004,0.002,0.003,0.003,0.003,0.008,0.005,0.002,0.002,0.003,0.003,0.002,0.003
56,0.002,0.003,0.002,0.003,0.003,0.002,0.002,0.002,0.003,0.003,0.002,0.002,0.002,0.003,0.003,0.004,0.002,0.002,0.003,0.003,0.001,0.002,0.003,0.003,0.003,0.003,0.002,0.003,0.002,0.003,0.002,0.003,0.003,0.003,0.002,0.003,0.002,0.002,0.002,0.003
57,0.002,0.002,0.002,0.002,0.003,0.002,0.003,0.002,0.003,0.002,0.002,0.003,0.003,0.003,0.003,0.003,0.003,0.002,0.002,0.003,0.001,0.002,0.003,0.003,0.003,0.003,0.002,0.002,0.002,0.002,0.003,0.002,0.003,0.002,0.002,0.003,0.002,0.003,0.002,0.002
58,0.002,0.002,0.003,0.002,0.002,0.002,0.003,0.003,0.004,0.003,0.003,0.002,0.003,0.003,0.002,0.003,0.002,0.003,0.003,0.003,0.003,0.004,0.002,0.003,0.003,0.003,0.003,0.003,0.003,0.003,0.003,0.003,0.002,0.003,0.003,0.002,0.002,0.003,0.002,0.004
59,0.003,0.002,0.003,0.003,0.002,0.003,0.002,0.002,0.003,0.004,0.002,0.002,0.003,0.003,0.003,0.003,0.002,0.003,0.003,0.002,0.002,0.003,0.004,0.002,0.003,0.003,0.002,0.002,0.003,0.002,0.003,0.002,0.003,0.002,0.006,0.002,0.002,0.002,0.003,0.004
60,0.002,0.002,0.003,0.003,0.003,0.003,0.002,0.002,0.004,0.003,0.002,0.003,0.004,0.002,0.004,0.002,0.003,0.002,0.002,0.003,0.002,0.003,0.002,0.003,0.004,0.003,0.003,0.002,0.002,0.003,0.003,0.002,0.002,0.002,0.004,0.002,0.002,0.002,0.001,0.003
61,0.002,0.002,0.004,0.003,0.002,0.003,0.002,0.002,0.003,0.003,0.001,0.002,0.002,0.002,0.003,0.003,0.003,0.002,0.002,0.002,0.003,0.003,0.004,0.002,0.003,0.003,0.003,0.002,0.002,0.003,0.002,0.003,0.002,0.002,0.004,0.004,0.004,0.003,0.005,0.002
62,0.002,0.002,0.003,0.003,0.003,0.002,0.003,0.002,0.003,0.003,0.005,0.003,0.004,0.003,0.002,0.003,0.002,0.003,0.003,0.002,0.003,0.003,0.003,0.003,0.002,0.002,0.002,0.003,0.002,0.003,0.003,0.003,0.003,0.004,0.004,0.002,0.002,0.002,0.002,0.003
63,0.002,0.002,0.003,0.003,0.003,0.002,0.002,0.003,0.002,0.003,0.005,0.002,0.002,0.003,0.002,0.003,0.003,0.003,0.003,0.003,0.002,0.002,0.002,0.003,0.003,0.002,0.002,0.002,0.003,0.003,0.004,0.002,0.002,0.002,0.004,0.003,0.003,0.003,0.002,0.002
64,0.002,0.002,0.002,0.002,0.002,0.003,0.003,0.002,0.004,0.005,0.003,0.002,0.002,0.002,0.002,0.003,0.002,0.003,0.002,0.004,0.002,0.002,0.003,0.003,0.003,0.002,0.003,0.001,0.003,0.003,0.003,0.002,0.002,0.002,0.003,0.003,0.003,0.001,0.003,0.003
65,0.004,0.003,0.003,0.002,0.004,0.003,0.002,0.002,0.003,0.003,0.002,0.003,0.002,0.003,0.004,0.003,0.002,0.003,0.003,0.003,0.002,0.003,0.003,0.002,0.003,0.003,0.002,0.002,0.002,0.002,0.003,0.003,0.002,0.003,0.001,0.003,0.002,0.003,0.003,0.002
66,0.003,0.002,0.004,0.003,0.003,0.003,0.002,0.004,0.003,0.002,0.001,0.002,0.002,0.002,0.002,0.002,0.003,0.002,0.002,0.002,0.002,0.003,0.004,0.004,0.003,0.003,0.002,0.002,0.002,0.004,0.003,0.003,0.002,0.004,0.002,0.003,0.002,0.003,0.002,0.002
67,0.003,0.002,0.003,0.002,0.003,0.002,0.002,0.001,0.003,0.002,0.002,0.002,0.002,0.002,0.002,0.002,0.002,0.003,0.002,0.002,0.002,0.003,0.004,0.003,0.002,0.002,0.003,0.002,0.002,0.004,0.003,0.003,0.002,0.004,0.002,0.003,0.003,0.003,0.002,0.003
68,0.002,0.003,0.003,0.003,0.003,0.003,0.003,0.003,0.003,0.003,0.001,0.002,0.002,0.002,0.002,0.001,0.002,0.002,0.002,0.002,0.002,0.002,0.002,0.004,0.002,0.003,0.003,0.002,0.002,0.002,0.002,0.002,0.003,0.003,0.002,0.002,0.002,0.003,0.004,0.002
69,0.003,0.003,0.002,0.002,0.002,0.003,0.003,0.002,0.004,0.002,0.002,0.003,0.002,0.003,0.003,0.002,0.002,0.002,0.002,0.003,0.001,0.003,0.003,0.003,0.002,0.002,0.003,0.002,0.003,0.002,0.002,0.003,0.003,0.002,0.003,0.002,0.002,0.004,0.003,0.005
70,0.003,0.002,0.003,0.002,0.004,0.004,0.003,0.002,0.003,0.003,0.003,0.002,0.002,0.003,0.002,0.003,0.002,0.002,0.002,0.003,0.001,0.002,0.003,0.002,0.002,0.002,0.001,0.002,0.003,0.002,0.002,0.003,0.003,0.003,0.003,0.003,0.002,0.002,0.002,0.003
71,0.002,0.003,0.003,0.003,0.003,0.003,0.003,0.001,0.002,0.004,0.002,0.002,0.003,0.002,0.002,0.002,0.004,0.002,0.002,0.002,0.001,0.003,0.002,0.003,0.002,0.002,0.002,0.002,0.002,0.004,0.002,0.003,0.003,0.004,0.003,0.003,0.002,0.002,0.002,0.003
72,0.003,0.002,0.003,0.002,0.003,0.003,0.002,0.002,0.002,0.003,0.002,0.002,0.002,0.003,0.003,0.003,0.004,0.002,0.003,0.002,0.002,0.002,0.003,0.002,0.002,0.003,0.003,0.002,0.002,0.004,0.002,0.002,0.002,0.003,0.003,0.004,0.003,0.004,0.003,0.002
73,0.003,0.002,0.003,0.002,0.002,0.003,0.002,0.001,0.003,0.002,0.002,0.002,0.003,0.003,0.002,0.002,0.003,0.002,0.002,0.002,0.003,0.003,0.002,0.003,0.003,0.004,0.003,0.002,0.001,0.002,0.004,0.003,0.003,0.003,0.003,0.002,0.003,0.003,0.003,0.002
74,0.002,0.003,0.003,0.003,0.002,0.003,0.002,0.002,0.002,0.004,0.001,0.002,0.002,0.002,0.002,0.002,0.002,0.002,0.003,0.002,0.002,0.002,0.002,0.002,0.002,0.003,0.002,0.001,0.002,0.003,0.003,0.003,0.003,0.003,0.002,0.002,0.003,0.003,0.003,0.003
75,0.002,0.003,0.002,0.002,0.003,0.004,0.003,0.003,0.004,0.003,0.002,0.003,0.002,0.002,0.003,0.002,0.002,0.001,0.002,0.002,0.002,0.002,0.003,0.002,0.002,0.003,0.002,0.001,0.002,0.003,0.003,0.002,0.003,0.002,0.002,0.003,0.002,0.003,0.003,0.003
76,0.003,0.003,0.003,0.003,0.003,0.002,0.004,0.002,0.003,0.003,0.002,0.002,0.003,0.002,0.003,0.002,0.002,0.004,0.002,0.003,0.003,0.003,0.002,0.003,0.003,0.002,0.003,0.001,0.002,0.004,0.004,0.004,0.003,0.003,0.002,0.002,0.003,0.002,0.002,0.003
77,0.003,0.003,0.003,0.003,0.003,0.003,0.002,0.002,0.004,0.003,0.002,0.003,0.003,0.003,0.003,0.003,0.002,0.003,0.004,0.003,0.002,0.003,0.002,0.004,0.003,0.002,0.004,0.002,0.001,0.003,0.002,0.003,0.002,0.002,0.002,0.004,0.003,0.002,0.002,0.003
78,0.003,0.002,0.002,0.002,0.002,0.002,0.003,0.004,0.003,0.003,0.002,0.003,0.002,0.003,0.002,0.002,0.003,0.004,0.004,0.002,0.004,0.003,0.003,0.002,0.003,0.003,0.002,0.002,0.001,0.002,0.003,0.003,0.002,0.003,0.003,0.003,0.003,0.003,0.002,0.004
79,0.003,0.003,0.002,0.004,0.002,0.002,0.003,0.002,0.002,0.002,0.005,0.002,0.004,0.003,0.004,0.005,0.004,0.002,0.002,0.004,0.002,0.005,0.002,0.003,0.003,0.002,0.003,0.002,0.002,0.003,0.003,0.002,0.002,0.002,0.004,0.003,0.003,0.002,0.002,0.002
80,0.003,0.004,0.002,0.002,0.002,0.002,0.003,0.002,0.002,0.003,0.002,0.002,0.003,0.002,0.002,0.005,0.003,0.002,0.002,0.002,0.002,0.002,0.002,0.002,0.002,0.002,0.002,0.003,0.002,0.002,0.003,0.004,0.004,0.004,0.004,0.003,0.002,0.002,0.002,0.003
81,0.003,0.001,0.004,0.003,0.004,0.003,0.003,0.002,0.002,0.002,0.002,0.002,0.003,0.002,0.002,0.003,0.003,0.003,0.002,0.003,0.002,0.002,0.003,0.002,0.003,0.003,0.003,0.002,0.002,0.002,0.003,0.003,0.002,0.003,0.003,0.003,0.003,0.002,0.002,0.002
82,0.002,0.002,0.003,0.003,0.002,0.002,0.002,0.002,0.002,0.003,0.002,0.003,0.003,0.002,0.002,0.002,0.002,0.002,0.002,0.003,0.003,0.003,0.002,0.002,0.002,0.002,0.003,0.002,0.003,0.003,0.003,0.004,0.003,0.003,0.003,0.002,0.005,0.002,0.003,0.003
83,0.002,0.003,0.003,0.002,0.004,0.003,0.002,0.003,0.002,0.002,0.002,0.001,0.002,0.002,0.002,0.002,0.003,0.002,0.002,0.002,0.002,0.002,0.003,0.003,0.004,0.003,0.003,0.002,0.002,0.003,0.002,0.003,0.002,0.003,0.003,0.002,0.003,0.002,0.003,0.003
84,0.003,0.003,0.002,0.004,0.003,0.004,0.003,0.002,0.002,0.003,0.002,0.002,0.002,0.002,0.003,0.003,0.002,0.002,0.003,0.003,0.002,0.003,0.002,0.003,0.003,0.003,0.003,0.002,0.003,0.003,0.003,0.002,0.004,0.003,0.003,0.002,0.003,0.004,0.003,0.002
85,0.002,0.002,0.003,0.002,0.004,0.002,0.003,0.002,0.003,0.003,0.001,0.002,0.002,0.002,0.002,0.002,0.002,0.002,0.002,0.002,0.004,0.003,0.003,0.003,0.002,0.002,0.003,0.003,0.002,0.003,0.002,0.004,0.002,0.005,0.002,0.002,0.003,0.004,0.003,0.005
86,0.002,0.003,0.002,0.003,0.002,0.003,0.002,0.002,0.002,0.002,0.002,0.002,0.002,0.002,0.003,0.002,0.002,0.003,0.002,0.002,0.002,0.003,0.003,0.002,0.002,0.002,0.002,0.003,0.003,0.002,0.003,0.005,0.002,0.003,0.004,0.002,0.003,0.002,0.003,0.003
87,0.003,0.003,0.002,0.003,0.002,0.003,0.004,0.003,0.003,0.004,0.003,0.002,0.003,0.003,0.003,0.003,0.003,0.003,0.002,0.002,0.003,0.003,0.003,0.003,0.004,0.002,0.004,0.002,0.002,0.002,0.003,0.003,0.002,0.003,0.002,0.002,0.004,0.003,0.003,0.002
88,0.003,0.003,0.002,0.002,0.002,0.003,0.003,0.002,0.002,0.003,0.002,0.002,0.002,0.002,0.004,0.002,0.002,0.002,0.002,0.002,0.002,0.003,0.002,0.003,0.005,0.003,0.003,0.003,0.001,0.002,0.003,0.003,0.003,0.003,0.003,0.003,0.002,0.003,0.004,0.003
89,0.003,0.004,0.002,0.002,0.003,0.003,0.003,0.003,0.002,0.003,0.002,0.004,0.003,0.002,0.003,0.003,0.003,0.002,0.003,0.003,0.003,0.002,0.002,0.003,0.004,0.003,0.002,0.002,0.002,0.003,0.002,0.003,0.003,0.003,0.003,0.003,0.002,0.002,0.004,0.003
90,0.003,0.002,0.003,0.004,0.002,0.003,0.002,0.003,0.003,0.003,0.002,0.003,0.003,0.002,0.002,0.003,0.004,0.002,0.003,0.003,0.002,0.003,0.003,0.002,0.002,0.002,0.002,0.002,0.002,0.004,0.004,0.002,0.004,0.002,0.003,0.003,0.003,0.002,0.002,0.003
91,0.004,0.003,0.003,0.002,0.003,0.003,0.002,0.003,0.002,0.003,0.002,0.002,0.002,0.003,0.004,0.003,0.003,0.004,0.003,0.002,0.002,0.002,0.003,0.003,0.003,0.003,0.003,0.002,0.003,0.002,0.003,0.003,0.003,0.002,0.004,0.002,0.002,0.002,0.002,0.004
92,0.003,0.003,0.003,0.002,0.004,0.005,0.002,0.002,0.002,0.003,0.003,0.002,0.003,0.003,0.002,0.004,0.003,0.003,0.003,0.003,0.002,0.006,0.002,0.003,0.003,0.003,0.003,0.001,0.002,0.002,0.004,0.003,0.002,0.002,0.006,0.003,0.002,0.002,0.002,0.002
93,0.003,0.003,0.002,0.003,0.003,0.003,0.005,0.003,0.003,0.003,0.003,0.002,0.003,0.003,0.003,0.002,0.003,0.003,0.003,0.003,0.001,0.003,0.003,0.002,0.002,0.002,0.002,0.001,0.002,0.002,0.003,0.003,0.003,0.003,0.004,0.002,0.002,0.002,0.007,0.003
94,0.003,0.002,0.002,0.005,0.002,0.003,0.004,0.002,0.004,0.002,0.002,0.002,0.003,0.003,0.004,0.003,0.002,0.003,0.002,0.003,0.002,0.002,0.003,0.002,0.002,0.003,0.002,0.001,0.001,0.003,0.003,0.004,0.003,0.003,0.002,0.004,0.002,0.002,0.002,0.004
95,0.003,0.003,0.003,0.004,0.006,0.003,0.002,0.002,0.003,0.002,0.004,0.002,0.002,0.002,0.003,0.003,0.002,0.003,0.003,0.002,0.002,0.004,0.002,0.002,0.002,0.002,0.002,0.004,0.002,0.003,0.002,0.005,0.002,0.003,0.003,0.004,0.004,0.003,0.002,0.002
96,0.002,0.002,0.003,0.004,0.004,0.003,0.002,0.003,0.003,0.003,0.003,0.002,0.002,0.002,0.002,0.003,0.003,0.002,0.003,0.002,0.001,0.003,0.002,0.003,0.002,0.003,0.003,0.002,0.003,0.003,0.002,0.003,0.002,0.004,0.002,0.004,0.003,0.001,0.003,0.004
97,0.002,0.003,0.003,0.002,0.005,0.004,0.002,0.003,0.004,0.003,0.003,0.002,0.004,0.002,0.003,0.003,0.003,0.003,0.003,0.003,0.003,0.003,0.002,0.003,0.003,0.003,0.003,0.001,0.003,0.002,0.003,0.003,0.002,0.003,0.003,0.002,0.003,0.002,0.002,0.003
98,0.002,0.002,0.003,0.002,0.004,0.004,0.002,0.001,0.003,0.003,0.003,0.002,0.002,0.005,0.004,0.002,0.004,0.002,0.003,0.002,0.001,0.002,0.002,0.003,0.003,0.002,0.002,0.003,0.001,0.003,0.004,0.002,0.002,0.004,0.003,0.004,0.003,0.002,0.002,0.003
99,0.003,0.002,0.002,0.002,0.003,0.003,0.003,0.002,0.003,0.002,0.003,0.002,0.002,0.003,0.003,0.003,0.002,0.003,0.005,0.001,0.002,0.003,0.003,0.002,0.003,0.003,0.003,0.002,0.002,0.003,0.002,0.004,0.003,0.003,0.003,0.004,0.003,0.001,0.003,0.003
100,0.002,0.002,0.003,0.002,0.004,0.003,0.002,0.001,0.002,0.004,0.002,0.002,0.003,0.003,0.004,0.002,0.003,0.002,0.003,0.002,0.002,0.003,0.003,0.003,0.003,0.003,0.002,0.001,0.002,0.003,0.003,0.003,0.003,0.003,0.002,0.002,0.004,0.002,0.002,0.002
101,0.004,0.004,0.002,0.002,0.004,0.003,0.002,0.003,0.003,0.003,0.002,0.002,0.003,0.002,0.003,0.002,0.002,0.002,0.002,0.002,0.004,0.002,0.003,0.002,0.002,0.002,0.002,0.002,0.002,0.002,0.003,0.003,0.002,0.003,0.002,0.002,0.004,0.004,0.003,0.003
102,0.003,0.004,0.003,0.002,0.002,0.004,0.002,0.002,0.003,0.002,0.002,0.002,0.003,0.002,0.003,0.003,0.002,0.003,0.002,0.003,0.003,0.003,0.003,0.003,0.005,0.002,0.002,0.002,0.002,0.002,0.004,0.003,0.004,0.003,0.003,0.002,0.004,0.003,0.002,0.004
103,0.002,0.004,0.002,0.003,0.002,0.002,0.002,0.002,0.002,0.003,0.003,0.003,0.003,0.003,0.002,0.002,0.003,0.002,0.002,0.002,0.003,0.002,0.003,0.003,0.002,0.003,0.002,0.002,0.002,0.003,0.003,0.002,0.003,0.003,0.002,0.002,0.003,0.003,0.002,0.003
104,0.002,0.003,0.002,0.003,0.003,0.003,0.003,0.002,0.003,0.002,0.003,0.002,0.003,0.002,0.002,0.003,0.003,0.003,0.002,0.002,0.003,0.002,0.003,0.002,0.002,0.002,0.002,0.002,0.002,0.003,0.003,0.002,0.004,0.003,0.002,0.003,0.002,0.002,0.003,0.002
105,0.003,0.004,0.003,0.003,0.003,0.003,0.002,0.004,0.003,0.004,0.004,0.003,0.005,0.003,0.002,0.003,0.002,0.003,0.002,0.003,0.003,0.002,0.003,0.003,0.002,0.003,0.004,0.002,0.002,0.004,0.002,0.002,0.002,0.004,0.003,0.002,0.004,0.002,0.002,0.002
106,0.003,0.004,0.004,0.003,0.004,0.002,0.003,0.003,0.002,0.003,0.002,0.002,0.003,0.002,0.002,0.003,0.004,0.003,0.003,0.002,0.002,0.002,0.003,0.003,0.003,0.003,0.002,0.002,0.002,0.002,0.003,0.002,0.002,0.003,0.004,0.003,0.002,0.003,0.004,0.002
107,0.002,0.003,0.004,0.002,0.003,0.003,0.003,0.002,0.005,0.003,0.002,0.002,0.003,0.002,0.003,0.002,0.002,0.003,0.005,0.003,0.002,0.002,0.003,0.002,0.003,0.002,0.004,0.002,0.002,0.002,0.004,0.002,0.002,0.003,0.003,0.002,0.002,0.002,0.004,0.004
108,0.004,0.002,0.002,0.003,0.003,0.003,0.003,0.003,0.003,0.002,0.003,0.002,0.003,0.004,0.003,0.003,0.003,0.002,0.002,0.003,0.002,0.002,0.002,0.002,0.002,0.003,0.004,0.001,0.003,0.002,0.003,0.002,0.002,0.003,0.002,0.003,0.002,0.003,0.002,0.002
109,0.003,0.002,0.003,0.005,0.003,0.002,0.003,0.002,0.003,0.003,0.002,0.003,0.003,0.002,0.003,0.002,0.003,0.003,0.002,0.002,0.002,0.002,0.004,0.002,0.002,0.003,0.003,0.002,0.002,0.002,0.002,0.003,0.003,0.003,0.002,0.003,0.002,0.003,0.002,0.003
110,0.003,0.003,0.002,0.002,0.003,0.003,0.003,0.003,0.002,0.002,0.002,0.003,0.003,0.002,0.002,0.004,0.003,0.003,0.004,0.002,0.003,0.002,0.003,0.003,0.002,0.002,0.002,0.002,0.002,0.002,0.003,0.003,0.002,0.003,0.002,0.002,0.002,0.001,0.002,0.002
111,0.002,0.002,0.002,0.003,0.003,0.004,0.004,0.003,0.003,0.004,0.001,0.002,0.003,0.002,0.002,0.003,0.003,0.002,0.003,0.003,0.002,0.003,0.002,0.002,0.002,0.002,0.002,0.002,0.002,0.003,0.003,0.003,0.003,0.002,0.002,0.003,0.002,0.002,0.002,0.003
112,0.002,0.003,0.003,0.002,0.002,0.003,0.002,0.003,0.003,0.003,0.002,0.002,0.002,0.002,0.002,0.002,0.003,0.002,0.002,0.003,0.002,0.002,0.003,0.002,0.002,0.002,0.002,0.003,0.002,0.003,0.003,0.003,0.003,0.003,0.002,0.002,0.002,0.001,0.002,0.003
113,0.003,0.003,0.002,0.003,0.002,0.004,0.003,0.003,0.003,0.004,0.002,0.002,0.004,0.003,0.003,0.004,0.003,0.002,0.002,0.004,0.003,0.002,0.003,0.002,0.002,0.002,0.003,0.003,0.003,0.004,0.003,0.004,0.004,0.003,0.002,0.002,0.003,0.002,0.002,0.003
114,0.003,0.003,0.003,0.003,0.004,0.002,0.002,0.002,0.004,0.004,0.002,0.003,0.003,0.003,0.003,0.003,0.003,0.002,0.002,0.004,0.002,0.004,0.002,0.002,0.002,0.004,0.003,0.003,0.002,0.003,0.004,0.003,0.002,0.003,0.003,0.002,0.002,0.005,0.003,0.002
115,0.002,0.003,0.002,0.002,0.004,0.003,0.004,0.001,0.004,0.005,0.003,0.002,0.003,0.002,0.003,0.002,0.003,0.002,0.002,0.003,0.002,0.002,0.003,0.002,0.002,0.003,0.003,0.002,0.002,0.004,0.004,0.005,0.003,0.003,0.002,0.005,0.002,0.003,0.003,0.003
116,0.003,0.002,0.002,0.003,0.002,0.002,0.004,0.002,0.003,0.003,0.002,0.002,0.003,0.002,0.002,0.002,0.002,0.003,0.002,0.002,0.001,0.002,0.003,0.002,0.002,0.002,0.002,0.003,0.003,0.004,0.003,0.004,0.002,0.003,0.003,0.003,0.002,0.002,0.002,0.004
117,0.004,0.002,0.003,0.003,0.005,0.003,0.002,0.002,0.003,0.003,0.002,0.004,0.003,0.003,0.003,0.003,0.003,0.002,0.003,0.003,0.002,0.003,0.002,0.003,0.003,0.003,0.002,0.002,0.003,0.003,0.003,0.004,0.003,0.003,0.003,0.002,0.003,0.002,0.002,0.002
118,0.003,0.003,0.003,0.003,0.003,0.003,0.002,0.003,0.002,0.002,0.002,0.002,0.003,0.003,0.002,0.003,0.002,0.002,0.003,0.002,0.002,0.002,0.002,0.004,0.003,0.004,0.002,0.003,0.002,0.003,0.004,0.003,0.003,0.003,0.002,0.003,0.002,0.002,0.002,0.003
119,0.002,0.002,0.003,0.006,0.002,0.003,0.003,0.001,0.002,0.003,0.002,0.003,0.002,0.003,0.004,0.003,0.002,0.002,0.002,0.002,0.003,0.002,0.002,0.003,0.004,0.003,0.002,0.002,0.001,0.002,0.002,0.004,0.003,0.003,0.002,0.002,0.002,0.003,0.003,0.002
120,0.005,0.002,0.002,0.003,0.002,0.002,0.003,0.002,0.002,0.003,0.002,0.002,0.003,0.002,0.002,0.002,0.003,0.002,0.004,0.002,0.002,0.002,0.002,0.003,0.003,0.004,0.002,0.001,0.003,0.002,0.002,0.002,0.002,0.003,0.002,0.002,0.003,0.002,0.003,0.003
121,0.002,0.003,0.003,0.003,0.003,0.005,0.002,0.002,0.003,0.002,0.002,0.003,0.004,0.003,0.003,0.003,0.003,0.003,0.003,0.003,0.002,0.002,0.002,0.003,0.004,0.002,0.003,0.002,0.002,0.002,0.003,0.002,0.003,0.002,0.003,0.003,0.003,0.002,0.002,0.002
122,0.002,0.002,0.003,0.003,0.002,0.004,0.002,0.002,0.003,0.003,0.002,0.002,0.003,0.002,0.003,0.002,0.003,0.003,0.002,0.002,0.003,0.003,0.002,0.002,0.004,0.002,0.003,0.002,0.002,0.003,0.003,0.002,0.002,0.003,0.002,0.004,0.003,0.004,0.002,0.002
123,0.002,0.002,0.002,0.004,0.002,0.004,0.004,0.003,0.003,0.003,0.002,0.003,0.002,0.002,0.003,0.003,0.003,0.002,0.002,0.002,0.002,0.003,0.003,0.003,0.003,0.002,0.003,0.001,0.003,0.003,0.003,0.002,0.003,0.002,0.003,0.003,0.003,0.003,0.003,0.003
124,0.002,0.001,0.002,0.003,0.002,0.003,0.002,0.003,0.002,0.002,0.002,0.004,0.003,0.003,0.002,0.002,0.004,0.001,0.002,0.003,0.003,0.002,0.004,0.002,0.003,0.002,0.003,0.002,0.002,0.003,0.004,0.002,0.002,0.002,0.003,0.004,0.003,0.003,0.002,0.002
125,0.003,0.002,0.004,0.002,0.003,0.002,0.003,0.003,0.003,0.003,0.003,0.002,0.003,0.002,0.003,0.002,0.003,0.002,0.003,0.002,0.001,0.002,0.003,0.002,0.003,0.003,0.003,0.002,0.003,0.003,0.002,0.002,0.003,0.002,0.002,0.003,0.003,0.001,0.003,0.003
126,0.002,0.003,0.002,0.003,0.003,0.003,0.003,0.002,0.005,0.003,0.002,0.002,0.003,0.003,0.004,0.003,0.003,0.002,0.002,0.002,0.001,0.003,0.002,0.002,0.003,0.002,0.003,0.003,0.003,0.002,0.004,0.003,0.003,0.002,0.002,0.003,0.002,0.004,0.002,0.002
127,0.003,0.002,0.003,0.003,0.003,0.003,0.005,0.003,0.002,0.003,0.002,0.002,0.002,0.002,0.003,0.002,0.002,0.002,0.002,0.002,0.001,0.002,0.003,0.002,0.003,0.002,0.002,0.003,0.002,0.003,0.003,0.002,0.002,0.003,0.003,0.003,0.002,0.003,0.001,0.002
128,0.003,0.003,0.002,0.003,0.002,0.002,0.003,0.004,0.003,0.003,0.001,0.002,0.002,0.002,0.002,0.002,0.002,0.001,0.002,0.002,0.002,0.003,0.002,0.003,0.002,0.002,0.002,0.002,0.002,0.002,0.002,0.004,0.002,0.003,0.003,0.004,0.003,0.001,0.003,0.003
129,0.004,0.002,0.003,0.004,0.003,0.002,0.002,0.003,0.002,0.002,0.002,0.002,0.002,0.002,0.003,0.002,0.002,0.002,0.002,0.002,0.002,0.003,0.003,0.002,0.003,0.002,0.002,0.002,0.002,0.002,0.003,0.003,0.002,0.003,0.004,0.004,0.004,0.002,0.002,0.003
130,0.002,0.003,0.005,0.004,0.003,0.003,0.004,0.003,0.003,0.002,0.003,0.003,0.004,0.002,0.003,0.003,0.003,0.002,0.004,0.003,0.002,0.003,0.003,0.002,0.003,0.002,0.002,0.001,0.002,0.003,0.003,0.003,0.003,0.002,0.002,0.003,0.002,0.002,0.002,0.003
131,0.002,0.002,0.004,0.003,0.004,0.003,0.002,0.002,0.003,0.002,0.003,0.003,0.003,0.003,0.002,0.003,0.003,0.003,0.002,0.002,0.002,0.002,0.003,0.003,0.002,0.002,0.002,0.002,0.002,0.002,0.002,0.003,0.002,0.003,0.003,0.003,0.004,0.002,0.002,0.003
132,0.003,0.003,0.002,0.003,0.003,0.002,0.003,0.002,0.004,0.003,0.002,0.003,0.002,0.004,0.002,0.003,0.003,0.002,0.002,0.003,0.001,0.003,0.003,0.003,0.004,0.002,0.002,0.002,0.002,0.002,0.005,0.003,0.004,0.003,0.002,0.003,0.002,0.003,0.003,0.003
133,0.002,0.003,0.003,0.003,0.003,0.003,0.004,0.002,0.003,0.003,0.001,0.002,0.003,0.002,0.004,0.003,0.002,0.002,0.003,0.002,0.002,0.002,0.002,0.002,0.002,0.003,0.002,0.003,0.002,0.002,0.003,0.002,0.003,0.003,0.003,0.004,0.003,0.003,0.001,0.003
134,0.004,0.004,0.003,0.003,0.003,0.002,0.002,0.003,0.003,0.003,0.002,0.002,0.003,0.002,0.003,0.002,0.004,0.002,0.002,0.002,0.002,0.002,0.002,0.002,0.003,0.003,0.003,0.002,0.002,0.002,0.003,0.003,0.002,0.003,0.003,0.003,0.003,0.002,0.006,0.004
135,0.003,0.002,0.003,0.003,0.002,0.003,0.003,0.003,0.003,0.002,0.001,0.003,0.004,0.003,0.003,0.003,0.002,0.002,0.003,0.002,0.003,0.002,0.003,0.002,0.003,0.004,0.002,0.002,0.001,0.002,0.003,0.002,0.002,0.004,0.003,0.003,0.004,0.002,0.002,0.003
136,0.004,0.004,0.003,0.002,0.002,0.002,0.002,0.002,0.003,0.002,0.001,0.002,0.002,0.002,0.003,0.002,0.002,0.002,0.002,0.003,0.002,0.002,0.004,0.002,0.003,0.002,0.002,0.002,0.001,0.003,0.003,0.002,0.002,0.003,0.004,0.003,0.002,0.003,0.003,0.004
137,0.002,0.003,0.002,0.003,0.002,0.003,0.002,0.002,0.002,0.002,0.002,0.002,0.003,0.003,0.003,0.002,0.003,0.003,0.003,0.003,0.003,0.002,0.003,0.002,0.002,0.003,0.003,0.001,0.002,0.003,0.002,0.002,0.004,0.003,0.004,0.002,0.004,0.003,0.002,0.003
138,0.002,0.003,0.003,0.002,0.004,0.004,0.003,0.002,0.004,0.002,0.002,0.002,0.003,0.004,0.004,0.003,0.002,0.003,0.002,0.002,0.003,0.003,0.003,0.002,0.003,0.003,0.002,0.001,0.001,0.003,0.003,0.003,0.003,0.002,0.002,0.003,0.003,0.003,0.003,0.004
139,0.002,0.003,0.002,0.005,0.004,0.005,0.002,0.002,0.002,0.003,0.002,0.002,0.002,0.002,0.002,0.001,0.002,0.001,0.001,0.002,0.002,0.002,0.003,0.002,0.003,0.002,0.003,0.002,0.002,0.002,0.003,0.002,0.002,0.002,0.004,0.002,0.003,0.002,0.002,0.003
140,0.003,0.003,0.005,0.003,0.003,0.003,0.002,0.003,0.003,0.002,0.001,0.002,0.003,0.003,0.003,0.002,0.003,0.002,0.003,0.002,0.003,0.002,0.002,0.002,0.003,0.003,0.003,0.001,0.002,0.003,0.004,0.003,0.002,0.003,0.003,0.002,0.003,0.002,0.003,0.004
141,0.003,0.003,0.002,0.003,0.002,0.003,0.003,0.003,0.002,0.002,0.001,0.002,0.002,0.002,0.003,0.002,0.002,0.003,0.003,0.003,0.002,0.002,0.003,0.003,0.003,0.003,0.003,0.002,0.003,0.002,0.003,0.004,0.002,0.003,0.002,0.003,0.003,0.002,0.003,0.002
142,0.002,0.002,0.003,0.004,0.003,0.003,0.003,0.003,0.002,0.003,0.002,0.004,0.004,0.002,0.004,0.002,0.003,0.002,0.003,0.002,0.002,0.002,0.004,0.002,0.003,0.002,0.004,0.002,0.002,0.004,0.003,0.004,0.003,0.003,0.003,0.003,0.002,0.002,0.002,0.002
143,0.003,0.002,0.002,0.002,0.003,0.002,0.002,0.004,0.003,0.003,0.002,0.002,0.002,0.002,0.002,0.002,0.001,0.002,0.002,0.002,0.002,0.003,0.004,0.003,0.002,0.003,0.003,0.002,0.003,0.003,0.002,0.002,0.002,0.002,0.002,0.003,0.002,0.002,0.002,0.003
144,0.002,0.003,0.003,0.002,0.003,0.003,0.002,0.003,0.002,0.004,0.002,0.002,0.003,0.002,0.002,0.002,0.002,0.003,0.002,0.003,0.003,0.003,0.002,0.002,0.003,0.002,0.004,0.002,0.002,0.004,0.004,0.003,0.002,0.003,0.002,0.003,0.003,0.004,0.003,0.003
145,0.002,0.002,0.003,0.003,0.002,0.005,0.003,0.003,0.003,0.005,0.001,0.003,0.002,0.003,0.003,0.002,0.003,0.004,0.003,0.002,0.001,0.003,0.003,0.003,0.003,0.002,0.002,0.002,0.002,0.003,0.002,0.002,0.003,0.003,0.002,0.003,0.002,0.004,0.003,0.003
146,0.002,0.003,0.002,0.004,0.002,0.003,0.003,0.001,0.003,0.002,0.002,0.002,0.003,0.002,0.003,0.003,0.002,0.002,0.002,0.003,0.003,0.004,0.002,0.003,0.003,0.003,0.002,0.001,0.002,0.003,0.002,0.003,0.003,0.003,0.002,0.003,0.002,0.002,0.002,0.004
147,0.004,0.002,0.003,0.003,0.002,0.002,0.003,0.003,0.004,0.004,0.003,0.002,0.002,0.003,0.003,0.002,0.002,0.002,0.003,0.002,0.003,0.003,0.002,0.003,0.002,0.002,0.003,0.001,0.002,0.003,0.004,0.003,0.003,0.003,0.003,0.002,0.003,0.001,0.003,0.003
148,0.002,0.002,0.002,0.003,0.002,0.003,0.002,0.002,0.002,0.004,0.002,0.002,0.003,0.003,0.003,0.002,0.003,0.003,0.002,0.003,0.003,0.002,0.003,0.003,0.004,0.003,0.003,0.002,0.002,0.004,0.004,0.003,0.003,0.004,0.002,0.003,0.003,0.001,0.002,0.002
149,0.004,0.002,0.003,0.003,0.003,0.004,0.003,0.003,0.003,0.003,0.002,0.003,0.002,0.002,0.002,0.003,0.002,0.002,0.002,0.002,0.003,0.003,0.002,0.002,0.003,0.003,0.004,0.001,0.003,0.003,0.003,0.003,0.003,0.003,0.003,0.003,0.002,0.002,0.003,0.003
150,0.003,0.002,0.003,0.003,0.002,0.002,0.002,0.002,0.003,0.003,0.002,0.002,0.003,0.004,0.003,0.003,0.002,0.003,0.003,0.004,0.003,0.002,0.003,0.003,0.003,0.003,0.003,0.003,0.002,0.003,0.004,0.002,0.002,0.003,0.003,0.003,0.002,0.002,0.002,0.003
151,0.002,0.003,0.002,0.003,0.003,0.003,0.003,0.003,0.003,0.003,0.002,0.002,0.003,0.002,0.002,0.002,0.002,0.002,0.004,0.002,0.003,0.004,0.004,0.003,0.002,0.002,0.002,0.003,0.002,0.003,0.003,0.002,0.002,0.004,0.002,0.003,0.002,0.003,0.005,0.002
152,0.002,0.003,0.003,0.004,0.004,0.002,0.003,0.004,0.002,0.003,0.001,0.002,0.002,0.002,0.003,0.002,0.002,0.002,0.002,0.002,0.002,0.003,0.003,0.002,0.002,0.002,0.002,0.002,0.002,0.002,0.002,0.002,0.003,0.003,0.003,0.003,0.003,0.005,0.003,0.002
153,0.002,0.002,0.003,0.003,0.003,0.002,0.003,0.003,0.003,0.003,0.002,0.001,0.003,0.002,0.003,0.003,0.002,0.003,0.003,0.003,0.002,0.003,0.003,0.002,0.002,0.002,0.002,0.003,0.002,0.003,0.002,0.003,0.002,0.002,0.005,0.003,0.002,0.003,0.003,0.002
154,0.003,0.002,0.003,0.004,0.003,0.003,0.002,0.003,0.002,0.003,0.002,0.002,0.002,0.002,0.002,0.004,0.002,0.003,0.002,0.005,0.001,0.003,0.002,0.002,0.002,0.002,0.002,0.002,0.003,0.002,0.002,0.003,0.004,0.003,0.002,0.003,0.002,0.001,0.002,0.003
155,0.002,0.003,0.002,0.003,0.003,0.003,0.003,0.003,0.002,0.004,0.002,0.003,0.003,0.003,0.002,0.003,0.002,0.003,0.003,0.004,0.001,0.005,0.002,0.002,0.002,0.002,0.002,0.001,0.002,0.002,0.003,0.003,0.004,0.003,0.003,0.002,0.003,0.002,0.003,0.002
156,0.004,0.002,0.003,0.004,0.003,0.002,0.003,0.004,0.003,0.003,0.002,0.002,0.003,0.002,0.003,0.003,0.002,0.003,0.003,0.003,0.002,0.003,0.003,0.003,0.002,0.002,0.003,0.003,0.002,0.003,0.003,0.003,0.003,0.003,0.002,0.003,0.002,0.003,0.003,0.003
157,0.003,0.003,0.003,0.003,0.003,0.003,0.004,0.003,0.002,0.003,0.003,0.003,0.004,0.003,0.003,0.002,0.003,0.003,0.002,0.003,0.001,0.002,0.003,0.002,0.002,0.002,0.002,0.003,0.002,0.003,0.003,0.002,0.003,0.003,0.003,0.005,0.003,0.003,0.002,0.003
158,0.002,0.001,0.003,0.003,0.003,0.002,0.002,0.002,0.003,0.003,0.002,0.003,0.003,0.003,0.003,0.003,0.003,0.003,0.003,0.004,0.001,0.002,0.003,0.002,0.003,0.002,0.002,0.002,0.002,0.003,0.002,0.003,0.002,0.003,0.003,0.004,0.003,0.002,0.002,0.003
159,0.003,0.003,0.002,0.003,0.004,0.003,0.002,0.002,0.003,0.002,0.002,0.002,0.002,0.002,0.003,0.003,0.002,0.003,0.002,0.004,0.002,0.002,0.003,0.003,0.002,0.003,0.003,0.002,0.002,0.002,0.003,0.004,0.003,0.002,0.002,0.002,0.002,0.003,0.002,0.002
160,0.002,0.002,0.002,0.003,0.002,0.003,0.003,0.004,0.003,0.003,0.002,0.002,0.003,0.003,0.003,0.002,0.002,0.003,0.002,0.004,0.002,0.003,0.002,0.004,0.003,0.003,0.003,0.001,0.001,0.003,0.003,0.005,0.003,0.004,0.002,0.005,0.003,0.002,0.002,0.003
161,0.002,0.002,0.002,0.002,0.003,0.002,0.002,0.003,0.003,0.002,0.002,0.002,0.003,0.003,0.002,0.005,0.002,0.003,0.002,0.003,0.001,0.002,0.003,0.002,0.002,0.003,0.003,0.002,0.002,0.004,0.003,0.003,0.002,0.003,0.002,0.003,0.002,0.002,0.002,0.003
162,0.002,0.003,0.003,0.003,0.004,0.003,0.003,0.002,0.002,0.002,0.002,0.002,0.003,0.003,0.002,0.003,0.002,0.003,0.002,0.002,0.001,0.002,0.002,0.002,0.002,0.002,0.002,0.002,0.002,0.002,0.004,0.003,0.003,0.003,0.002,0.002,0.003,0.002,0.003,0.003
163,0.002,0.003,0.003,0.003,0.003,0.004,0.002,0.003,0.003,0.003,0.002,0.002,0.003,0.002,0.003,0.002,0.002,0.002,0.002,0.002,0.002,0.002,0.003,0.002,0.003,0.002,0.002,0.001,0.001,0.002,0.003,0.002,0.003,0.003,0.003,0.002,0.003,0.003,0.004,0.003
164,0.004,0.003,0.003,0.003,0.003,0.005,0.003,0.004,0.003,0.002,0.002,0.002,0.003,0.002,0.002,0.002,0.002,0.003,0.002,0.002,0.002,0.002,0.003,0.003,0.003,0.003,0.002,0.002,0.001,0.003,0.002,0.002,0.003,0.003,0.003,0.003,0.002,0.002,0.002,0.003
165,0.003,0.001,0.003,0.004,0.004,0.003,0.002,0.002,0.003,0.003,0.002,0.002,0.003,0.002,0.003,0.003,0.003,0.002,0.003,0.003,0.002,0.002,0.002,0.003,0.003,0.003,0.003,0.001,0.001,0.003,0.002,0.003,0.002,0.004,0.003,0.003,0.003,0.002,0.002,0.003
166,0.003,0.003,0.002,0.002,0.003,0.002,0.003,0.003,0.003,0.003,0.004,0.002,0.003,0.003,0.003,0.002,0.004,0.003,0.002,0.004,0.002,0.004,0.003,0.002,0.004,0.002,0.003,0.002,0.002,0.002,0.003,0.003,0.003,0.005,0.004,0.003,0.003,0.003,0.002,0.003
167,0.002,0.003,0.003,0.004,0.003,0.003,0.002,0.003,0.003,0.003,0.002,0.003,0.003,0.002,0.003,0.003,0.003,0.003,0.002,0.003,0.002,0.002,0.003,0.002,0.003,0.002,0.002,0.002,0.002,0.002,0.002,0.004,0.003,0.004,0.002,0.003,0.002,0.003,0.003,0.003
168,0.002,0.002,0.003,0.002,0.003,0.003,0.003,0.004,0.002,0.003,0.001,0.002,0.002,0.002,0.003,0.003,0.004,0.003,0.004,0.002,0.002,0.002,0.003,0.002,0.002,0.002,0.001,0.002,0.002,0.002,0.002,0.003,0.003,0.002,0.002,0.002,0.002,0.002,0.003,0.002
169,0.003,0.002,0.003,0.003,0.003,0.004,0.003,0.002,0.002,0.003,0.002,0.003,0.003,0.003,0.003,0.003,0.003,0.003,0.002,0.003,0.001,0.002,0.003,0.003,0.003,0.003,0.003,0.002,0.002,0.002,0.003,0.004,0.002,0.003,0.002,0.003,0.002,0.002,0.002,0.003
170,0.002,0.003,0.003,0.004,0.003,0.005,0.003,0.002,0.003,0.003,0.001,0.002,0.003,0.003,0.003,0.002,0.004,0.002,0.002,0.002,0.002,0.002,0.002,0.003,0.003,0.003,0.002,0.002,0.002,0.003,0.003,0.002,0.002,0.003,0.003,0.003,0.003,0.002,0.002,0.003
171,0.002,0.003,0.003,0.003,0.003,0.004,0.003,0.003,0.003,0.004,0.002,0.002,0.002,0.002,0.002,0.002,0.003,0.002,0.002,0.002,0.002,0.003,0.002,0.002,0.002,0.002,0.003,0.002,0.001,0.003,0.004,0.004,0.002,0.002,0.003,0.003,0.002,0.003,0.002,0.002
172,0.003,0.002,0.003,0.003,0.003,0.002,0.003,0.003,0.003,0.002,0.002,0.002,0.003,0.002,0.002,0.002,0.002,0.002,0.002,0.002,0.003,0.003,0.003,0.002,0.002,0.003,0.002,0.001,0.002,0.004,0.004,0.003,0.003,0.003,0.003,0.003,0.003,0.003,0.002,0.003
173,0.002,0.002,0.003,0.002,0.005,0.005,0.002,0.003,0.003,0.002,0.002,0.002,0.003,0.002,0.002,0.002,0.002,0.003,0.002,0.003,0.003,0.002,0.003,0.002,0.003,0.004,0.003,0.001,0.002,0.002,0.003,0.002,0.002,0.003,0.002,0.003,0.003,0.003,0.002,0.004
174,0.001,0.004,0.002,0.004,0.003,0.002,0.002,0.003,0.003,0.003,0.001,0.002,0.003,0.002,0.003,0.003,0.002,0.002,0.003,0.002,0.002,0.003,0.004,0.003,0.003,0.002,0.002,0.002,0.002,0.003,0.004,0.002,0.003,0.002,0.003,0.003,0.002,0.003,0.002,0.003
175,0.002,0.002,0.002,0.002,0.002,0.003,0.004,0.003,0.003,0.003,0.003,0.003,0.003,0.002,0.003,0.003,0.003,0.004,0.004,0.003,0.003,0.003,0.003,0.003,0.003,0.003,0.003,0.001,0.001,0.002,0.003,0.002,0.003,0.002,0.002,0.003,0.002,0.003,0.003,0.003
176,0.002,0.002,0.002,0.002,0.003,0.002,0.003,0.004,0.003,0.003,0.002,0.003,0.002,0.003,0.003,0.003,0.002,0.003,0.003,0.003,0.002,0.003,0.002,0.002,0.003,0.002,0.002,0.003,0.002,0.003,0.003,0.002,0.002,0.003,0.002,0.003,0.003,0.003,0.003,0.003
177,0.002,0.002,0.002,0.003,0.003,0.002,0.003,0.002,0.003,0.005,0.002,0.002,0.002,0.002,0.003,0.003,0.002,0.005,0.002,0.002,0.003,0.002,0.003,0.002,0.002,0.002,0.003,0.001,0.002,0.003,0.002,0.002,0.002,0.003,0.003,0.002,0.003,0.003,0.003,0.003
178,0.002,0.004,0.003,0.004,0.003,0.002,0.003,0.002,0.003,0.002,0.002,0.003,0.002,0.002,0.003,0.002,0.002,0.002,0.003,0.002,0.003,0.002,0.003,0.002,0.003,0.002,0.002,0.002,0.002,0.004,0.002,0.003,0.004,0.003,0.002,0.004,0.002,0.002,0.002,0.005
179,0.002,0.002,0.003,0.002,0.003,0.002,0.003,0.003,0.003,0.003,0.002,0.004,0.003,0.002,0.003,0.003,0.002,0.002,0.002,0.004,0.003,0.003,0.004,0.003,0.002,0.004,0.003,0.002,0.002,0.002,0.002,0.002,0.002,0.003,0.002,0.004,0.004,0.003,0.003,0.003
180,0.002,0.003,0.003,0.004,0.004,0.002,0.003,0.004,0.002,0.003,0.002,0.003,0.003,0.002,0.003,0.002,0.003,0.003,0.003,0.003,0.002,0.003,0.003,0.004,0.002,0.003,0.002,0.001,0.003,0.002,0.002,0.001,0.003,0.003,0.002,0.002,0.002,0.003,0.002,0.003
181,0.002,0.002,0.003,0.003,0.003,0.003,0.002,0.003,0.002,0.002,0.002,0.003,0.003,0.002,0.003,0.003,0.003,0.003,0.003,0.003,0.002,0.003,0.003,0.002,0.003,0.003,0.003,0.002,0.002,0.002,0.003,0.004,0.003,0.002,0.003,0.004,0.002,0.003,0.003,0.004
182,0.003,0.002,0.004,0.004,0.003,0.003,0.003,0.002,0.003,0.003,0.002,0.003,0.004,0.002,0.002,0.003,0.003,0.002,0.005,0.004,0.004,0.003,0.002,0.003,0.002,0.003,0.002,0.002,0.003,0.004,0.003,0.003,0.003,0.002,0.002,0.003,0.002,0.002,0.003,0.003
183,0.002,0.002,0.002,0.003,0.003,0.003,0.002,0.002,0.003,0.003,0.002,0.002,0.002,0.002,0.002,0.003,0.002,0.002,0.003,0.003,0.003,0.004,0.003,0.002,0.003,0.003,0.003,0.003,0.002,0.005,0.002,0.003,0.003,0.003,0.003,0.002,0.002,0.003,0.002,0.003
184,0.002,0.002,0.003,0.003,0.004,0.003,0.002,0.003,0.003,0.004,0.002,0.002,0.002,0.002,0.002,0.002,0.002,0.002,0.002,0.003,0.002,0.002,0.002,0.002,0.003,0.002,0.003,0.003,0.002,0.003,0.002,0.004,0.002,0.003,0.003,0.003,0.005,0.003,0.003,0.003
185,0.003,0.004,0.003,0.004,0.003,0.003,0.003,0.003,0.003,0.003,0.002,0.002,0.002,0.003,0.003,0.002,0.003,0.002,0.003,0.002,0.003,0.003,0.002,0.002,0.003,0.002,0.002,0.003,0.002,0.003,0.005,0.003,0.002,0.003,0.003,0.004,0.003,0.002,0.004,0.003
186,0.003,0.002,0.003,0.003,0.003,0.003,0.002,0.002,0.004,0.004,0.003,0.002,0.003,0.002,0.004,0.003,0.003,0.003,0.002,0.003,0.002,0.002,0.003,0.002,0.003,0.002,0.002,0.001,0.003,0.003,0.003,0.002,0.002,0.003,0.004,0.003,0.003,0.002,0.002,0.003
187,0.004,0.002,0.005,0.003,0.002,0.003,0.003,0.004,0.004,0.002,0.002,0.002,0.002,0.002,0.003,0.003,0.003,0.003,0.002,0.003,0.001,0.004,0.003,0.003,0.003,0.002,0.003,0.001,0.002,0.003,0.003,0.003,0.002,0.003,0.003,0.002,0.002,0.002,0.002,0.003
188,0.003,0.002,0.005,0.003,0.002,0.003,0.004,0.003,0.005,0.003,0.002,0.003,0.003,0.002,0.003,0.003,0.003,0.002,0.002,0.002,0.003,0.002,0.003,0.003,0.002,0.004,0.003,0.001,0.002,0.002,0.002,0.003,0.002,0.003,0.002,0.003,0.002,0.002,0.003,0.002
189,0.006,0.004,0.005,0.002,0.002,0.003,0.002,0.004,0.003,0.002,0.003,0.003,0.003,0.003,0.002,0.003,0.003,0.002,0.002,0.002,0.001,0.004,0.004,0.002,0.002,0.003,0.002,0.002,0.003,0.002,0.003,0.002,0.002,0.004,0.003,0.002,0.003,0.003,0.002,0.002
190,0.004,0.002,0.003,0.003,0.004,0.003,0.003,0.003,0.004,0.003,0.002,0.003,0.003,0.003,0.003,0.002,0.003,0.002,0.004,0.004,0.001,0.003,0.002,0.002,0.002,0.002,0.003,0.002,0.003,0.002,0.003,0.002,0.002,0.003,0.003,0.002,0.002,0.003,0.002,0.003
191,0.004,0.003,0.002,0.003,0.003,0.005,0.002,0.002,0.004,0.003,0.002,0.002,0.003,0.002,0.003,0.003,0.003,0.003,0.002,0.002,0.002,0.002,0.003,0.002,0.003,0.002,0.003,0.002,0.002,0.002,0.002,0.002,0.002,0.002,0.002,0.003,0.003,0.003,0.004,0.003
192,0.002,0.004,0.005,0.002,0.003,0.003,0.004,0.003,0.003,0.003,0.003,0.002,0.003,0.002,0.002,0.002,0.004,0.003,0.002,0.003,0.002,0.003,0.002,0.002,0.002,0.003,0.002,0.002,0.002,0.002,0.003,0.002,0.002,0.003,0.003,0.002,0.003,0.003,0.003,0.003
193,0.002,0.002,0.003,0.002,0.004,0.003,0.004,0.002,0.003,0.002,0.003,0.003,0.003,0.002,0.002,0.003,0.003,0.004,0.003,0.003,0.002,0.004,0.002,0.002,0.002,0.003,0.003,0.002,0.003,0.003,0.003,0.004,0.003,0.004,0.003,0.003,0.002,0.003,0.003,0.002
194,0.004,0.001,0.002,0.003,0.002,0.003,0.003,0.003,0.002,0.002,0.002,0.003,0.004,0.004,0.002,0.003,0.002,0.003,0.003,0.002,0.002,0.003,0.002,0.002,0.002,0.003,0.002,0.002,0.002,0.002,0.003,0.004,0.004,0.003,0.003,0.002,0.005,0.001,0.001,0.003
195,0.005,0.003,0.002,0.002,0.003,0.002,0.005,0.002,0.005,0.002,0.001,0.002,0.003,0.002,0.003,0.003,0.003,0.002,0.002,0.002,0.002,0.003,0.003,0.002,0.002,0.003,0.003,0.002,0.002,0.003,0.003,0.002,0.003,0.003,0.004,0.003,0.002,0.002,0.002,0.003
196,0.003,0.003,0.002,0.003,0.003,0.003,0.003,0.002,0.003,0.003,0.002,0.002,0.004,0.002,0.002,0.002,0.003,0.002,0.003,0.003,0.002,0.002,0.002,0.002,0.002,0.003,0.003,0.001,0.004,0.003,0.002,0.002,0.003,0.003,0.003,0.002,0.005,0.001,0.002,0.002
197,0.006,0.002,0.003,0.002,0.003,0.002,0.002,0.002,0.003,0.004,0.002,0.002,0.003,0.002,0.002,0.002,0.004,0.002,0.003,0.002,0.002,0.003,0.002,0.002,0.003,0.003,0.003,0.001,0.002,0.003,0.003,0.003,0.003,0.003,0.003,0.002,0.003,0.002,0.002,0.003
198,0.002,0.003,0.003,0.002,0.002,0.003,0.003,0.004,0.003,0.004,0.002,0.001,0.003,0.003,0.003,0.002,0.002,0.002,0.002,0.002,0.002,0.003,0.003,0.003,0.003,0.003,0.002,0.003,0.001,0.003,0.003,0.002,0.002,0.002,0.003,0.003,0.002,0.002,0.001,0.003
199,0.003,0.003,0.002,0.003,0.003,0.002,0.002,0.002,0.002,0.006,0.002,0.002,0.003,0.003,0.003,0.003,0.002,0.002,0.002,0.003,0.002,0.003,0.003,0.002,0.002,0.002,0.002,0.002,0.002,0.002,0.002,0.002,0.002,0.003,0.003,0.003,0.002,0.003,0.002,0.003
200,0.003,0.002,0.003,0.004,0.003,0.004,0.002,0.003,0.004,0.003,0.002,0.002,0.002,0.002,0.002,0.002,0.002,0.002,0.001,0.002,0.002,0.002,0.003,0.002,0.002,0.002,0.002,0.002,0.002,0.002,0.003,0.004,0.003,0.003,0.002,0.003,0.002,0.002,0.003,0.005
201,0.003,0.002,0.002,0.002,0.002,0.003,0.002,0.004,0.002,0.002,0.002,0.002,0.002,0.003,0.002,0.002,0.002,0.002,0.003,0.002,0.002,0.003,0.001,0.003,0.002,0.002,0.003,0.001,0.002,0.004,0.003,0.002,0.003,0.003,0.004,0.003,0.003,0.002,0.002,0.003
202,0.002,0.002,0.002,0.003,0.003,0.004,0.003,0.004,0.002,0.002,0.002,0.002,0.002,0.002,0.002,0.002,0.002,0.002,0.002,0.002,0.003,0.003,0.002,0.002,0.004,0.002,0.003,0.002,0.001,0.003,0.003,0.002,0.002,0.002,0.003,0.002,0.003,0.001,0.003,0.004
203,0.002,0.004,0.003,0.002,0.002,0.004,0.003,0.004,0.002,0.003,0.001,0.002,0.002,0.003,0.003,0.003,0.002,0.002,0.002,0.002,0.004,0.002,0.003,0.001,0.003,0.004,0.002,0.001,0.001,0.002,0.004,0.002,0.002,0.002,0.003,0.003,0.002,0.002,0.002,0.003
204,0.002,0.005,0.003,0.003,0.002,0.003,0.004,0.003,0.003,0.002,0.001,0.003,0.003,0.002,0.004,0.003,0.002,0.003,0.003,0.003,0.003,0.002,0.003,0.002,0.002,0.003,0.002,0.002,0.002,0.002,0.004,0.003,0.003,0.002,0.002,0.002,0.003,0.002,0.003,0.002
205,0.003,0.003,0.006,0.002,0.003,0.003,0.003,0.002,0.003,0.002,0.002,0.003,0.002,0.003,0.002,0.003,0.003,0.002,0.002,0.003,0.003,0.003,0.002,0.003,0.003,0.003,0.002,0.002,0.002,0.003,0.004,0.001,0.002,0.003,0.002,0.003,0.002,0.002,0.003,0.002
206,0.003,0.003,0.004,0.003,0.003,0.003,0.002,0.002,0.003,0.002,0.002,0.001,0.002,0.002,0.003,0.003,0.003,0.002,0.003,0.003,0.003,0.002,0.002,0.003,0.004,0.002,0.003,0.002,0.002,0.002,0.002,0.002,0.003,0.003,0.003,0.002,0.002,0.002,0.004,0.003
207,0.003,0.002,0.002,0.004,0.003,0.004,0.002,0.002,0.003,0.003,0.002,0.002,0.003,0.003,0.004,0.003,0.002,0.003,0.002,0.002,0.003,0.003,0.003,0.002,0.002,0.003,0.003,0.002,0.002,0.003,0.003,0.003,0.002,0.003,0.003,0.003,0.003,0.003,0.003,0.002
208,0.002,0.002,0.002,0.003,0.003,0.003,0.003,0.002,0.002,0.002,0.002,0.002,0.002,0.002,0.003,0.003,0.003,0.003,0.002,0.003,0.001,0.002,0.002,0.003,0.003,0.003,0.003,0.001,0.002,0.003,0.003,0.003,0.002,0.003,0.003,0.003,0.002,0.003,0.002,0.003
209,0.003,0.004,0.002,0.003,0.003,0.002,0.001,0.003,0.002,0.002,0.002,0.004,0.003,0.002,0.003,0.003,0.003,0.003,0.002,0.003,0.002,0.002,0.002,0.002,0.002,0.002,0.003,0.001,0.001,0.003,0.002,0.003,0.003,0.002,0.002,0.003,0.003,0.003,0.002,0.003
210,0.003,0.003,0.002,0.003,0.003,0.002,0.003,0.003,0.002,0.003,0.003,0.002,0.003,0.003,0.003,0.002,0.002,0.004,0.003,0.003,0.002,0.002,0.003,0.002,0.002,0.002,0.002,0.001,0.001,0.002,0.002,0.003,0.003,0.003,0.003,0.003,0.003,0.003,0.002,0.004
211,0.003,0.002,0.003,0.003,0.002,0.002,0.001,0.003,0.003,0.002,0.003,0.002,0.003,0.004,0.003,0.003,0.002,0.005,0.002,0.003,0.001,0.003,0.004,0.002,0.003,0.002,0.002,0.002,0.003,0.002,0.003,0.002,0.003,0.002,0.002,0.003,0.002,0.003,0.002,0.005
212,0.002,0.003,0.002,0.003,0.003,0.003,0.002,0.003,0.003,0.003,0.002,0.002,0.003,0.004,0.003,0.002,0.003,0.003,0.003,0.002,0.002,0.003,0.002,0.002,0.003,0.003,0.003,0.002,0.001,0.002,0.002,0.003,0.003,0.002,0.002,0.003,0.003,0.003,0.005,0.003
213,0.003,0.003,0.003,0.002,0.003,0.002,0.002,0.002,0.002,0.003,0.002,0.001,0.003,0.003,0.003,0.002,0.002,0.004,0.002,0.002,0.002,0.003,0.003,0.003,0.003,0.002,0.003,0.002,0.002,0.003,0.003,0.003,0.003,0.004,0.002,0.006,0.003,0.002,0.004,0.002
214,0.003,0.002,0.003,0.004,0.004,0.002,0.002,0.003,0.003,0.004,0.002,0.002,0.003,0.002,0.003,0.003,0.002,0.004,0.003,0.004,0.002,0.002,0.002,0.002,0.002,0.002,0.002,0.002,0.003,0.003,0.003,0.003,0.003,0.004,0.002,0.002,0.003,0.004,0.003,0.002
215,0.002,0.002,0.003,0.003,0.002,0.003,0.003,0.003,0.003,0.002,0.003,0.002,0.002,0.003,0.003,0.003,0.002,0.003,0.002,0.003,0.002,0.003,0.003,0.002,0.002,0.002,0.002,0.003,0.001,0.003,0.003,0.002,0.003,0.004,0.003,0.003,0.004,0.003,0.003,0.002
216,0.002,0.002,0.003,0.003,0.002,0.003,0.003,0.003,0.002,0.003,0.002,0.002,0.004,0.003,0.004,0.002,0.004,0.002,0.002,0.002,0.003,0.003,0.002,0.002,0.003,0.002,0.003,0.003,0.003,0.003,0.003,0.003,0.002,0.004,0.003,0.002,0.004,0.003,0.002,0.005
217,0.003,0.002,0.003,0.003,0.004,0.004,0.002,0.002,0.003,0.003,0.002,0.002,0.002,0.002,0.003,0.002,0.002,0.002,0.003,0.002,0.002,0.003,0.002,0.003,0.002,0.002,0.003,0.003,0.002,0.002,0.002,0.003,0.003,0.003,0.003,0.002,0.003,0.003,0.002,0.003
218,0.002,0.003,0.002,0.005,0.002,0.004,0.002,0.005,0.002,0.003,0.002,0.002,0.002,0.002,0.002,0.002,0.002,0.002,0.002,0.002,0.002,0.003,0.002,0.002,0.003,0.002,0.003,0.002,0.002,0.003,0.004,0.003,0.002,0.002,0.004,0.002,0.002,0.002,0.001,0.003
219,0.005,0.003,0.002,0.003,0.002,0.003,0.002,0.003,0.003,0.002,0.002,0.002,0.003,0.002,0.003,0.003,0.003,0.002,0.003,0.003,0.002,0.003,0.002,0.002,0.002,0.003,0.003,0.001,0.002,0.004,0.003,0.003,0.003,0.002,0.003,0.003,0.002,0.002,0.003,0.002
220,0.003,0.003,0.004,0.004,0.003,0.003,0.002,0.003,0.003,0.003,0.002,0.004,0.002,0.003,0.004,0.002,0.003,0.003,0.004,0.003,0.002,0.002,0.002,0.002,0.002,0.002,0.002,0.001,0.002,0.002,0.002,0.004,0.002,0.002,0.002,0.002,0.003,0.001,0.003,0.003
221,0.003,0.002,0.004,0.004,0.002,0.003,0.004,0.002,0.003,0.004,0.002,0.003,0.003,0.003,0.004,0.004,0.003,0.002,0.003,0.004,0.001,0.002,0.002,0.003,0.002,0.002,0.002,0.001,0.002,0.003,0.003,0.003,0.002,0.003,0.003,0.003,0.002,0.002,0.003,0.003
222,0.002,0.003,0.002,0.004,0.002,0.005,0.005,0.002,0.003,0.003,0.002,0.004,0.005,0.004,0.003,0.003,0.003,0.003,0.005,0.003,0.003,0.002,0.002,0.003,0.003,0.002,0.003,0.002,0.002,0.003,0.003,0.003,0.002,0.003,0.003,0.003,0.002,0.003,0.002,0.003
223,0.002,0.003,0.003,0.003,0.002,0.002,0.003,0.004,0.004,0.002,0.002,0.003,0.004,0.004,0.004,0.003,0.003,0.002,0.003,0.002,0.001,0.002,0.002,0.003,0.002,0.002,0.002,0.001,0.001,0.003,0.003,0.002,0.003,0.004,0.003,0.003,0.004,0.002,0.003,0.004
224,0.003,0.003,0.003,0.003,0.003,0.002,0.005,0.004,0.003,0.002,0.003,0.003,0.003,0.002,0.003,0.003,0.003,0.003,0.003,0.003,0.002,0.002,0.003,0.003,0.003,0.002,0.002,0.001,0.002,0.002,0.004,0.002,0.002,0.004,0.003,0.003,0.003,0.002,0.002,0.002
225,0.002,0.003,0.004,0.003,0.003,0.002,0.005,0.003,0.003,0.002,0.002,0.001,0.002,0.002,0.002,0.003,0.002,0.002,0.003,0.003,0.003,0.003,0.004,0.003,0.002,0.003,0.003,0.001,0.002,0.002,0.006,0.002,0.003,0.002,0.002,0.003,0.004,0.002,0.002,0.003
226,0.002,0.002,0.002,0.004,0.003,0.002,0.004,0.002,0.003,0.003,0.002,0.001,0.002,0.002,0.002,0.002,0.002,0.002,0.002,0.002,0.002,0.003,0.003,0.002,0.003,0.002,0.002,0.001,0.002,0.003,0.003,0.002,0.002,0.003,0.003,0.002,0.003,0.002,0.002,0.004
227,0.002,0.002,0.007,0.002,0.002,0.003,0.002,0.002,0.002,0.003,0.001,0.002,0.002,0.002,0.002,0.002,0.002,0.002,0.002,0.002,0.002,0.004,0.003,0.004,0.003,0.003,0.003,0.002,0.002,0.003,0.003,0.002,0.002,0.002,0.002,0.003,0.004,0.002,0.001,0.004
228,0.001,0.002,0.003,0.003,0.002,0.003,0.003,0.003,0.002,0.003,0.002,0.002,0.003,0.002,0.004,0.004,0.003,0.002,0.002,0.004,0.002,0.002,0.002,0.003,0.003,0.003,0.002,0.001,0.001,0.002,0.004,0.002,0.003,0.003,0.003,0.003,0.002,0.003,0.002,0.004
229,0.002,0.002,0.002,0.003,0.003,0.003,0.004,0.003,0.002,0.002,0.001,0.002,0.003,0.002,0.002,0.003,0.002,0.002,0.003,0.002,0.002,0.002,0.002,0.002,0.003,0.002,0.003,0.001,0.002,0.002,0.003,0.003,0.003,0.002,0.003,0.003,0.002,0.003,0.002,0.002
230,0.002,0.002,0.002,0.003,0.003,0.003,0.003,0.003,0.002,0.002,0.002,0.002,0.003,0.002,0.003,0.003,0.003,0.003,0.002,0.003,0.002,0.002,0.004,0.002,0.004,0.003,0.005,0.001,0.001,0.003,0.004,0.004,0.002,0.003,0.003,0.002,0.002,0.002,0.002,0.003
231,0.003,0.002,0.002,0.003,0.003,0.003,0.001,0.003,0.002,0.002,0.002,0.002,0.003,0.002,0.002,0.002,0.003,0.002,0.002,0.003,0.002,0.003,0.003,0.002,0.003,0.003,0.004,0.002,0.002,0.003,0.003,0.003,0.002,0.003,0.003,0.002,0.004,0.002,0.002,0.004
232,0.002,0.003,0.002,0.003,0.004,0.003,0.003,0.002,0.003,0.002,0.002,0.002,0.005,0.003,0.004,0.003,0.004,0.002,0.004,0.002,0.001,0.003,0.003,0.003,0.003,0.002,0.003,0.001,0.002,0.003,0.003,0.004,0.002,0.003,0.002,0.002,0.003,0.002,0.003,0.003
233,0.002,0.002,0.002,0.002,0.004,0.004,0.002,0.003,0.002,0.002,0.002,0.002,0.002,0.002,0.003,0.002,0.003,0.003,0.002,0.002,0.002,0.002,0.003,0.003,0.003,0.003,0.003,0.001,0.002,0.004,0.003,0.003,0.003,0.003,0.003,0.003,0.003,0.003,0.002,0.004
234,0.003,0.002,0.003,0.004,0.003,0.002,0.003,0.003,0.003,0.003,0.003,0.003,0.003,0.003,0.003,0.002,0.004,0.003,0.002,0.003,0.002,0.002,0.003,0.003,0.003,0.002,0.003,0.002,0.002,0.003,0.003,0.002,0.002,0.002,0.003,0.003,0.003,0.002,0.003,0.003
235,0.002,0.002,0.002,0.003,0.002,0.002,0.002,0.002,0.004,0.002,0.003,0.003,0.003,0.003,0.003,0.003,0.004,0.002,0.003,0.003,0.001,0.002,0.003,0.002,0.002,0.002,0.002,0.003,0.003,0.002,0.004,0.002,0.003,0.003,0.002,0.003,0.003,0.004,0.003,0.003
236,0.003,0.003,0.003,0.003,0.003,0.003,0.002,0.002,0.002,0.002,0.003,0.003,0.002,0.002,0.002,0.003,0.003,0.002,0.003,0.004,0.001,0.002,0.003,0.002,0.002,0.002,0.002,0.001,0.002,0.002,0.003,0.003,0.004,0.002,0.003,0.002,0.003,0.002,0.002,0.003
237,0.002,0.004,0.004,0.004,0.002,0.003,0.003,0.003,0.002,0.002,0.002,0.002,0.002,0.004,0.002,0.003,0.002,0.003,0.003,0.003,0.002,0.003,0.003,0.003,0.002,0.002,0.002,0.002,0.002,0.002,0.003,0.002,0.004,0.003,0.002,0.003,0.002,0.003,0.002,0.003
238,0.002,0.002,0.003,0.004,0.004,0.004,0.002,0.002,0.004,0.002,0.002,0.003,0.003,0.003,0.003,0.003,0.002,0.001,0.003,0.002,0.001,0.003,0.003,0.002,0.003,0.002,0.002,0.001,0.004,0.002,0.003,0.002,0.005,0.004,0.002,0.002,0.003,0.004,0.002,0.005
239,0.002,0.003,0.003,0.002,0.002,0.003,0.003,0.003,0.003,0.002,0.002,0.002,0.003,0.002,0.003,0.003,0.003,0.003,0.003,0.003,0.002,0.002,0.003,0.003,0.003,0.003,0.003,0.003,0.002,0.002,0.003,0.002,0.003,0.004,0.003,0.003,0.003,0.003,0.002,0.004
240,0.002,0.001,0.002,0.003,0.002,0.003,0.003,0.005,0.003,0.002,0.003,0.003,0.003,0.003,0.003,0.002,0.002,0.003,0.003,0.002,0.002,0.002,0.003,0.003,0.003,0.002,0.002,0.002,0.002,0.003,0.003,0.003,0.003,0.003,0.002,0.004,0.003,0.004,0.002,0.003
241,0.002,0.003,0.003,0.004,0.004,0.003,0.002,0.003,0.003,0.003,0.001,0.002,0.003,0.003,0.002,0.002,0.003,0.003,0.003,0.002,0.001,0.003,0.003,0.002,0.002,0.002,0.003,0.003,0.002,0.003,0.003,0.003,0.003,0.004,0.002,0.003,0.003,0.003,0.002,0.003
242,0.002,0.003,0.003,0.003,0.002,0.003,0.002,0.002,0.003,0.003,0.002,0.002,0.004,0.003,0.004,0.002,0.004,0.002,0.003,0.003,0.002,0.003,0.002,0.002,0.002,0.002,0.002,0.002,0.001,0.003,0.003,0.004,0.002,0.003,0.002,0.003,0.003,0.002,0.002,0.003
243,0.003,0.003,0.002,0.003,0.004,0.003,0.003,0.003,0.003,0.003,0.003,0.002,0.003,0.003,0.004,0.003,0.004,0.003,0.002,0.003,0.002,0.002,0.002,0.002,0.003,0.002,0.003,0.002,0.001,0.002,0.002,0.002,0.002,0.003,0.002,0.004,0.003,0.002,0.002,0.003
244,0.004,0.003,0.002,0.003,0.004,0.002,0.003,0.002,0.003,0.002,0.003,0.001,0.003,0.002,0.003,0.002,0.003,0.003,0.002,0.002,0.002,0.003,0.002,0.003,0.003,0.002,0.003,0.001,0.001,0.003,0.002,0.003,0.002,0.004,0.003,0.004,0.002,0.003,0.003,0.004
245,0.003,0.003,0.003,0.003,0.003,0.004,0.005,0.003,0.003,0.002,0.003,0.002,0.002,0.003,0.003,0.002,0.003,0.003,0.003,0.003,0.002,0.002,0.005,0.002,0.004,0.003,0.005,0.001,0.002,0.003,0.003,0.002,0.003,0.004,0.004,0.003,0.003,0.003,0.004,0.003
246,0.002,0.003,0.003,0.003,0.004,0.003,0.003,0.002,0.003,0.003,0.003,0.002,0.003,0.002,0.003,0.002,0.002,0.004,0.003,0.002,0.002,0.002,0.002,0.003,0.002,0.002,0.003,0.001,0.002,0.002,0.002,0.002,0.003,0.003,0.005,0.003,0.002,0.004,0.004,0.002
247,0.005,0.002,0.005,0.003,0.003,0.003,0.003,0.002,0.003,0.003,0.002,0.002,0.003,0.002,0.002,0.001,0.003,0.002,0.002,0.003,0.002,0.002,0.003,0.003,0.004,0.002,0.003,0.002,0.002,0.003,0.003,0.003,0.002,0.003,0.003,0.002,0.002,0.002,0.002,0.002
248,0.004,0.003,0.004,0.005,0.002,0.004,0.002,0.003,0.004,0.002,0.002,0.002,0.002,0.003,0.003,0.002,0.002,0.002,0.002,0.003,0.003,0.002,0.003,0.003,0.004,0.003,0.003,0.002,0.002,0.003,0.002,0.003,0.003,0.004,0.002,0.004,0.003,0.002,0.003,0.003
249,0.004,0.003,0.003,0.002,0.003,0.002,0.002,0.002,0.003,0.003,0.003,0.002,0.003,0.002,0.002,0.003,0.004,0.003,0.003,0.003,0.002,0.003,0.003,0.002,0.003,0.002,0.003,0.003,0.001,0.002,0.002,0.002,0.002,0.004,0.002,0.003,0.002,0.001,0.002,0.002
250,0.003,0.003,0.003,0.004,0.003,0.002,0.003,0.003,0.005,0.003,0.002,0.002,0.003,0.003,0.003,0.003,0.003,0.002,0.003,0.002,0.001,0.003,0.002,0.002,0.003,0.003,0.003,0.002,0.002,0.003,0.002,0.002,0.003,0.003,0.003,0.003,0.002,0.002,0.002,0.002
251,0.004,0.001,0.002,0.003,0.002,0.002,0.003,0.002,0.003,0.003,0.002,0.003,0.003,0.004,0.003,0.002,0.003,0.002,0.004,0.003,0.002,0.003,0.003,0.002,0.003,0.002,0.004,0.002,0.002,0.002,0.002,0.002,0.002,0.003,0.002,0.003,0.003,0.001,0.002,0.003
252,0.002,0.001,0.002,0.003,0.003,0.002,0.002,0.002,0.004,0.002,0.002,0.003,0.003,0.002,0.004,0.003,0.003,0.003,0.002,0.004,0.002,0.003,0.003,0.002,0.003,0.003,0.004,0.002,0.002,0.003,0.003,0.003,0.002,0.003,0.002,0.003,0.004,0.002,0.002,0.002
253,0.003,0.003,0.002,0.002,0.002,0.002,0.003,0.002,0.004,0.002,0.002,0.004,0.003,0.003,0.003,0.003,0.003,0.004,0.002,0.003,0.001,0.003,0.003,0.002,0.002,0.003,0.004,0.002,0.002,0.003,0.002,0.003,0.002,0.003,0.004,0.003,0.003,0.002,0.003,0.002
254,0.001,0.001,0.001,0.002,0.002,0.001,0.002,0.001,0.003,0.003,0.001,0.002,0.003,0.003,0.003,0.002,0.003,0.002,0.002,0.002,0.002,0.004,0.003,0.002,0.003,0.003,0.003,0.001,0.003,0.003,0.002,0.002,0.003,0.002,0.003,0.002,0.003,0.004,0.002,0.003
255,0,0,0,0,0,0,0,0,0.002,0,0.003,0.002,0.002,0.004,0.002,0.003,0.002,0.002,0.002,0.002,0.003,0.002,0.003,0.003,0.002,0.003,0.003,0.004,0.003,0.002,0.002,0.003,0.003,0.003,0.004,0.002,0.003,0.003,0.002,0.003
256,0,0,0,0,0,0,0,0,0.002,0,0.002,0.002,0.002,0.002,0.002,0.003,0.002,0.002,0.003,0.002,0.002,0.003,0.003,0.003,0.002,0.002,0.003,0.002,0.002,0.003,0.002,0.002,0.003,0.002,0.002,0.001,0.002,0.001,0.001,0.002
257,0,0,0,0,0,0,0,0,0.002,0,0.002,0.002,0.002,0.002,0.004,0.002,0.002,0.004,0.003,0.003,0.003,0.003,0.003,0.003,0.003,0.002,0.003,0.002,0.002,0.002,0,0.003,0.003,0,0,0,0.003,0,0,0
258,0,0,0,0,0,0,0,0,0.003,0,0.002,0.003,0.002,0.002,0.004,0.002,0.003,0.002,0.002,0.003,0.002,0.002,0.002,0.002,0.003,0.002,0.004,0.003,0.002,0.003,0,0.002,0.002,0,0,0,0.002,0,0,0
259,0,0,0,0,0,0,0,0,0.003,0,0.002,0.002,0.002,0.001,0.002,0.003,0.002,0.002,0.002,0.001,0.001,0.002,0.004,0.002,0.003,0.003,0.003,0.001,0.004,0.003,0,0.002,0.002,0,0,0,0.003,0,0,0
260,0,0,0,0,0,0,0,0,0.004,0,0.002,0.001,0.002,0.002,0.002,0.002,0.002,0.002,0.002,0.002,0.004,0.003,0.002,0.002,0.003,0.002,0.002,0.003,0.002,0.004,0,0.002,0.003,0,0,0,0.002,0,0,0
261,0,0,0,0,0,0,0,0,0.003,0,0.002,0.003,0.003,0.002,0.002,0.002,0.003,0.002,0.002,0.003,0.003,0.002,0.004,0.002,0.002,0.002,0.003,0.003,0.002,0.003,0,0.004,0.002,0,0,0,0.003,0,0,0
262,0,0,0,0,0,0,0,0,0.003,0,0.003,0.001,0.002,0.002,0.003,0.002,0.003,0.003,0.003,0.003,0.003,0.002,0.004,0.002,0.002,0.002,0.002,0.002,0.002,0.003,0,0.003,0.002,0,0,0,0.002,0,0,0
263,0,0.001,0,0,0,0.0,0,0,0.003,0,0.001,0.001,0.002,0.001,0.002,0.002,0.002,0.002,0.002,0.002,0.002,0.002,0.003,0.002,0.003,0.003,0.002,0.003,0.002,0.003,0,0.002,0.003,0,0,0,0.002,0,0,0
264,0,0,0,0,0,0,0,0,0,0,0.001,0.001,0.001,0.001,0.001,0.001,0.001,0.001,0.001,0.002,0.001,0.003,0.002,0.001,0.001,0.001,0.001,0.002,0.002,0.001,0,0.002,0.002,0,0,0,0.001,0,0,0
265,0,0,0,0,0,0,0,0,0,0,0,0,0,0,0,0,0,0,0.0,0,0.0,0.003,0.003,0.001,0.001,0.001,0.001,0.002,0.002,0.002,0,0,0.002,0,0,0,0,0.0,0,0
266,0,0,0,0.0,0,0,0,0,0,0,0,0,0,0,0,0,0,0,0,0,0,0.003,0.003,0,0,0,0,0.002,0.003,0,0,0,0.001,0,0,0,0,0,0,0
267,0,0,0,0,0,0.0,0,0,0,0,0,0,0,0,0,0,0,0,0,0,0,0.003,0.002,0,0,0,0,0.003,0.002,0,0,0,0,0,0.0,0.0,0,0,0,0
268,0,0,0,0,0,0,0,0,0,0,0,0,0,0,0,0,0,0,0,0,0,0.003,0.002,0,0,0,0,0.002,0.002,0,0,0,0,0,0,0,0,0,0,0
269,0,0,0,0,0,0,0,0,0,0,0,0,0,0,0,0,0,0,0,0,0,0.004,0.002,0,0,0,0,0.003,0.002,0,0,0,0,0,0,0,0,0,0,0
270,0,0,0,0,0,0.0,0,0,0,0,0,0,0,0,0,0,0,0,0,0,0,0.003,0.003,0,0,0,0,0.002,0.002,0,0.0,0,0,0,0,0,0,0,0,0.0
271,0,0,0,0,0,0,0,0,0,0,0,0,0,0,0,0,0,0,0,0,0,0.002,0.003,0,0,0,0,0.002,0.001,0,0,0,0,0,0,0,0,0,0,0
272,0,0,0.0,0,0,0,0,0,0,0,0,0,0,0,0,0,0,0,0,0,0,0.003,0.002,0,0,0,0,0.001,0.002,0,0,0,0,0,0,0.0,0,0,0,0
273,0.0,0,0,0,0,0,0,0,0,0,0,0,0,0,0,0,0,0,0,0,0,0.003,0.0,0,0.0,0,0,0.002,0.001,0,0,0,0,0,0,0,0,0,0,0
274,0,0.0,0,0,0,0,0,0,0,0,0,0,0,0,0,0.0,0,0,0,0,0,0.001,0,0,0,0,0,0.001,0.0,0,0,0,0,0,0,0,0,0,0,0
275,0,0,0,0,0,0,0,0,0,0.0,0,0,0,0,0,0,0.0,0,0,0,0,0.0,0,0.0,0,0,0,0.001,0,0,0,0,0,0,0.0,0,0,0,0,0
276,0,0.0,0,0,0,0,0,0,0,0,0,0,0,0,0,0,0,0,0,0,0,0,0,0,0,0,0,0,0,0,0,0,0,0,0,0,0,0,0,0
277,0,0,0,0,0,0,0,0,0,0,0,0,0.0,0,0,0,0,0,0,0,0,0,0,0,0,0,0,0,0,0,0,0,0,0,0,0,0,0,0,0
278,0,0,0,0,0,0,0,0,0,0,0,0,0,0,0,0,0,0,0,0,0,0,0,0,0,0,0,0,0,0,0,0,0,0.0,0,0,0,0,0,0
279,0,0,0,0,0,0,0,0,0,0.0,0,0,0,0,0,0,0,0,0,0,0,0,0,0,0,0.0,0,0,0,0,0,0,0,0.0,0,0,0,0,0,0
280,0,0,0,0,0,0,0,0,0,0,0,0,0,0.0,0,0,0,0,0,0,0,0,0,0,0,0,0,0,0,0.0,0,0,0,0,0,0,0,0,0,0.0
281,0,0,0,0,0,0,0,0,0,0,0.0,0,0,0,0,0,0,0,0,0,0,0,0,0,0,0,0,0,0,0,0,0,0,0,0,0,0.0,0,0,0
282,0,0,0,0,0,0,0,0,0,0,0,0,0,0,0,0,0,0,0,0,0,0,0,0,0,0,0,0,0,0,0,0,0,0,0,0,0,0,0,0
283,0,0,0,0,0,0,0,0,0,0.0,0,0,0,0,0,0,0,0,0,0,0,0,0,0,0,0,0,0,0,0.0,0,0,0,0,0,0,0,0.0,0,0
284,0,0,0,0,0,0,0,0,0,0,0,0,0,0,0,0,0,0,0,0,0.0,0,0,0,0,0,0,0,0,0,0,0,0,0,0,0,0,0,0,0
285,0,0,0,0,0,0,0,0,0,0,0,0,0,0,0.0,0,0,0,0,0,0,0,0.0,0.0,0,0,0,0,0,0,0,0,0,0,0,0,0.0,0,0.0,0
286,0,0,0,0,0,0.0,0,0,0,0,0,0,0,0,0,0,0,0,0,0,0,0,0,0,0,0,0,0,0,0,0,0,0,0,0,0,0,0,0,0
287,0,0,0,0,0,0,0,0,0.0,0,0,0,0,0,0,0,0,0,0,0,0,0,0.0,0,0,0,0,0,0,0,0,0,0,0.0,0,0,0,0,0,0
288,0,0,0,0,0,0,0,0,0,0,0,0,0,0,0,0,0,0,0,0,0,0,0,0,0,0,0,0,0,0,0,0,0,0,0,0,0,0,0,0
289,0,0,0,0,0,0,0,0,0,0,0,0,0,0,0,0,0,0,0,0,0,0,0,0,0,0,0,0,0,0,0,0,0,0,0,0,0,0,0,0
290,0,0,0,0,0,0,0,0,0,0.0,0,0,0,0,0,0,0,0,0,0.0,0.0,0,0,0,0,0,0,0,0,0,0,0,0,0,0,0,0,0,0,0
291,0,0,0,0,0,0,0,0,0,0,0,0.0,0,0,0,0,0,0,0,0,0,0,0,0,0,0,0,0,0,0,0.0,0,0,0,0,0,0,0,0,0
292,0,0,0,0,0,0,0.0,0,0,0,0,0,0,0,0,0,0,0,0,0,0,0,0,0,0.0,0,0,0,0,0,0,0,0.0,0,0,0.0,0,0.0,0,0
293,0,0,0.0,0,0,0.0,0,0,0,0,0,0,0,0,0,0.0,0,0,0,0,0,0,0,0,0,0,0,0,0,0,0,0,0,0,0,0,0,0,0,0
294,0,0,0,0,0,0,0,0,0,0,0,0,0,0,0,0,0.0,0,0,0,0,0,0,0,0,0,0,0,0,0,0,0,0,0.0,0,0,0,0,0,0
295,0,0,0,0,0.0,0,0,0,0,0,0,0,0,0,0,0.0,0,0,0,0,0,0,0,0,0,0,0,0,0,0,0,0,0,0,0,0,0.0,0,0,0.0
296,0,0,0,0,0,0,0,0.0,0.0,0,0,0,0,0,0,0,0,0,0,0,0,0,0,0,0,0,0,0,0.0,0,0,0,0,0,0,0.0,0,0,0,0
297,0,0,0,0,0,0,0,0,0,0,0,0,0,0,0,0,0.0,0,0,0,0,0,0,0,0,0,0,0,0,0.0,0,0.0,0,0,0,0,0,0,0,0
298,0,0,0,0,0.0,0,0,0,0,0,0,0,0,0,0,0,0,0,0,0,0,0,0,0,0,0,0,0,0,0,0,0,0,0,0,0,0,0,0,0
299,0.0,0,0.0,0,0,0,0,0,0,0,0,0,0,0,0,0,0,0,0,0,0,0,0,0,0,0,0,0,0,0,0,0,0,0,0,0,0,0,0,0
300,0,0,0,0.0,0,0,0,0,0,0,0,0,0,0,0,0,0,0,0,0,0,0,0,0,0,0,0,0,0,0,0,0,0.0,0,0.0,0,0,0,0,0
301,0,0,0,0.0,0,0,0.0,0,0,0,0.0,0,0,0.0,0,0,0,0,0,0,0,0.0,0,0,0,0,0,0,0,0,0.0,0,0,0,0,0,0,0,0.0,0
302,0,0,0.0,0,0,0,0,0,0,0,0,0,0,0,0,0,0,0,0.0,0,0,0,0,0,0,0,0,0.0,0,0,0,0,0,0.0,0,0,0,0,0,0
303,0,0,0,0,0,0,0.0,0,0,0,0,0,0,0,0,0.0,0,0.0,0,0,0,0,0,0,0,0,0,0,0,0,0,0,0,0.0,0,0,0,0,0,0
304,0,0,0,0,0.0,0,0,0,0.0,0,0,0,0,0.0,0,0,0,0,0,0,0,0.0,0,0,0,0,0,0,0,0,0,0,0,0.0,0,0.0,0,0,0,0
305,0,0,0,0,0,0,0,0,0,0,0,0,0,0,0,0,0,0,0.0,0,0,0.0,0,0,0,0,0.0,0,0,0,0.0,0,0,0,0.0,0,0,0,0,0
306,0,0,0.0,0.0,0,0,0,0,0.001,0,0,0,0,0,0.0,0,0,0,0,0,0,0,0,0,0,0,0,0,0,0,0,0,0,0,0,0,0,0,0,0
307,0.0,0,0,0,0,0,0,0,0.0,0,0,0,0,0.0,0,0,0,0,0,0.0,0.0,0,0,0,0,0,0,0,0,0,0.0,0,0,0,0.0,0,0,0,0,0
308,0,0,0,0,0,0,0,0,0,0,0,0,0,0,0,0,0,0,0,0,0,0,0,0,0,0,0,0,0.0,0,0.0,0,0,0,0,0,0,0,0,0
309,0,0,0,0,0,0,0,0,0,0,0,0,0,0,0,0,0,0,0,0,0,0.0,0,0,0,0,0,0,0,0,0,0,0,0,0,0,0,0,0,0
310,0,0,0,0,0.0,0,0,0,0,0,0,0,0,0,0,0,0,0,0,0,0,0,0,0,0,0,0,0,0,0,0,0,0.0,0,0,0,0,0,0,0.0
311,0,0,0,0,0,0,0,0,0,0,0,0,0,0.0,0.0,0,0,0,0,0,0,0,0,0.0,0,0,0,0,0,0,0,0,0,0,0,0,0,0,0,0
312,0,0,0.0,0,0,0,0,0,0,0,0,0.0,0,0,0,0,0,0,0.0,0,0,0.0,0,0,0,0,0,0.0,0,0,0,0,0,0,0.0,0,0,0,0,0
313,0,0,0,0,0,0,0,0,0,0,0,0,0,0,0,0,0,0,0,0.0,0,0,0,0,0,0,0,0,0,0,0.0,0,0,0,0,0,0,0,0,0
314,0,0,0,0,0,0,0,0,0,0,0,0,0,0,0,0,0,0.0,0,0,0,0,0,0,0,0,0,0,0,0,0,0,0,0.0,0,0,0,0,0,0
315,0,0,0,0,0,0,0,0,0,0,0,0,0,0.0,0,0,0,0,0,0,0,0,0.0,0,0.0,0,0,0,0,0,0.0,0,0,0,0,0,0,0,0,0
316,0,0,0,0,0,0,0,0,0,0,0,0,0,0,0,0,0,0,0,0,0,0.0,0,0.0,0,0,0,0,0.0,0,0,0,0,0,0,0,0,0,0,0
317,0,0,0,0.0,0,0,0,0,0,0,0,0,0.0,0,0,0,0,0,0,0,0,0,0,0,0,0,0,0,0,0,0,0,0,0,0,0,0,0,0,0
318,0,0,0,0,0,0,0.0,0,0,0,0.0,0,0,0,0,0,0,0,0,0,0,0,0,0,0,0,0,0,0,0,0,0,0,0,0,0,0,0,0,0
319,0,0,0,0,0,0,0,0,0,0,0,0,0,0,0,0,0,0,0,0,0.0,0,0,0,0,0,0,0,0,0,0,0,0,0,0,0,0,0,0,0.0
320,0,0,0,0,0,0,0,0,0,0,0,0,0,0.0,0,0,0,0,0,0,0,0,0,0,0,0,0,0,0.0,0,0,0,0,0,0,0.0,0,0,0,0
321,0,0,0,0,0.0,0,0,0,0,0,0,0,0,0,0,0,0,0,0,0,0,0,0,0,0,0,0.0,0,0,0,0,0,0,0,0,0,0,0,0,0.0
322,0,0,0,0,0.0,0,0,0,0,0,0,0,0,0,0,0,0,0,0,0,0,0,0,0,0,0,0,0,0,0,0,0,0,0,0,0,0,0,0,0
323,0,0,0,0,0,0.0,0,0,0,0,0,0,0.0,0,0,0,0,0,0,0,0,0,0,0,0,0,0,0,0,0,0,0,0,0,0,0,0,0,0,0
324,0,0,0,0,0,0,0,0,0,0,0,0,0.0,0,0,0,0,0,0,0,0,0,0,0,0,0,0,0,0,0,0,0,0,0,0.0,0,0,0,0,0
325,0,0,0,0,0,0,0,0,0,0,0,0,0,0.0,0,0,0,0,0,0,0,0.0,0.0,0.0,0,0,0,0,0,0,0,0,0,0,0,0,0,0,0,0
326,0,0,0,0,0,0,0,0,0,0,0,0,0,0,0.0,0,0,0,0,0,0,0,0,0,0,0,0,0,0,0,0,0,0,0,0,0,0,0,0,0
327,0,0,0,0,0.0,0,0,0,0,0,0,0,0,0,0,0,0,0,0,0.0,0,0.0,0,0,0,0,0,0,0,0,0,0,0,0,0,0,0,0,0,0
328,0,0,0.0,0,0,0,0,0,0,0,0,0,0,0,0,0,0,0,0,0,0,0,0,0,0,0,0,0.0,0,0,0,0,0.0,0,0,0,0,0,0,0
329,0,0,0,0,0,0,0,0,0,0,0,0,0,0,0,0,0,0,0,0,0,0,0,0,0,0,0,0,0,0,0,0,0,0,0,0,0,0,0,0
330,0,0,0,0,0,0,0,0,0,0.0,0,0,0,0,0,0,0,0,0.0,0,0.0,0,0,0,0,0,0,0,0,0,0,0,0,0,0,0,0,0,0,0
331,0,0,0,0,0,0,0,0,0,0,0,0.0,0,0,0,0,0,0,0,0,0,0,0,0,0,0,0,0,0,0,0,0,0,0,0,0,0,0,0,0
332,0,0.0,0,0,0,0,0,0,0,0,0,0,0,0,0,0,0,0,0,0,0,0.0,0,0,0,0,0,0,0,0,0,0,0,0,0,0,0,0,0,0
333,0,0,0,0,0,0,0,0,0,0,0,0.0,0,0,0,0,0,0,0,0,0,0,0,0,0,0,0,0,0,0,0,0,0,0.0,0,0,0,0,0,0
334,0,0,0,0,0,0,0,0,0,0,0,0,0,0,0,0,0.0,0,0,0,0,0.0,0,0.0,0,0,0,0,0,0,0,0,0,0,0.0,0,0,0,0,0
335,0,0,0,0,0,0,0,0,0,0,0,0,0,0,0,0.0,0,0,0,0,0.0,0,0,0,0,0,0,0,0,0,0,0,0,0,0.0,0,0,0,0,0
336,0,0,0,0,0,0,0,0,0,0,0.0,0,0,0,0,0,0,0,0,0,0,0,0,0,0,0,0,0.0,0,0,0,0,0,0,0,0,0,0,0,0
337,0,0,0.001,0,0,0,0,0,0,0,0,0,0,0,0,0,0.0,0,0,0,0,0,0,0,0,0,0,0,0,0,0,0,0,0,0,0,0,0,0,0
338,0,0,0,0,0,0,0,0,0.0,0,0,0,0,0.0,0,0,0,0,0,0,0,0,0,0,0,0,0,0,0,0,0,0,0,0,0,0,0,0,0,0
339,0,0,0,0.0,0,0,0,0,0,0,0,0,0,0,0,0,0.0,0.0,0,0,0,0,0,0,0,0,0,0,0,0,0,0,0,0,0,0,0,0,0,0
340,0,0,0,0,0,0,0,0,0,0,0,0,0,0,0,0.0,0,0,0,0,0,0,0,0,0,0,0.0,0,0,0,0,0,0,0,0,0,0,0,0,0
341,0,0,0,0,0,0,0,0,0,0,0,0,0,0,0,0,0,0,0,0,0,0,0,0,0,0,0,0,0,0,0.0,0,0,0,0,0.0,0,0,0,0
342,0,0,0.0,0,0,0,0,0,0,0,0,0,0,0,0,0.0,0,0,0,0,0,0.0,0,0,0,0,0.0,0,0,0,0,0,0,0,0,0,0,0.0,0,0
343,0,0,0,0,0,0,0,0,0,0,0,0,0,0,0,0,0,0,0,0,0,0,0,0,0,0,0,0,0,0,0,0,0,0,0.0,0,0,0,0,0
344,0,0,0,0,0,0,0,0,0,0,0,0,0,0,0,0,0,0,0,0,0.0,0,0.0,0,0,0,0,0,0,0,0,0,0,0,0,0,0.0,0,0,0
345,0,0,0,0,0,0,0,0,0,0,0,0,0,0.0,0,0,0,0,0.0,0,0,0,0,0,0,0,0,0,0,0,0,0,0,0,0,0,0.0,0,0,0
346,0,0,0,0.0,0,0,0,0,0,0,0.0,0,0,0,0,0,0,0,0,0,0,0,0,0,0,0,0,0,0,0,0.0,0,0,0,0,0,0,0,0,0
347,0,0,0,0,0,0,0,0,0.0,0,0,0,0,0,0,0,0,0,0,0,0,0,0,0,0,0,0.0,0,0,0,0,0,0,0,0,0,0.0,0,0,0
348,0,0,0,0,0.0,0,0,0,0,0,0,0,0,0,0,0,0,0,0,0,0,0,0,0,0,0,0,0,0,0,0,0,0,0,0,0,0,0,0,0
349,0,0,0,0,0,0,0,0,0.0,0,0,0,0,0,0,0,0,0,0,0,0,0,0,0,0,0,0,0,0,0,0,0,0,0,0,0,0,0,0,0
350,0,0,0,0,0,0,0,0,0,0.0,0,0,0,0,0,0,0,0,0,0,0,0,0,0,0,0,0,0,0,0,0,0,0,0,0,0,0,0,0,0
351,0,0,0,0,0,0,0,0,0,0,0,0,0,0,0,0,0,0,0,0,0,0,0,0.0,0,0,0,0,0,0,0,0,0,0,0,0,0,0,0,0
352,0,0,0.0,0,0,0,0.0,0,0,0,0,0,0,0,0,0,0,0,0.0,0,0,0,0,0,0,0,0,0,0,0.0,0,0,0,0,0,0,0,0,0,0
353,0,0,0,0,0,0,0,0,0,0,0.0,0,0,0,0,0,0,0,0,0,0,0.0,0,0,0,0,0,0,0,0,0,0,0,0,0,0,0,0,0,0
354,0,0,0,0,0,0,0,0,0,0,0,0,0,0,0,0,0.0,0,0,0,0,0,0,0,0.0,0,0,0,0,0,0,0,0,0,0,0,0,0,0,0
355,0,0,0,0,0,0,0.001,0,0,0,0,0,0,0,0,0,0,0,0,0,0,0,0,0,0,0.0,0,0,0,0,0,0,0,0,0,0,0,0,0,0
356,0,0,0,0,0,0,0,0,0,0,0,0,0,0,0,0,0.0,0,0,0,0,0,0,0,0,0,0,0,0,0,0,0,0,0,0,0,0,0,0,0
357,0,0,0,0,0,0,0,0,0,0,0.0,0.0,0,0,0,0,0,0,0,0,0,0,0.0,0,0,0,0,0,0,0,0,0,0,0,0,0,0,0,0,0
358,0.001,0,0,0,0,0,0,0,0,0,0,0,0,0,0,0.0,0,0,0,0,0,0,0,0,0,0,0,0,0,0,0,0,0.001,0,0,0,0,0,0,0
359,0,0,0,0,0,0,0,0,0,0,0,0,0,0,0.0,0,0,0,0,0,0,0,0,0,0,0,0,0,0,0,0,0,0,0,0,0,0,0,0,0
360,0,0,0,0,0,0,0,0,0,0,0,0,0,0,0,0,0,0,0,0,0,0,0,0.0,0.0,0,0,0,0,0,0,0,0,0,0,0,0,0,0,0
361,0,0,0,0,0,0,0,0,0,0,0,0,0,0,0,0,0,0.0,0,0,0,0,0,0,0,0,0.0,0,0,0,0,0,0,0,0,0,0,0,0,0
362,0,0.001,0,0,0,0,0,0,0,0,0,0,0,0,0,0,0,0,0,0,0,0,0,0.0,0,0,0,0,0,0,0,0,0,0.0,0,0,0,0,0,0
363,0,0,0,0,0,0,0,0.0,0,0,0,0,0.0,0,0,0,0,0,0,0,0,0,0,0,0,0,0,0,0,0,0,0,0,0,0,0,0,0,0.0,0
364,0.0,0,0,0,0,0,0,0,0,0,0,0.0,0,0,0,0,0,0,0,0,0,0,0,0,0,0.0,0,0,0,0,0,0,0,0.0,0,0,0,0,0,0
365,0,0,0,0,0,0,0,0,0.0,0.0,0,0,0,0,0,0,0,0,0,0,0,0,0,0,0.001,0,0,0.0,0,0.0,0,0,0,0,0,0,0.0,0.001,0,0
366,0,0,0,0,0,0,0,0,0,0,0,0,0,0,0,0,0,0,0,0,0,0,0.0,0,0,0,0,0,0,0,0,0,0,0,0,0,0,0,0,0
367,0,0,0,0,0,0,0,0,0,0,0,0.0,0,0,0,0,0,0,0,0,0,0,0,0,0.0,0,0,0,0,0,0,0,0,0,0,0,0,0,0,0
368,0,0,0,0,0,0,0,0,0,0,0,0,0,0,0,0,0,0,0.001,0,0,0,0,0,0,0,0,0,0,0,Null,0,0,Null,Null,Null,0.001,Null,Null,Null
369,0,0,0,0,0,0,0,0,0,0,0,0,0.0,0,0,0,0,0,0,0,0,0,0,0,0,0,0,0,0,0,Null,0,0,Null,Null,Null,0.0,Null,Null,Null
370,0,0,0,0,0,0,0,0,0,0,0,0,0,0,0,0,0,0,0,0,0,0,0,0,0.0,0,0,0,0,0,Null,0,0,Null,Null,Null,0,Null,Null,Null
371,0,0,0,0,0,0,0,0,0,0,0,0,0.0,0.0,0,0,0,0,0,0,0,0,0,0,0,0,0,0,0.0,0,Null,0,0,Null,Null,Null,0,Null,Null,Null
372,0,0,0,0,0,0,0,0,0,0,0,0,0,0,0,0,0,0,0,0,0,0,0,0,0,0,0,0,0,0,Null,0,0,Null,Null,Null,0,Null,Null,Null
373,0,0,0,0,0,0,0,0,0,0,0,0,0,0,0,0,0,0,0,0,0,0,0,0,0,0,0,0,0,0,Null,0,0,Null,Null,Null,0,Null,Null,Null
374,0,0,0,0,0,0,0,0,0,0,0,0,0,0,0,0,0,0,0.0,0,0,0,0,0,0,0.0,0,0,0.0,0,Null,0,0,Null,Null,Null,0,Null,Null,Null
375,0,0,0,0,0,0,0,0,0.001,0,0,0.0,0,0,0,0,0,0,0,0,0,0,0,0,0,0,0,0,0,0,Null,0,0,Null,Null,Null,0,Null,Null,Null
376,0,0,0,0,0,0,0,0,0,0,0,0.0,0,0,0,0,0,0,0,0,0,0,0.0,0,0,0,0,0,0,0,Null,Null,0,Null,Null,Null,Null,Null,Null,Null
377,0,0,0,0,0,0,0,0,0,0,0,0,0,0,0,0,0,0,0,0,0,0,0,0,0,0,0,0,0,0,Null,Null,0,Null,Null,Null,Null,Null,Null,Null
378,0,0,0,0,0,0,0,0,0,0,0,0,0,0,0,0,0,0,0,0,0,0,0,0,0,0,0,0,0,0,Null,Null,Null,Null,Null,Null,Null,Null,Null,Null
379,0,0,0,0,0,0,0,0,0,0,0,0,0,0,0,0,0,0,0,0,0,0,0,0,0,0,0,0,0,0,Null,Null,Null,Null,Null,Null,Null,Null,Null,Null
380,0,0,0,0,0,0,0,0,0,0,0,0,0,0,0,0,0,0,0,0,0,0,0,0,0,0,0,0,0,0,Null,Null,Null,Null,Null,Null,Null,Null,Null,Null
381,0,0,0,0,0,0,0,0,0,0,0,0,0,0,0,0,0,0,0,0,0,0,0,0,0,0,0,0,0,0,Null,Null,Null,Null,Null,Null,Null,Null,Null,Null
382,0,0,0,0,0,0,0,0,0,0,0,0,0,0,0,0,0,0,0,0,0,0,0,0,0,0,0,0,0,0,Null,Null,Null,Null,Null,Null,Null,Null,Null,Null
383,0,0,0,0,0,0,0,0,0,0,0,0,0,0,0,0,0,0,0,0,0,0,0,0,0,0,0,0,0,0,Null,Null,Null,Null,Null,Null,Null,Null,Null,Null