journal_queue_ops,aceph01_ceph-osd.0.asok.txt,aceph01_ceph-osd.1.asok.txt,aceph01_ceph-osd.2.asok.txt,aceph01_ceph-osd.3.asok.txt,aceph01_ceph-osd.4.asok.txt,aceph01_ceph-osd.5.asok.txt,aceph01_ceph-osd.6.asok.txt,aceph01_ceph-osd.7.asok.txt,aceph01_ceph-osd.8.asok.txt,aceph01_ceph-osd.9.asok.txt,aceph02_ceph-osd.10.asok.txt,aceph02_ceph-osd.11.asok.txt,aceph02_ceph-osd.12.asok.txt,aceph02_ceph-osd.13.asok.txt,aceph02_ceph-osd.14.asok.txt,aceph02_ceph-osd.15.asok.txt,aceph02_ceph-osd.16.asok.txt,aceph02_ceph-osd.17.asok.txt,aceph02_ceph-osd.18.asok.txt,aceph02_ceph-osd.19.asok.txt,aceph03_ceph-osd.20.asok.txt,aceph03_ceph-osd.21.asok.txt,aceph03_ceph-osd.22.asok.txt,aceph03_ceph-osd.23.asok.txt,aceph03_ceph-osd.24.asok.txt,aceph03_ceph-osd.25.asok.txt,aceph03_ceph-osd.26.asok.txt,aceph03_ceph-osd.27.asok.txt,aceph03_ceph-osd.28.asok.txt,aceph03_ceph-osd.29.asok.txt,aceph04_ceph-osd.30.asok.txt,aceph04_ceph-osd.31.asok.txt,aceph04_ceph-osd.32.asok.txt,aceph04_ceph-osd.33.asok.txt,aceph04_ceph-osd.34.asok.txt,aceph04_ceph-osd.35.asok.txt,aceph04_ceph-osd.36.asok.txt,aceph04_ceph-osd.37.asok.txt,aceph04_ceph-osd.38.asok.txt,aceph04_ceph-osd.39.asok.txt
0,0,0,0,0,0,0,0,0,0,0,0,0,0,0,0,0,0,0,0,0,0,0,0,0,0,0,0,0,0,0,0,0,0,0,0,0,0,0,0,0
1,1,1,1,1,1,1,1,1,1,3,1,1,7,1,1,1,1,1,1,1,1,3,1,1,1,2,2,1,1,1,1,1,1,1,1,1,4,1,3,1
2,0,0,1,1,0,0,1,0,1,0,0,3,1,0,1,0,0,0,0,0,0,0,0,0,0,0,0,0,0,1,0,0,0,6,1,5,1,0,0,1
3,1,0,0,0,1,0,0,0,1,0,1,0,1,1,0,0,0,0,0,0,1,0,0,0,0,0,2,0,0,0,0,0,0,0,0,0,0,0,3,0
4,1,1,1,1,0,0,0,0,0,0,1,0,0,0,0,2,0,1,1,1,0,0,0,0,1,1,0,0,0,1,0,0,1,0,0,0,1,0,0,1
5,1,0,1,0,0,0,0,0,0,1,0,0,0,0,0,0,1,1,0,0,0,0,0,0,0,1,0,0,0,1,1,1,0,1,0,1,0,0,0,0
6,0,0,0,1,1,1,0,0,0,0,0,0,0,1,0,0,1,0,0,1,0,1,0,0,1,1,0,0,0,1,0,1,1,0,1,0,0,0,0,0
7,0,3,0,1,1,1,0,0,0,0,0,0,0,1,1,0,1,1,1,0,0,0,1,0,0,0,0,0,0,0,0,0,0,0,0,1,1,0,0,0
8,0,1,1,0,0,0,0,0,0,1,2,0,1,0,1,0,0,0,0,0,0,0,1,0,0,0,1,0,1,1,0,0,0,1,0,0,0,1,1,0
9,1,0,0,1,0,1,0,0,1,1,0,0,0,1,0,0,0,1,0,0,0,0,0,0,1,0,1,0,1,0,0,1,0,1,1,1,0,1,0,0
10,1,1,1,0,0,0,1,0,0,1,0,0,0,1,0,0,0,1,0,0,0,1,0,1,1,0,0,0,0,1,0,0,0,0,1,0,3,0,0,1
11,0,1,0,0,0,1,1,1,1,1,0,0,1,0,0,1,0,0,1,4,0,1,0,0,0,1,0,0,1,0,1,1,1,0,0,0,1,0,0,0
12,0,0,1,0,0,0,0,0,1,1,1,0,0,0,0,1,1,0,2,0,0,0,0,1,0,1,1,0,1,1,1,2,0,0,3,0,0,1,0,1
13,0,1,0,2,1,1,0,0,1,0,1,0,3,0,0,0,1,0,0,0,3,0,1,0,1,0,0,0,0,1,0,1,0,0,1,0,0,0,0,0
14,0,0,0,0,5,0,0,0,0,1,1,0,1,1,1,0,1,0,1,1,0,0,1,0,0,1,1,0,0,0,0,0,1,0,0,1,0,1,0,1
15,0,1,0,0,0,0,0,0,2,1,1,2,0,0,0,0,0,0,0,0,0,1,1,0,0,0,0,0,0,0,1,0,0,0,0,1,0,2,0,0
16,0,0,0,0,0,0,0,0,1,2,0,0,0,0,1,0,0,1,0,1,1,1,1,0,0,1,0,0,0,0,0,0,0,0,1,0,4,0,0,0
17,1,0,1,0,1,1,0,0,0,1,0,0,0,0,0,0,0,1,0,0,0,3,0,0,1,0,0,0,0,0,1,1,0,1,1,1,1,0,0,0
18,0,0,1,0,1,0,0,1,0,0,0,0,0,0,1,0,0,0,0,0,0,0,0,0,1,0,1,0,0,0,0,0,1,2,0,0,1,0,0,1
19,0,0,0,0,0,0,0,1,0,1,0,0,0,0,1,0,0,0,0,0,0,0,0,0,0,0,1,0,0,0,0,0,0,0,0,1,1,0,0,2
20,0,2,5,0,3,0,1,0,1,1,1,1,0,1,0,1,0,1,2,0,0,1,1,1,1,1,0,0,0,0,1,1,1,0,1,0,1,0,0,0
21,1,0,0,0,1,0,1,0,1,1,0,0,0,0,1,0,0,0,1,1,0,0,1,0,0,0,0,0,0,0,1,0,0,0,1,0,0,0,1,2
22,0,0,0,0,1,0,0,0,1,0,0,0,0,5,0,0,0,1,0,1,0,0,1,1,1,0,0,0,0,0,1,0,0,0,0,0,1,0,0,0
23,0,5,0,1,0,0,0,2,1,0,0,0,5,0,1,0,0,0,0,0,0,0,0,2,0,0,0,0,0,1,1,1,1,0,0,1,1,0,1,1
24,0,1,0,0,0,0,0,0,0,0,0,0,0,0,0,0,1,1,1,0,0,1,1,0,0,0,2,0,0,1,0,0,1,1,0,1,0,1,0,0
25,1,0,1,0,1,0,0,0,0,0,0,0,2,4,2,0,0,0,0,0,1,1,1,1,0,0,0,0,0,1,1,5,0,0,1,0,1,0,0,0
26,0,1,3,0,0,1,1,0,1,1,0,1,0,0,0,0,0,1,1,0,2,1,0,0,0,0,1,0,1,0,0,0,0,0,0,0,0,0,0,0
27,0,1,1,1,1,0,0,0,1,1,0,0,0,0,1,1,0,0,0,0,1,0,0,1,1,0,0,3,0,1,1,0,0,0,0,1,0,0,0,1
28,0,0,0,0,0,0,0,0,0,0,0,0,1,0,0,1,0,0,0,0,0,0,0,0,0,0,0,0,0,1,1,1,1,0,0,0,0,0,0,1
29,2,0,0,0,0,0,1,1,1,0,0,3,1,5,0,0,0,0,1,1,0,0,0,0,0,0,1,0,1,0,0,0,0,5,1,0,0,0,0,0
30,0,1,0,1,0,1,0,0,1,0,0,0,1,1,1,0,0,0,0,1,0,0,1,0,0,1,0,0,0,1,0,1,0,1,0,0,0,1,0,1
31,0,0,0,0,0,0,0,0,0,0,0,0,0,0,0,0,1,0,0,0,0,1,2,1,0,0,0,0,1,0,1,0,0,0,1,0,0,0,0,0
32,1,1,1,0,0,0,0,0,0,0,1,0,2,0,0,0,0,0,2,0,0,4,0,0,0,0,0,0,0,0,0,0,0,0,1,0,0,1,0,1
33,0,0,1,0,0,0,0,0,0,0,0,0,0,0,1,0,0,1,0,0,0,0,0,0,0,0,2,0,0,0,0,0,1,0,0,0,0,0,0,1
34,2,1,0,0,0,0,0,1,3,1,1,0,1,1,0,0,1,0,1,2,0,0,0,9,1,0,0,0,0,0,2,1,0,0,1,0,0,0,0,1
35,0,0,0,1,1,0,0,0,1,0,0,0,0,1,0,1,0,0,0,0,0,0,0,0,0,0,1,0,0,0,0,1,0,0,1,1,0,0,1,0
36,1,0,0,1,0,1,0,0,1,0,0,0,0,1,0,1,0,1,0,0,1,0,0,0,0,1,1,0,0,0,1,1,2,0,1,7,1,0,0,0
37,0,0,1,1,1,0,0,1,1,0,0,1,1,0,0,0,1,0,0,0,0,1,0,0,0,0,0,0,0,0,0,1,0,0,1,0,0,0,0,4
38,1,0,5,0,1,0,0,0,0,1,0,1,1,0,1,5,0,0,1,0,0,0,1,0,4,1,1,0,0,0,1,1,0,1,0,0,0,0,0,1
39,0,0,1,0,1,3,0,0,0,1,0,0,0,0,2,0,1,0,0,1,0,0,0,0,0,0,0,0,1,1,1,0,0,1,1,0,0,0,0,1
40,0,0,1,1,0,0,0,0,1,1,0,0,0,0,0,0,1,0,0,0,0,0,0,1,0,1,0,0,0,2,0,1,0,1,0,1,0,1,0,0
41,0,0,0,0,0,0,0,0,0,0,0,1,1,0,1,0,0,0,0,0,1,0,0,0,1,0,0,0,0,1,1,1,0,1,1,0,0,1,0,1
42,0,0,0,0,1,0,2,0,1,0,1,1,0,0,0,0,0,0,0,0,0,1,0,0,0,0,0,0,1,1,0,0,1,0,0,0,0,1,0,1
43,1,1,1,0,0,1,1,0,0,0,0,0,0,1,0,0,1,4,1,0,1,1,0,0,0,1,0,0,0,2,0,1,0,1,0,0,0,1,0,0
44,1,1,0,0,0,0,0,2,0,1,4,0,1,0,0,1,1,0,0,0,0,0,1,0,1,1,0,0,0,1,1,0,0,0,0,1,0,0,0,0
45,0,0,0,1,1,1,0,0,4,0,0,1,1,0,0,3,1,1,0,0,0,0,0,0,0,1,0,0,0,1,0,1,0,0,0,0,1,0,1,0
46,0,0,2,1,1,0,0,0,0,0,0,1,0,0,1,1,0,0,0,0,0,0,0,0,1,0,1,0,0,1,0,0,1,0,0,0,0,1,0,0
47,2,1,0,0,0,0,0,0,0,1,0,0,0,0,1,0,0,0,0,1,0,0,0,0,0,0,0,1,0,0,0,0,0,0,1,1,2,0,0,0
48,0,0,1,0,1,0,0,0,0,1,0,0,0,0,0,1,0,0,0,2,1,0,1,0,0,0,0,4,0,1,1,0,0,1,0,0,0,0,1,0
49,1,0,0,0,1,1,2,0,1,0,0,0,1,0,0,13,0,0,0,1,3,2,0,0,0,0,1,0,0,0,0,0,4,1,1,0,0,0,0,0
50,0,0,1,0,1,0,0,1,0,0,0,0,0,1,0,1,0,0,1,0,1,0,1,0,1,0,0,0,0,0,0,0,0,0,0,0,0,0,0,2
51,0,0,0,0,1,0,3,0,0,1,0,0,1,0,0,0,0,1,0,0,0,1,0,0,0,1,0,0,0,0,1,0,1,0,0,0,0,0,0,0
52,0,1,0,0,1,1,1,1,0,0,0,0,0,0,1,0,0,0,0,0,1,0,0,1,0,0,0,1,0,1,1,0,0,0,0,0,0,0,1,1
53,0,0,1,0,0,0,0,0,0,0,1,0,2,1,1,0,0,1,0,0,0,0,0,1,2,1,0,0,1,0,0,0,0,0,0,1,0,0,0,1
54,0,1,1,0,0,0,1,0,0,0,0,0,1,1,0,0,1,0,1,0,1,2,0,1,0,0,0,0,0,0,0,0,3,2,0,0,1,0,0,0
55,0,0,1,0,1,0,0,0,1,0,0,0,0,1,0,1,0,0,0,0,0,0,0,0,0,0,0,0,0,0,0,0,0,0,1,1,0,0,0,0
56,0,1,0,0,3,4,0,0,0,0,0,0,0,2,0,0,0,1,0,1,0,0,0,0,1,0,0,1,0,0,0,0,1,0,0,4,0,0,1,0
57,0,0,1,1,3,0,1,0,0,0,0,1,1,0,0,1,0,0,1,0,0,0,0,0,0,0,0,1,0,0,0,0,0,1,0,0,0,1,0,0
58,0,1,0,0,0,0,0,0,0,0,0,0,0,0,1,0,0,0,0,0,1,1,0,1,1,4,1,0,0,2,0,0,0,0,1,1,0,0,0,1
59,0,2,1,1,0,0,0,0,1,1,0,0,0,0,1,0,0,0,1,0,0,0,0,0,1,0,0,0,0,0,0,0,0,1,1,0,0,0,0,1
60,1,0,1,1,0,0,1,0,1,0,0,2,0,0,0,0,0,0,0,0,0,0,0,0,1,0,1,1,0,0,1,1,0,0,0,0,0,0,0,3
61,0,0,1,0,1,2,0,0,1,2,0,0,1,0,0,0,0,1,0,0,0,0,0,0,1,0,0,1,0,0,1,0,0,0,0,0,0,0,0,1
62,0,1,0,1,0,0,0,0,0,1,0,0,0,0,0,0,2,1,1,0,0,0,2,0,0,1,0,0,0,0,1,0,0,1,1,1,0,0,0,0
63,1,0,0,0,0,0,0,0,0,0,0,1,1,0,1,0,1,0,1,1,0,0,0,0,0,0,1,1,0,1,0,2,1,1,1,1,0,1,1,0
64,0,0,0,0,1,1,1,1,0,1,2,0,3,4,1,0,0,0,0,0,0,1,0,0,0,0,0,0,0,0,0,0,0,0,1,1,2,0,1,0
65,1,0,1,3,0,1,0,0,0,1,0,0,0,0,0,0,5,0,0,0,0,1,1,0,1,0,1,0,0,0,0,1,0,2,0,0,0,0,0,0
66,1,0,1,0,0,0,0,0,1,1,0,0,0,3,0,0,1,0,0,1,0,0,0,1,1,1,0,0,0,0,2,1,0,6,1,0,0,0,0,0
67,1,1,0,0,0,0,1,1,1,0,0,0,0,0,0,0,0,0,0,0,1,3,1,2,0,0,0,0,0,0,0,0,0,0,0,0,0,0,0,0
68,0,0,0,1,0,0,0,0,1,0,0,0,0,0,0,0,1,0,0,4,0,1,1,0,0,0,1,0,0,0,0,0,0,0,0,1,1,0,0,0
69,0,0,0,0,0,4,0,0,0,0,0,0,0,0,0,0,0,0,0,0,0,2,1,0,0,0,0,0,0,0,0,0,1,1,0,0,0,0,0,1
70,0,0,0,1,0,1,2,0,0,0,0,0,0,0,0,0,0,0,0,0,0,1,0,1,1,0,1,0,0,1,1,0,0,2,0,1,0,0,1,0
71,0,0,0,0,0,0,0,0,1,1,0,0,0,0,0,0,1,0,1,0,0,2,0,1,0,0,0,0,0,0,0,0,0,1,0,0,0,0,0,1
72,0,0,0,1,0,0,1,0,0,0,0,0,1,1,0,1,1,0,0,0,0,0,0,0,0,0,1,0,0,0,0,0,1,1,4,0,0,0,0,0
73,0,1,0,0,1,1,2,0,0,0,0,0,0,1,0,1,0,0,1,1,0,1,0,0,1,0,0,0,3,0,0,0,0,1,0,0,0,0,0,1
74,0,0,1,0,1,0,0,1,0,1,0,1,0,1,0,0,0,0,0,0,0,1,1,0,0,0,0,1,0,1,1,1,0,0,0,1,0,0,0,0
75,1,0,0,1,1,1,1,0,0,1,1,0,1,0,0,0,0,1,1,0,1,1,0,0,0,0,1,0,0,0,0,1,3,1,0,1,0,1,0,1
76,0,0,0,0,1,0,0,0,0,1,0,0,1,1,1,0,1,1,0,0,5,0,1,0,0,1,0,0,0,0,2,0,1,1,0,0,1,0,0,0
77,1,0,0,0,0,0,0,0,0,1,0,0,1,0,1,0,0,0,0,0,0,0,0,0,0,1,0,0,1,0,1,1,3,0,1,0,0,1,1,0
78,1,0,1,0,0,1,0,0,0,0,0,0,0,0,1,1,1,3,0,5,1,1,0,1,0,1,0,0,0,0,0,0,0,1,1,0,0,0,0,0
79,0,0,0,0,0,0,0,0,1,0,0,0,0,0,0,0,0,0,0,1,1,1,0,0,0,1,1,0,0,0,1,0,1,0,1,0,0,0,0,0
80,0,3,1,0,0,3,0,0,0,1,1,0,0,0,0,5,0,1,0,0,0,0,0,0,0,0,1,0,0,0,0,0,0,2,0,1,0,1,0,0
81,1,1,0,1,2,1,0,0,0,0,0,0,0,0,0,0,0,1,0,0,0,0,0,1,0,0,0,0,0,0,0,0,1,1,4,0,1,0,1,1
82,0,0,0,1,1,0,1,0,1,0,0,0,0,0,0,0,0,1,1,0,1,2,0,0,0,0,0,0,0,0,0,0,0,0,1,0,0,0,0,0
83,1,0,2,1,1,0,0,0,0,0,0,0,0,0,0,1,0,1,0,0,1,1,1,0,0,0,1,0,0,0,0,1,0,0,1,0,0,0,1,1
84,0,0,0,3,0,0,0,1,0,0,2,1,0,0,0,3,0,0,0,0,0,0,0,0,0,0,0,0,0,1,0,0,0,1,1,0,0,1,0,1
85,0,0,1,0,1,2,0,1,0,1,0,9,0,0,0,1,1,0,0,0,0,1,0,0,1,1,1,0,0,0,0,0,0,1,0,0,0,0,2,1
86,0,0,1,1,1,0,0,0,0,0,0,0,1,0,0,0,0,0,0,0,1,0,0,0,0,1,0,0,1,1,0,0,0,1,0,0,0,0,0,1
87,1,1,0,1,0,1,0,0,0,0,0,0,1,0,0,0,2,0,1,0,0,0,0,1,0,1,0,0,0,0,1,1,0,1,1,0,1,1,0,0
88,0,1,0,1,1,1,0,1,0,0,0,0,1,1,1,0,1,0,0,0,0,0,0,0,1,1,0,0,0,1,0,0,0,0,0,0,0,0,0,0
89,0,7,0,1,1,0,0,1,1,0,0,0,0,0,0,0,0,0,0,0,0,0,0,3,1,0,0,1,0,0,0,1,1,0,0,0,0,0,0,1
90,1,1,0,0,0,0,0,0,1,0,0,0,0,1,1,0,1,0,1,0,1,0,1,0,1,0,1,1,0,0,0,0,0,0,0,1,0,0,0,0
91,0,0,1,0,0,0,1,0,0,0,0,0,2,2,0,1,0,0,2,0,0,0,1,0,1,0,0,0,0,0,0,1,0,1,1,0,0,0,0,1
92,1,0,1,0,0,0,0,1,0,0,0,0,0,0,0,0,0,1,0,0,0,0,0,1,0,0,0,0,0,0,0,0,0,0,0,0,1,0,0,0
93,1,1,0,0,0,0,0,0,0,0,0,0,0,0,0,1,1,0,0,1,0,0,1,1,0,1,0,0,0,0,0,0,0,0,0,1,0,0,1,0
94,0,0,1,1,6,2,1,0,0,1,0,2,0,0,0,0,0,0,0,0,0,0,0,1,0,1,1,0,0,1,1,1,0,0,0,1,0,0,0,0
95,0,1,1,0,0,0,1,0,0,1,1,0,0,0,1,0,0,0,0,0,0,0,1,0,0,0,2,0,0,1,0,0,0,0,0,1,0,2,0,1
96,0,0,0,0,1,0,1,0,0,0,0,1,1,0,2,0,1,1,0,1,1,0,1,0,1,0,0,0,0,1,1,1,0,0,0,0,0,0,1,0
97,1,0,1,0,0,2,1,0,1,0,0,0,0,1,0,0,0,1,0,1,0,0,1,0,0,1,1,0,1,1,0,0,0,1,3,0,0,0,0,0
98,0,2,0,0,5,1,0,0,0,0,0,0,0,0,0,1,1,1,0,0,0,0,0,1,0,0,0,1,0,2,1,0,0,1,0,0,0,0,0,0
99,0,0,0,0,3,0,0,0,2,1,0,1,0,0,1,1,1,0,1,1,0,1,0,0,0,0,1,0,1,1,0,0,1,1,0,1,0,0,0,0
100,0,1,0,1,1,0,0,0,1,0,0,0,0,0,1,0,0,1,0,0,0,0,1,0,0,0,0,1,0,0,1,1,2,0,1,0,0,0,1,0
101,0,0,0,0,1,0,0,0,0,0,0,3,0,0,1,0,0,1,1,1,1,0,0,0,0,0,1,0,0,0,1,0,0,1,1,0,0,0,0,0
102,1,1,1,0,1,1,0,0,0,0,0,0,0,1,1,3,0,0,0,4,0,0,0,1,0,0,0,1,0,0,0,0,1,4,0,0,0,1,0,0
103,0,0,1,0,0,1,0,0,0,1,0,0,2,0,0,0,0,0,0,0,0,0,0,1,0,0,0,0,0,0,0,0,0,1,0,1,0,0,0,1
104,1,0,0,1,0,1,0,0,0,0,0,0,2,0,1,1,1,0,1,1,1,1,0,0,0,0,1,0,0,0,0,1,1,1,2,1,0,0,0,1
105,0,3,1,0,0,0,1,0,1,0,0,1,0,0,0,0,0,1,0,0,0,1,1,1,1,0,1,0,0,0,0,1,1,1,0,0,1,0,0,1
106,0,1,1,0,0,1,0,0,0,0,0,0,0,0,0,1,0,3,1,1,0,0,1,0,0,0,0,2,0,0,1,1,0,0,0,0,0,0,0,1
107,0,0,1,0,0,0,0,0,0,1,0,0,1,0,0,1,3,1,1,0,0,3,0,1,0,0,1,0,0,0,0,0,0,1,0,0,0,0,0,0
108,1,1,1,1,0,1,1,0,1,0,0,0,1,0,0,1,0,0,0,0,0,0,2,0,0,0,0,1,0,1,1,2,1,0,0,0,0,0,1,7
109,0,0,0,0,0,1,1,0,0,0,0,0,0,0,0,0,1,0,0,0,1,1,0,1,0,1,0,0,0,0,0,11,0,0,0,0,0,0,1,0
110,0,0,0,0,0,0,0,1,1,0,0,0,0,0,0,1,0,0,0,1,0,0,0,0,0,1,0,0,0,0,0,0,1,0,0,3,0,0,0,0
111,1,0,0,0,2,0,0,0,1,1,0,1,1,0,1,0,0,0,0,0,0,0,0,0,1,1,1,0,0,1,3,0,0,1,0,0,0,0,0,1
112,0,1,1,1,0,1,1,0,1,0,0,0,0,0,0,1,1,0,0,0,0,0,1,0,0,0,0,0,0,1,1,0,1,0,1,1,0,1,0,0
113,0,0,0,0,5,0,0,0,0,0,0,0,0,0,0,1,0,0,0,0,1,1,0,0,1,1,0,0,0,0,0,1,0,0,0,0,0,1,0,0
114,0,1,0,1,0,0,0,1,0,1,0,0,0,0,0,0,0,0,1,1,0,0,0,0,0,0,0,0,7,9,1,0,0,0,0,0,1,1,0,1
115,0,0,0,0,0,0,0,0,2,0,0,0,0,1,0,0,2,0,0,0,0,0,0,0,1,0,0,0,1,1,0,1,0,0,0,0,1,0,0,0
116,1,0,0,0,1,0,0,1,1,0,0,0,0,0,0,0,0,0,0,0,0,0,0,0,0,1,0,1,0,0,0,0,0,7,1,1,0,0,0,0
117,0,0,0,1,0,1,1,0,0,0,0,0,0,0,0,0,0,0,0,1,1,0,0,0,1,0,0,1,1,0,1,0,0,1,0,1,0,0,0,0
118,0,1,0,0,0,0,1,1,0,1,1,0,1,0,0,0,1,1,0,0,1,0,0,0,0,0,2,0,1,0,0,1,0,1,1,0,0,0,1,0
119,0,0,0,0,0,0,0,0,0,0,2,0,0,0,1,0,0,0,0,0,0,0,0,0,0,0,0,0,0,0,0,1,1,0,0,1,0,1,1,0
120,3,2,0,0,0,0,2,0,0,1,0,1,0,0,1,0,1,0,0,1,1,0,1,1,0,0,0,0,0,1,2,1,1,0,1,1,4,0,0,0
121,0,0,2,0,1,0,1,0,1,1,0,0,0,0,0,0,0,0,0,0,0,0,0,3,0,0,1,0,0,0,0,1,0,0,0,0,0,1,1,0
122,0,0,0,0,1,2,0,0,0,2,0,1,1,1,0,0,1,0,1,1,0,1,8,8,0,1,1,0,1,0,1,0,0,0,0,1,0,6,0,0
123,1,1,0,0,0,0,1,1,0,0,1,0,0,1,0,0,2,0,0,0,0,0,0,1,1,2,1,0,0,0,0,0,0,1,0,0,1,0,1,0
124,1,0,0,0,0,0,1,0,1,0,1,0,0,0,1,0,0,0,0,0,0,0,0,0,0,0,0,0,0,1,0,0,0,0,0,1,0,0,0,1
125,0,0,0,0,0,0,0,0,0,0,0,0,3,0,0,0,0,0,0,0,0,0,0,1,0,0,0,0,0,0,1,0,1,0,1,0,1,2,0,0
126,0,1,4,0,1,1,3,0,0,2,0,1,0,0,0,0,1,0,0,0,0,0,0,0,1,0,0,0,0,0,0,0,0,0,0,0,4,0,0,1
127,0,0,0,0,0,0,1,1,1,0,0,1,0,1,0,0,0,1,1,0,0,0,0,0,1,0,0,0,0,0,0,0,0,0,0,0,0,0,0,0
128,1,0,1,1,0,0,0,1,1,1,0,0,0,0,1,0,1,0,0,2,1,2,0,1,0,0,1,0,2,1,1,6,1,0,0,0,0,0,0,0
129,1,1,0,0,1,0,0,4,0,0,0,0,0,0,0,1,1,0,0,0,0,0,1,0,0,0,0,0,0,0,0,1,0,0,1,1,1,0,0,0
130,0,0,1,1,1,0,2,0,0,1,0,0,1,0,1,0,0,0,0,0,0,0,0,0,0,0,0,1,0,5,0,0,0,0,0,0,1,0,0,1
131,0,2,1,1,3,0,1,0,1,2,0,1,3,0,0,0,0,1,2,1,0,0,1,0,0,0,1,0,0,0,0,0,0,0,0,0,1,0,0,0
132,1,0,0,0,0,0,0,0,0,0,0,1,0,0,3,1,0,0,0,0,0,0,0,0,1,0,1,0,0,0,2,0,0,1,0,0,1,0,0,0
133,7,1,0,1,0,0,0,0,0,1,0,0,0,0,1,1,0,0,0,0,0,2,1,0,0,1,0,1,0,0,1,0,1,0,0,0,0,0,2,1
134,0,0,2,0,0,1,0,1,0,0,0,0,0,0,0,1,0,11,0,0,1,0,0,0,1,0,0,1,0,2,1,0,0,0,1,3,0,1,0,0
135,0,1,0,0,0,0,0,0,1,0,0,0,0,0,1,0,3,0,0,0,0,0,1,0,1,0,1,0,0,4,0,0,1,0,1,0,0,1,0,1
136,1,0,0,0,0,0,0,0,0,1,0,0,0,0,2,0,1,0,1,1,0,1,0,2,0,1,0,0,0,0,0,1,2,0,0,0,1,0,1,0
137,0,0,0,0,0,1,0,1,0,0,0,0,0,1,2,1,0,2,0,0,1,0,0,0,0,1,0,0,0,0,0,1,5,0,1,0,0,0,1,1
138,0,0,1,0,0,1,0,0,0,0,0,0,0,0,0,1,0,0,0,1,0,0,1,0,0,0,2,0,0,0,0,1,0,1,0,0,0,1,1,0
139,1,1,0,0,0,0,0,0,1,0,0,1,0,1,1,1,0,0,2,1,0,0,0,0,0,1,0,0,7,0,0,0,4,0,0,0,4,0,0,2
140,0,0,0,1,1,0,0,0,0,0,0,0,0,0,0,0,3,0,0,1,0,1,0,1,0,0,2,0,1,0,0,0,1,0,2,0,0,1,0,0
141,0,0,1,0,0,0,1,0,2,1,0,0,1,0,1,0,0,0,0,0,0,0,0,0,4,1,1,0,0,0,0,0,0,1,0,0,3,1,0,1
142,0,0,0,0,1,1,0,1,0,1,0,0,0,2,0,0,0,0,1,10,0,1,0,1,0,0,0,0,0,1,0,0,0,0,0,0,0,0,0,1
143,0,0,0,1,0,2,0,0,0,0,0,0,0,0,0,0,1,0,0,0,0,0,2,1,0,1,0,0,0,0,0,1,0,1,0,0,0,0,0,0
144,0,1,0,0,0,0,0,1,1,1,0,1,0,0,0,0,0,0,0,0,1,1,0,1,0,0,1,0,0,0,2,0,0,1,1,0,0,1,2,0
145,1,0,0,1,0,1,1,0,0,1,0,0,1,1,0,0,0,0,1,0,0,0,1,0,1,0,0,0,0,2,0,0,1,0,1,0,0,0,1,0
146,0,0,0,0,0,0,1,0,1,0,0,0,1,0,4,0,0,0,0,0,0,1,1,0,1,0,0,0,0,0,0,0,0,0,1,1,0,1,0,0
147,0,0,1,0,0,1,0,0,1,0,0,0,1,0,0,0,1,1,0,0,0,0,0,0,0,1,0,1,0,0,0,1,1,1,1,7,1,0,0,0
148,0,1,0,0,0,0,0,0,0,0,0,0,0,1,0,0,1,1,0,2,0,1,0,1,1,0,0,0,1,0,0,0,0,1,1,0,1,0,0,0
149,0,1,1,0,1,0,1,1,2,0,0,0,1,3,0,0,0,0,0,1,0,1,0,2,0,0,0,0,0,0,9,1,0,1,0,0,0,0,1,1
150,3,1,0,0,1,0,1,0,1,0,2,1,4,0,0,0,0,0,0,1,0,0,1,0,0,0,0,0,0,0,0,0,0,1,1,1,0,0,1,0
151,1,0,0,0,0,0,0,1,0,1,0,0,0,0,1,0,1,0,0,1,0,1,1,0,1,0,0,0,1,0,0,0,0,4,1,0,0,1,1,0
152,1,0,1,0,0,0,0,1,0,2,0,0,0,0,0,1,0,1,2,1,0,2,1,5,1,1,0,1,0,1,3,0,0,0,1,0,1,0,1,1
153,0,0,0,2,0,1,0,0,1,0,0,0,0,0,0,0,0,0,1,1,0,0,1,0,1,1,0,0,0,1,0,0,0,1,1,0,1,0,0,1
154,0,0,1,0,0,1,1,0,0,0,0,0,1,0,1,0,0,0,0,0,0,0,0,1,1,0,1,0,0,0,0,0,0,0,0,1,0,1,1,0
155,0,1,1,0,0,1,0,1,0,0,0,0,4,1,1,0,0,1,0,1,1,0,0,0,1,3,0,0,0,1,1,1,1,1,1,0,0,0,0,1
156,0,0,0,0,0,0,0,0,0,0,0,0,0,0,0,0,0,1,0,0,1,1,2,0,1,2,0,0,0,1,0,1,2,0,0,0,0,0,1,0
157,1,0,0,0,0,0,0,1,0,2,0,0,1,0,0,1,0,1,0,3,0,0,0,0,0,0,0,0,1,0,1,1,0,0,6,4,0,0,0,0
158,0,0,1,1,0,0,0,0,0,0,0,0,1,0,0,0,0,1,0,0,0,1,1,0,0,1,0,0,1,0,0,0,0,0,1,0,0,0,0,1
159,0,0,0,0,0,0,1,1,0,1,0,0,0,0,0,0,0,0,0,0,0,0,0,1,0,0,0,0,1,0,0,0,1,0,0,0,0,0,1,0
160,0,0,0,0,0,0,1,0,1,2,0,0,1,0,0,0,0,0,0,1,0,1,0,0,0,1,0,0,0,0,0,3,0,1,1,0,0,0,0,0
161,0,0,1,1,0,0,0,1,0,0,0,0,1,0,0,0,0,0,0,0,0,0,0,0,0,2,0,0,0,0,0,3,2,0,0,1,0,0,1,3
162,1,0,1,0,0,1,0,0,0,0,0,0,0,3,0,6,0,0,2,1,0,0,0,1,0,0,0,0,1,0,1,0,1,0,0,0,0,2,1,0
163,0,0,0,0,0,0,0,0,0,1,0,0,1,0,0,1,0,0,1,1,0,0,0,0,1,0,1,0,0,1,0,0,0,0,1,1,0,0,0,0
164,0,0,0,0,1,1,0,0,1,0,0,0,1,0,0,0,0,0,1,1,0,1,0,1,1,1,0,0,0,1,2,0,1,0,0,1,0,0,0,0
165,0,0,1,1,1,0,0,1,0,0,0,0,0,1,0,0,0,0,0,0,0,1,1,1,1,0,1,0,0,0,0,0,1,0,0,0,0,0,0,0
166,0,0,1,0,0,0,0,0,0,0,0,0,1,0,3,1,0,5,0,0,0,0,3,0,0,1,1,1,0,0,0,0,1,1,1,0,1,0,2,0
167,0,0,0,0,0,1,0,1,1,1,0,0,0,0,0,0,0,0,1,1,1,0,3,0,0,0,2,0,1,1,1,0,0,0,0,0,1,0,0,0
168,1,0,1,0,0,1,1,0,0,1,0,0,0,1,0,0,0,0,1,0,0,0,0,1,0,0,0,0,1,0,0,1,1,0,0,1,0,1,0,0
169,1,0,1,0,0,0,0,1,0,1,0,0,2,0,0,0,7,0,0,0,0,1,0,0,0,0,1,0,0,0,0,3,0,0,2,0,0,0,0,1
170,0,0,0,1,0,0,0,0,1,0,1,0,0,0,0,0,0,0,0,0,0,0,0,0,0,0,0,0,1,0,1,0,0,0,1,0,0,0,0,1
171,0,1,1,1,1,0,0,0,0,0,0,0,0,0,1,1,0,0,0,0,0,0,0,0,0,1,0,0,0,0,0,1,1,1,0,1,0,0,0,0
172,0,0,0,0,0,1,1,1,2,0,0,0,0,1,0,0,0,0,0,0,1,1,0,1,1,0,1,0,0,0,1,0,0,0,0,0,0,0,0,0
173,1,0,1,1,1,1,0,1,1,0,0,0,2,0,0,0,1,0,0,0,0,0,0,0,0,1,0,0,0,0,0,0,0,0,0,0,0,1,1,0
174,0,0,0,0,1,0,0,0,1,1,0,0,0,0,0,0,0,0,0,0,0,0,1,0,1,0,1,1,0,1,1,0,2,0,0,2,1,0,0,1
175,1,1,0,0,1,0,0,2,0,1,5,7,1,0,0,0,1,1,0,0,0,0,0,0,1,0,0,1,0,0,0,0,0,0,0,0,0,0,0,0
176,0,0,1,0,1,3,0,0,0,0,0,1,1,0,1,0,0,0,0,0,0,0,1,0,0,0,1,0,0,1,0,1,0,1,0,1,1,0,0,0
177,1,0,0,0,0,1,0,0,1,0,0,0,1,0,0,0,0,0,0,0,1,0,0,1,0,0,0,0,0,1,0,0,0,1,0,0,0,0,0,1
178,0,1,1,0,0,0,0,0,1,0,0,6,0,1,0,0,1,0,0,0,0,0,0,1,0,1,0,1,0,1,0,0,0,1,0,1,1,0,1,1
179,0,0,4,0,0,0,0,0,1,0,1,0,1,0,0,0,1,0,0,0,0,2,0,1,0,0,1,0,1,0,0,1,0,1,1,0,0,0,1,1
180,1,0,0,1,1,0,0,0,1,1,0,1,1,0,0,0,0,1,1,0,0,0,1,1,0,1,0,0,1,0,0,1,1,0,0,0,0,0,0,0
181,0,0,0,0,1,0,0,1,1,0,1,0,0,0,1,0,0,3,0,0,0,0,0,0,1,0,0,0,0,1,1,0,1,0,2,1,0,0,0,0
182,1,1,0,0,1,0,1,1,1,1,0,1,0,1,0,1,0,0,0,1,0,1,1,0,1,0,0,0,0,0,1,1,0,0,1,0,0,0,0,0
183,0,0,0,1,1,0,1,2,0,0,0,0,1,0,0,0,0,2,1,0,0,1,1,1,0,0,0,0,0,0,1,2,0,1,1,1,0,0,0,0
184,0,0,1,0,0,0,1,0,1,0,0,0,1,0,0,0,1,0,1,1,2,1,0,0,0,0,0,1,0,0,0,1,0,0,0,0,0,2,0,0
185,4,1,0,0,0,0,0,0,0,0,0,0,0,0,0,1,0,0,0,1,0,0,0,1,1,1,0,0,0,0,1,0,0,1,0,2,0,1,0,0
186,2,0,1,0,3,0,1,0,1,0,0,0,0,0,0,7,1,0,1,0,0,1,0,0,3,0,1,0,0,0,0,0,0,0,1,0,1,0,0,0
187,0,0,5,1,0,1,0,0,1,0,0,0,0,0,0,0,0,2,5,0,0,0,0,0,2,1,0,0,0,0,0,1,0,1,1,0,0,0,0,1
188,0,0,5,1,1,0,1,1,1,0,0,0,1,1,1,0,2,0,0,1,1,0,0,0,0,0,0,0,4,0,1,0,2,0,0,1,2,0,0,0
189,0,0,1,0,0,1,1,0,0,1,0,0,0,0,0,1,0,0,0,0,0,0,0,0,0,0,0,2,0,0,1,0,0,1,0,0,0,1,0,1
190,0,1,1,0,0,0,0,1,1,1,0,0,2,0,1,0,1,0,0,1,0,0,0,0,0,0,0,1,0,0,1,0,0,0,0,0,0,0,0,0
191,0,0,0,0,1,1,0,1,0,0,0,1,0,0,0,0,1,0,0,4,0,0,0,0,0,1,0,0,1,0,1,0,0,0,1,1,0,1,0,0
192,0,1,0,1,1,1,0,0,0,1,0,2,1,1,0,0,0,0,1,0,1,1,0,1,1,0,0,0,0,0,0,0,0,0,0,0,0,6,0,0
193,1,1,1,0,0,0,0,0,1,0,1,0,1,1,0,0,0,0,0,0,0,0,0,1,2,0,1,0,0,1,0,0,1,1,0,1,0,1,0,0
194,0,0,0,0,0,0,0,1,1,0,0,0,0,0,0,0,0,0,1,0,0,1,0,0,1,0,0,1,0,0,3,0,0,0,0,0,0,0,0,0
195,1,0,0,0,1,0,1,1,0,1,0,0,2,0,0,1,0,0,0,0,0,0,0,1,0,0,0,0,2,2,0,0,0,1,1,1,0,0,0,0
196,0,0,0,0,1,0,0,0,1,0,1,0,0,1,0,0,0,0,0,0,0,0,0,1,0,0,0,0,0,0,0,0,0,0,0,0,0,1,0,0
197,0,0,0,0,0,0,0,0,1,0,0,0,1,0,1,0,0,3,0,0,0,1,0,1,0,0,0,0,0,0,1,0,0,1,0,0,0,0,0,0
198,2,0,1,0,0,0,0,0,0,1,0,0,0,0,1,0,1,0,0,0,0,1,1,1,1,1,0,0,0,0,1,1,0,1,0,0,0,2,1,0
199,1,1,0,1,0,1,1,0,1,0,0,0,0,0,0,0,0,0,0,1,0,0,1,0,0,0,1,0,0,0,0,0,1,0,0,0,0,0,0,4
200,0,0,1,2,1,0,0,1,0,0,1,0,0,0,0,0,0,0,1,0,0,0,0,0,0,2,0,1,1,0,1,0,0,0,0,0,0,0,0,0
201,0,2,1,0,1,0,1,2,0,0,0,0,1,1,0,1,1,3,0,1,1,6,0,1,0,0,2,0,0,0,1,0,1,0,0,0,0,0,0,0
202,0,1,1,1,0,1,1,1,1,0,2,0,0,0,0,1,1,1,0,0,2,0,1,0,0,0,0,0,0,0,0,1,0,0,1,0,0,0,0,1
203,1,1,1,1,1,0,0,0,0,1,0,0,1,0,1,3,0,0,1,1,0,0,1,0,0,0,0,0,0,0,1,0,0,1,0,0,1,1,1,0
204,0,1,0,0,0,1,0,1,1,1,0,0,0,1,1,1,2,0,0,0,0,0,0,0,1,4,0,0,0,1,0,2,0,0,0,0,0,0,0,0
205,1,0,1,0,0,0,0,1,0,0,0,0,1,0,1,0,0,0,0,0,3,0,1,0,1,0,0,1,0,0,1,1,0,0,1,0,0,1,0,0
206,0,0,0,0,0,0,0,0,1,0,0,0,0,0,0,0,0,0,1,0,0,0,0,5,1,0,1,0,1,0,0,0,0,1,1,0,0,0,0,1
207,0,4,0,1,0,1,0,0,0,0,0,0,1,1,1,1,0,7,0,0,0,0,0,4,0,0,0,0,0,8,0,0,0,1,0,1,0,1,0,1
208,5,1,1,2,1,1,0,0,0,5,0,0,0,0,0,0,0,0,1,3,1,0,0,0,1,0,0,0,0,0,1,0,1,1,1,1,1,1,1,1
209,0,1,1,0,1,0,0,1,1,0,0,0,0,0,2,1,0,0,0,0,0,0,0,1,0,0,0,0,0,0,0,0,1,0,0,0,1,0,0,0
210,0,0,0,1,1,1,0,0,0,0,0,0,1,0,0,0,0,1,0,1,0,0,0,0,0,0,0,0,0,0,0,0,1,1,0,0,0,0,1,0
211,1,2,1,0,0,1,1,1,0,0,0,1,1,3,2,0,0,0,1,0,0,0,0,0,0,3,0,0,0,0,0,0,0,1,0,1,3,1,1,1
212,0,0,1,0,0,0,0,1,2,0,0,0,0,1,3,0,2,0,0,0,0,0,1,1,0,0,2,0,0,0,1,0,1,0,1,0,0,0,4,1
213,0,1,2,1,0,0,0,0,1,0,1,1,0,0,1,0,0,0,0,0,0,1,0,0,1,1,0,0,0,1,0,0,0,0,0,1,0,0,0,0
214,0,0,1,0,1,0,0,0,2,1,0,0,1,1,4,0,0,0,0,0,0,1,1,0,0,1,0,0,1,1,0,0,0,2,0,0,1,2,0,1
215,0,3,0,0,1,0,0,0,0,0,0,0,0,0,0,0,0,0,0,0,0,0,0,2,0,0,1,0,0,0,1,0,0,0,0,1,0,0,0,3
216,1,0,0,0,0,0,0,0,0,0,0,0,0,0,1,0,3,0,0,1,1,0,0,1,1,0,0,0,0,0,0,0,0,1,0,0,0,1,0,0
217,0,1,0,0,0,1,0,0,0,0,0,6,1,0,0,0,1,0,0,0,1,1,0,1,0,0,0,0,0,1,1,0,1,0,0,0,1,0,1,0
218,1,0,0,0,1,0,0,0,1,0,1,0,0,2,0,0,0,0,0,0,1,0,1,1,0,0,1,0,0,0,0,0,0,0,0,1,0,0,1,0
219,1,0,2,0,0,0,1,1,1,0,0,1,1,1,1,0,0,0,0,0,0,1,0,1,1,0,0,0,0,0,1,1,1,0,0,0,0,0,0,0
220,0,0,0,0,0,4,0,0,0,0,0,0,7,0,0,1,0,0,0,0,0,0,0,1,0,1,0,0,0,0,1,1,1,0,0,1,0,0,1,0
221,0,1,0,1,0,1,0,0,0,1,3,0,0,0,1,0,0,1,1,0,0,0,0,1,0,1,0,0,0,0,0,6,0,1,0,0,0,1,1,0
222,0,1,1,0,5,1,1,0,0,1,0,0,0,4,1,0,1,1,1,0,0,0,1,0,0,0,0,0,0,1,0,0,0,0,0,1,1,0,0,0
223,3,1,0,0,0,1,0,0,1,1,0,0,1,1,1,0,1,0,1,0,0,0,1,0,0,0,0,0,0,0,1,0,1,1,0,0,0,1,0,0
224,0,0,0,0,0,0,0,0,0,1,0,0,0,0,0,2,1,3,0,0,0,0,0,0,0,1,0,0,0,0,1,0,0,2,1,0,0,0,0,0
225,0,0,0,0,0,0,0,0,1,0,0,0,0,0,0,0,0,0,0,0,0,0,0,1,0,0,1,0,0,0,0,0,0,0,0,1,1,1,0,1
226,1,0,1,0,0,0,1,1,0,1,0,3,0,0,0,0,0,0,0,0,0,1,1,0,1,0,0,0,0,0,1,0,0,0,0,0,0,3,0,0
227,1,0,0,0,0,0,0,0,0,1,0,0,0,0,0,0,1,0,3,0,0,1,1,0,0,0,1,0,1,1,1,1,0,0,0,0,1,0,0,1
228,0,0,1,3,3,1,0,0,1,0,0,1,0,0,0,0,0,0,0,0,0,0,0,0,0,1,0,0,0,0,0,1,0,2,0,0,0,0,0,1
229,2,0,1,0,0,0,1,0,0,1,1,0,4,1,0,1,0,0,0,0,0,0,0,1,0,0,1,1,0,1,0,0,0,0,1,0,0,0,1,0
230,0,1,1,0,0,1,0,0,0,1,0,0,0,1,0,1,0,0,0,0,0,0,0,1,1,0,0,0,0,0,0,1,0,0,1,1,1,0,0,2
231,0,0,0,1,1,1,0,0,0,0,0,2,1,0,0,0,0,0,1,0,0,0,1,1,1,0,0,1,1,0,0,0,1,2,0,0,1,0,0,1
232,1,1,0,0,0,0,1,1,1,2,1,0,0,0,0,0,0,0,0,1,0,0,0,0,1,0,0,1,0,1,0,1,1,0,0,0,0,0,0,0
233,1,0,1,1,1,1,0,0,1,1,0,0,1,0,1,0,3,1,1,1,0,1,0,0,0,0,0,0,0,0,0,0,0,0,1,0,0,0,0,0
234,0,0,0,0,0,0,0,0,1,0,0,1,1,0,1,0,0,0,0,1,0,1,1,1,0,1,0,0,2,1,0,1,0,1,0,0,4,0,2,2
235,0,0,1,0,0,0,0,1,0,0,0,0,0,0,0,1,1,0,0,0,0,3,0,0,0,0,0,0,0,1,0,0,1,1,1,0,0,0,0,0
236,1,0,0,0,0,0,0,0,0,0,2,1,0,0,1,0,1,0,0,0,1,1,0,1,0,0,1,0,0,3,0,0,0,1,0,0,0,0,1,0
237,1,0,0,0,0,0,1,0,1,0,0,0,0,0,0,0,0,0,0,0,0,0,0,0,1,0,0,0,0,1,0,0,0,0,0,0,0,0,0,1
238,0,0,0,0,0,0,0,0,1,0,0,1,0,0,0,1,0,3,1,1,0,0,0,0,0,0,0,0,0,1,0,0,1,0,0,0,0,0,0,0
239,0,0,1,1,0,1,1,0,2,0,1,0,0,2,3,0,1,0,1,0,1,0,1,1,1,0,0,0,0,1,0,0,0,1,0,1,1,0,1,0
240,2,0,1,1,0,0,0,0,0,0,0,0,3,0,1,1,0,1,0,0,1,0,0,0,0,1,0,0,0,3,0,0,0,1,0,1,1,1,0,1
241,0,0,1,0,1,0,0,0,0,2,0,0,0,1,1,0,1,0,0,1,1,0,0,0,0,1,0,0,1,0,0,0,0,0,0,0,4,0,0,3
242,0,0,0,0,0,0,1,1,1,0,0,0,0,0,1,0,1,1,3,0,0,0,0,0,0,0,1,0,0,0,0,0,1,2,0,0,0,1,0,0
243,0,0,0,1,1,1,1,1,0,1,0,1,0,0,0,1,0,1,0,0,1,1,0,1,0,4,4,0,0,1,0,0,0,0,0,1,0,0,0,1
244,0,0,0,1,1,1,1,0,0,0,1,1,0,0,0,0,0,1,1,0,1,0,0,0,0,2,0,0,0,0,5,0,1,1,0,0,0,2,0,0
245,9,1,1,0,0,0,2,0,0,0,1,0,1,0,0,0,0,1,1,0,0,0,0,0,1,0,1,0,0,1,0,0,0,0,1,0,0,0,0,1
246,0,0,1,0,0,1,1,0,1,0,0,1,1,0,0,0,0,0,0,0,0,0,0,1,0,0,0,0,0,1,1,0,0,2,0,0,1,1,0,1
247,0,0,1,9,1,1,0,0,0,0,0,0,1,0,1,0,0,0,0,0,0,1,0,2,0,1,0,1,1,0,0,1,0,0,0,0,0,0,1,1
248,0,0,1,0,0,1,1,0,0,0,0,0,0,0,1,1,0,0,1,0,6,0,0,1,0,0,1,0,0,0,0,0,0,0,0,0,0,1,1,0
249,0,3,0,0,0,0,0,0,0,1,0,0,1,0,1,5,1,0,1,0,0,1,0,0,0,0,0,0,0,0,0,0,1,1,1,1,1,0,0,1
250,0,0,0,0,1,1,0,0,0,0,0,0,1,1,0,0,0,0,0,0,0,2,1,1,1,0,0,0,0,1,0,0,0,0,0,0,0,0,1,0
251,0,0,0,1,0,1,0,0,0,0,0,0,1,0,0,0,0,2,0,1,0,0,0,1,1,0,0,0,0,0,0,0,0,1,0,1,0,0,0,1
252,0,0,1,0,0,0,0,0,0,0,0,0,1,0,0,1,1,1,0,0,0,0,0,1,0,1,6,0,0,0,0,0,0,0,1,0,0,0,0,0
253,0,0,0,0,0,0,0,0,0,1,0,0,0,1,0,0,1,1,0,0,0,1,0,0,0,0,0,0,0,1,0,0,0,0,1,0,0,0,0,0
254,0,0,0,0,0,0,0,0,0,0,0,1,1,0,0,0,0,0,0,0,1,1,0,1,0,0,3,0,0,0,0,0,0,0,1,0,1,0,0,0
255,0,0,0,0,0,0,0,0,0,0,0,0,0,0,0,0,0,0,1,0,0,2,1,0,1,1,0,1,1,0,1,0,0,0,0,0,3,0,0,0
256,0,0,0,0,0,0,0,0,0,0,0,0,0,0,1,0,0,0,0,0,0,0,0,0,1,0,2,0,0,1,0,0,0,0,0,0,0,0,0,0
257,0,0,0,0,0,0,0,0,0,0,1,0,1,0,0,0,0,0,0,0,1,1,1,0,2,0,1,0,0,1,0,0,0,0,0,0,0,0,0,0
258,0,0,0,0,0,0,0,0,0,0,0,1,0,1,0,0,0,0,0,0,0,0,1,0,1,0,1,0,0,0,0,0,0,0,0,0,0,0,0,0
259,0,0,0,0,0,0,0,0,0,0,0,0,0,1,0,1,3,0,1,0,1,0,0,0,1,0,0,1,0,1,0,0,0,0,0,0,0,0,0,0
260,0,0,0,0,0,0,0,0,0,0,0,0,2,1,1,0,1,0,1,1,0,0,0,0,0,0,0,0,0,1,0,0,0,0,0,0,0,0,0,0
261,0,0,0,0,0,0,0,0,0,0,2,0,0,0,1,0,1,0,2,3,0,1,1,0,0,0,0,0,0,0,0,0,0,0,0,0,0,0,0,0
262,0,0,0,0,0,0,0,0,0,0,0,0,0,0,0,0,0,0,0,0,1,1,0,0,0,0,0,0,0,1,0,0,0,0,0,0,0,0,0,0
263,0,0,0,0,0,0,0,0,0,0,1,0,0,0,0,1,0,0,0,0,0,1,0,0,0,0,0,0,0,1,0,0,0,0,0,0,0,0,0,0
264,0,0,0,0,0,0,0,0,0,0,0,0,0,0,0,0,0,0,0,0,0,0,0,0,0,0,0,0,0,0,0,0,0,0,0,0,0,0,0,0
265,0,0,0,0,0,0,0,0,0,0,0,0,0,0,0,0,0,0,0,0,0,0,0,0,1,0,0,1,0,0,0,0,0,0,0,0,0,0,0,0
266,0,0,0,0,0,0,0,0,0,0,0,0,0,0,0,0,0,0,0,0,0,0,0,0,0,0,0,0,0,0,0,0,0,0,0,0,0,0,0,0
267,0,0,0,0,0,0,0,0,0,0,0,0,0,0,0,0,0,0,0,0,0,0,0,0,0,0,0,0,0,0,0,0,0,0,0,0,0,0,0,0
268,0,0,0,0,0,0,0,0,0,0,0,0,0,0,0,0,0,0,0,0,0,0,0,0,0,0,0,0,0,0,0,0,0,0,0,0,0,0,0,0
269,0,0,0,0,0,0,0,0,0,0,0,0,0,0,0,0,0,0,0,0,0,0,0,0,0,0,0,0,0,0,0,0,0,0,0,0,0,0,0,0
270,0,0,0,0,0,0,0,0,0,0,0,0,0,0,0,0,0,0,0,0,0,0,0,0,0,0,0,0,0,0,0,0,0,0,0,0,0,0,0,0
271,0,0,0,0,0,0,0,0,0,0,0,0,0,0,0,0,0,0,0,0,0,0,0,0,0,0,0,0,0,0,0,0,0,0,0,0,0,0,0,0
272,0,0,0,0,0,0,0,0,0,0,0,0,0,0,0,0,0,0,0,0,0,0,0,0,0,0,0,0,0,0,0,0,0,0,0,0,0,0,0,0
273,0,0,0,0,0,0,0,0,0,0,0,0,0,0,0,0,0,0,0,0,0,0,0,0,0,0,0,0,0,0,0,0,0,0,0,0,0,0,0,0
274,0,0,0,0,0,0,0,0,0,0,0,0,0,0,0,0,0,0,0,0,0,0,0,0,0,0,0,0,0,0,0,0,0,0,0,0,0,0,0,0
275,0,0,0,0,0,0,0,0,0,0,0,0,0,0,0,0,0,0,0,0,0,0,0,0,0,0,0,0,0,0,0,0,0,0,0,0,0,0,0,0
276,0,0,0,0,0,0,0,0,0,0,0,0,0,0,0,0,0,0,0,0,0,0,0,0,0,0,0,0,0,0,0,0,0,0,0,0,0,0,0,0
277,0,0,0,0,0,0,0,0,0,0,0,0,0,0,0,0,0,0,0,0,0,0,0,0,0,0,0,0,0,0,0,0,0,0,0,0,0,0,0,0
278,0,0,0,0,0,0,0,0,0,0,0,0,0,0,0,0,0,0,0,0,0,0,0,0,0,0,0,0,0,0,0,0,0,0,0,0,0,0,0,0
279,0,0,0,0,0,0,0,0,0,0,0,0,0,0,0,0,0,0,0,0,0,0,0,0,0,0,0,0,0,0,0,0,0,0,0,0,0,0,0,0
280,0,0,0,0,0,0,0,0,0,0,0,0,0,0,0,0,0,0,0,0,0,0,0,0,0,0,0,0,0,0,0,0,0,0,0,0,0,0,0,0
281,0,0,0,0,0,0,0,0,0,0,0,0,0,0,0,0,0,0,0,0,0,0,0,0,0,0,0,0,0,0,0,0,0,0,0,0,0,0,0,0
282,0,0,0,0,0,0,0,0,0,0,0,0,0,0,0,0,0,0,0,0,0,0,0,0,0,0,0,0,0,0,0,0,0,0,0,0,0,0,0,0
283,0,0,0,0,0,0,0,0,0,0,0,0,0,0,0,0,0,0,0,0,0,0,0,0,0,0,0,0,0,0,0,0,0,0,0,0,0,0,0,0
284,0,0,0,0,0,0,0,0,0,0,0,0,0,0,0,0,0,0,0,0,0,0,0,0,0,0,0,0,0,0,0,0,0,0,0,0,0,0,0,0
285,0,0,0,0,0,0,0,0,0,0,0,0,0,0,0,0,0,0,0,0,0,0,0,0,0,0,0,0,0,0,0,0,0,0,0,0,0,0,0,0
286,0,0,0,0,0,0,0,0,0,0,0,0,0,0,0,0,0,0,0,0,0,0,0,0,0,0,0,0,0,0,0,0,0,0,0,0,0,0,0,0
287,0,0,0,0,0,0,0,0,0,0,0,0,0,0,0,0,0,0,0,0,0,0,0,0,0,0,0,0,0,0,0,0,0,0,0,0,0,0,0,0
288,0,0,0,0,0,0,0,0,0,0,0,0,0,0,0,0,0,0,0,0,0,0,0,0,0,0,0,0,0,0,0,0,0,0,0,0,0,0,0,0
289,0,0,0,0,0,0,0,0,0,0,0,0,0,0,0,0,0,0,0,0,0,0,0,0,0,0,0,0,0,0,0,0,0,0,0,0,0,0,0,0
290,0,0,0,0,0,0,0,0,0,0,0,0,0,0,0,0,0,0,0,0,0,0,0,0,0,0,0,0,0,0,0,0,0,0,0,0,0,0,0,0
291,0,0,0,0,0,0,0,0,0,0,0,0,0,0,0,0,0,0,0,0,0,0,0,0,0,0,0,0,0,0,0,0,0,0,0,0,0,0,0,0
292,0,0,0,0,0,0,0,0,0,0,0,0,0,0,0,0,0,0,0,0,0,0,0,0,0,0,0,0,0,0,0,0,0,0,0,0,0,0,0,0
293,0,0,0,0,0,0,0,0,0,0,0,0,0,0,0,0,0,0,0,0,0,0,0,0,0,0,0,0,0,0,0,0,0,0,0,0,0,0,0,0
294,0,0,0,0,0,0,0,0,0,0,0,0,0,0,0,0,0,0,0,0,0,0,0,0,0,0,0,0,0,0,0,0,0,0,0,0,0,0,0,0
295,0,0,0,0,0,0,0,0,0,0,0,0,0,0,0,0,0,0,0,0,0,0,0,0,0,0,0,0,0,0,0,0,0,0,0,0,0,0,0,0
296,0,0,0,0,0,0,0,0,0,0,0,0,0,0,0,0,0,0,0,0,0,0,0,0,0,0,0,0,0,0,0,0,0,0,0,0,0,0,0,0
297,0,0,0,0,0,0,0,0,0,0,0,0,0,0,0,0,0,0,0,0,0,0,0,0,0,0,0,0,0,0,0,0,0,0,0,0,0,0,0,0
298,0,0,0,0,0,0,0,0,0,0,0,0,0,0,0,0,0,0,0,0,0,0,0,0,0,0,0,0,0,0,0,0,0,0,0,0,0,0,0,0
299,0,0,0,0,0,0,0,0,0,0,0,0,0,0,0,0,0,0,0,0,0,0,0,0,0,0,0,0,0,0,0,0,0,0,0,0,0,0,0,0
300,0,0,0,0,0,0,0,0,0,0,0,0,0,0,0,0,0,0,0,0,0,0,0,0,0,0,0,0,0,0,0,0,0,0,0,0,0,0,0,0
301,0,0,0,0,0,0,0,0,0,0,0,0,0,0,0,0,0,0,0,0,0,0,0,0,0,0,0,0,0,0,0,0,0,0,0,0,0,0,0,0
302,0,0,0,0,0,0,0,0,0,0,0,0,0,0,0,0,0,0,0,0,0,0,0,0,0,0,0,0,0,0,0,0,0,0,0,0,0,0,0,0
303,0,0,0,0,0,0,0,0,0,0,0,0,0,0,0,0,0,0,0,0,0,0,0,0,0,0,0,0,0,0,0,0,0,0,0,0,0,0,0,0
304,0,0,0,0,0,0,0,0,0,0,0,0,0,0,0,0,0,0,0,0,0,0,0,0,0,0,0,0,0,0,0,0,0,0,0,0,0,0,0,0
305,0,0,0,0,0,0,0,0,0,0,0,0,0,0,0,0,0,0,0,0,0,0,0,0,0,0,0,0,0,0,0,0,0,0,0,0,0,0,0,0
306,0,0,0,0,0,0,0,0,0,0,0,0,0,0,0,0,0,0,0,0,0,0,0,0,0,0,0,0,0,0,0,0,0,0,0,0,0,0,0,0
307,0,0,0,0,0,0,0,0,0,0,0,0,0,0,0,0,0,0,0,0,0,0,0,0,0,0,0,0,0,0,0,0,0,0,0,0,0,0,0,0
308,0,0,0,0,0,0,0,0,0,0,0,0,0,0,0,0,0,0,0,0,0,0,0,0,0,0,0,0,0,0,0,0,0,0,0,0,0,0,0,0
309,0,0,0,0,0,0,0,0,0,0,0,0,0,0,0,0,0,0,0,0,0,0,0,0,0,0,0,0,0,0,0,0,0,0,0,0,0,0,0,0
310,0,0,0,0,0,0,0,0,0,0,0,0,0,0,0,0,0,0,0,0,0,0,0,0,0,0,0,0,0,0,0,0,0,0,0,0,0,0,0,0
311,0,0,0,0,0,0,0,0,0,0,0,0,0,0,0,0,0,0,0,0,0,0,0,0,0,0,0,0,0,0,0,0,0,0,0,0,0,0,0,0
312,0,0,0,0,0,0,0,0,0,0,0,0,0,0,0,0,0,0,0,0,0,0,0,0,0,0,0,0,0,0,0,0,0,0,0,0,0,0,0,0
313,0,0,0,0,0,0,0,0,0,0,0,0,0,0,0,0,0,0,0,0,0,0,0,0,0,0,0,0,0,0,0,0,0,0,0,0,0,0,0,0
314,0,0,0,0,0,0,0,0,0,0,0,0,0,0,0,0,0,0,0,0,0,0,0,0,0,0,0,0,0,0,0,0,0,0,0,0,0,0,0,0
315,0,0,0,0,0,0,0,0,0,0,0,0,0,0,0,0,0,0,0,0,0,0,0,0,0,0,0,0,0,0,0,0,0,0,0,0,0,0,0,0
316,0,0,0,0,0,0,0,0,0,0,0,0,0,0,0,0,0,0,0,0,0,0,0,0,0,0,0,0,0,0,0,0,0,0,0,0,0,0,0,0
317,0,0,0,0,0,0,0,0,0,0,0,0,0,0,0,0,0,0,0,0,0,0,0,0,0,0,0,0,0,0,0,0,0,0,0,0,0,0,0,0
318,0,0,0,0,0,0,0,0,0,0,0,0,0,0,0,0,0,0,0,0,0,0,0,0,0,0,0,0,0,0,0,0,0,0,0,0,0,0,0,0
319,0,0,0,0,0,0,0,0,0,0,0,0,0,0,0,0,0,0,0,0,0,0,0,0,0,0,0,0,0,0,0,0,0,0,0,0,0,0,0,0
320,0,0,0,0,0,0,0,0,0,0,0,0,0,0,0,0,0,0,0,0,0,0,0,0,0,0,0,0,0,0,0,0,0,0,0,0,0,0,0,0
321,0,0,0,0,0,0,0,0,0,0,0,0,0,0,0,0,0,0,0,0,0,0,0,0,0,0,0,0,0,0,0,0,0,0,0,0,0,0,0,0
322,0,0,0,0,0,0,0,0,0,0,0,0,0,0,0,0,0,0,0,0,0,0,0,0,0,0,0,0,0,0,0,0,0,0,0,0,0,0,0,0
323,0,0,0,0,0,0,0,0,0,0,0,0,0,0,0,0,0,0,0,0,0,0,0,0,0,0,0,0,0,0,0,0,0,0,0,0,0,0,0,0
324,0,0,0,0,0,0,0,0,0,0,0,0,0,0,0,0,0,0,0,0,0,0,0,0,0,0,0,0,0,0,0,0,0,0,0,0,0,0,0,0
325,0,0,0,0,0,0,0,0,0,0,0,0,0,0,0,0,0,0,0,0,0,0,0,0,0,0,0,0,0,0,0,0,0,0,0,0,0,0,0,0
326,0,0,0,0,0,0,0,0,0,0,0,0,0,0,0,0,0,0,0,0,0,0,0,0,0,0,0,0,0,0,0,0,0,0,0,0,0,0,0,0
327,0,0,0,0,0,0,0,0,0,0,0,0,0,0,0,0,0,0,0,0,0,0,0,0,0,0,0,0,0,0,0,0,0,0,0,0,0,0,0,0
328,0,0,0,0,0,0,0,0,0,0,0,0,0,0,0,0,0,0,0,0,0,0,0,0,0,0,0,0,0,0,0,0,0,0,0,0,0,0,0,0
329,0,0,0,0,0,0,0,0,0,0,0,0,0,0,0,0,0,0,0,0,0,0,0,0,0,0,0,0,0,0,0,0,0,0,0,0,0,0,0,0
330,0,0,0,0,0,0,0,0,0,0,0,0,0,0,0,0,0,0,0,0,0,0,0,0,0,0,0,0,0,0,0,0,0,0,0,0,0,0,0,0
331,0,0,0,0,0,0,0,0,0,0,0,0,0,0,0,0,0,0,0,0,0,0,0,0,0,0,0,0,0,0,0,0,0,0,0,0,0,0,0,0
332,0,0,0,0,0,0,0,0,0,0,0,0,0,0,0,0,0,0,0,0,0,0,0,0,0,0,0,0,0,0,0,0,0,0,0,0,0,0,0,0
333,0,0,0,0,0,0,0,0,0,0,0,0,0,0,0,0,0,0,0,0,0,0,0,0,0,0,0,0,0,0,0,0,0,0,0,0,0,0,0,0
334,0,0,0,0,0,0,0,0,0,0,0,0,0,0,0,0,0,0,0,0,0,0,0,0,0,0,0,0,0,0,0,0,0,0,0,0,0,0,0,0
335,0,0,0,0,0,0,0,0,0,0,0,0,0,0,0,0,0,0,0,0,0,0,0,0,0,0,0,0,0,0,0,0,0,0,0,0,0,0,0,0
336,0,0,0,0,0,0,0,0,0,0,0,0,0,0,0,0,0,0,0,0,0,0,0,0,0,0,0,0,0,0,0,0,0,0,0,0,0,0,0,0
337,0,0,0,0,0,0,0,0,0,0,0,0,0,0,0,0,0,0,0,0,0,0,0,0,0,0,0,0,0,0,0,0,0,0,0,0,0,0,0,0
338,0,0,0,0,0,0,0,0,0,0,0,0,0,0,0,0,0,0,0,0,0,0,0,0,0,0,0,0,0,0,0,0,0,0,0,0,0,0,0,0
339,0,0,0,0,0,0,0,0,0,0,0,0,0,0,0,0,0,0,0,0,0,0,0,0,0,0,0,0,0,0,0,0,0,0,0,0,0,0,0,0
340,0,0,0,0,0,0,0,0,0,0,0,0,0,0,0,0,0,0,0,0,0,0,0,0,0,0,0,0,0,0,0,0,0,0,0,0,0,0,0,0
341,0,0,0,0,0,0,0,0,0,0,0,0,0,0,0,0,0,0,0,0,0,0,0,0,0,0,0,0,0,0,0,0,0,0,0,0,0,0,0,0
342,0,0,0,0,0,0,0,0,0,0,0,0,0,0,0,0,0,0,0,0,0,0,0,0,0,0,0,0,0,0,0,0,0,0,0,0,0,0,0,0
343,0,0,0,0,0,0,0,0,0,0,0,0,0,0,0,0,0,0,0,0,0,0,0,0,0,0,0,0,0,0,0,0,0,0,0,0,0,0,0,0
344,0,0,0,0,0,0,0,0,0,0,0,0,0,0,0,0,0,0,0,0,0,0,0,0,0,0,0,0,0,0,0,0,0,0,0,0,0,0,0,0
345,0,0,0,0,0,0,0,0,0,0,0,0,0,0,0,0,0,0,0,0,0,0,0,0,0,0,0,0,0,0,0,0,0,0,0,0,0,0,0,0
346,0,0,0,0,0,0,0,0,0,0,0,0,0,0,0,0,0,0,0,0,0,0,0,0,0,0,0,0,0,0,0,0,0,0,0,0,0,0,0,0
347,0,0,0,0,0,0,0,0,0,0,0,0,0,0,0,0,0,0,0,0,0,0,0,0,0,0,0,0,0,0,0,0,0,0,0,0,0,0,0,0
348,0,0,0,0,0,0,0,0,0,0,0,0,0,0,0,0,0,0,0,0,0,0,0,0,0,0,0,0,0,0,0,0,0,0,0,0,0,0,0,0
349,0,0,0,0,0,0,0,0,0,0,0,0,0,0,0,0,0,0,0,0,0,0,0,0,0,0,0,0,0,0,0,0,0,0,0,0,0,0,0,0
350,0,0,0,0,0,0,0,0,0,0,0,0,0,0,0,0,0,0,0,0,0,0,0,0,0,0,0,0,0,0,0,0,0,0,0,0,0,0,0,0
351,0,0,0,0,0,0,0,0,0,0,0,0,0,0,0,0,0,0,0,0,0,0,0,0,0,0,0,0,0,0,0,0,0,0,0,0,0,0,0,0
352,0,0,0,0,0,0,0,0,0,0,0,0,0,0,0,0,0,0,0,0,0,0,0,0,0,0,0,0,0,0,0,0,0,0,0,0,0,0,0,0
353,0,0,0,0,0,0,0,0,0,0,0,0,0,0,0,0,0,0,0,0,0,0,0,0,0,0,0,0,0,0,0,0,0,0,0,0,0,0,0,0
354,0,0,0,0,0,0,0,0,0,0,0,0,0,0,0,0,0,0,0,0,0,0,0,0,0,0,0,0,0,0,0,0,0,0,0,0,0,0,0,0
355,0,0,0,0,0,0,0,0,0,0,0,0,0,0,0,0,0,0,0,0,0,0,0,0,0,0,0,0,0,0,0,0,0,0,0,0,0,0,0,0
356,0,0,0,0,0,0,0,0,0,0,0,0,0,0,0,0,0,0,0,0,0,0,0,0,0,0,0,0,0,0,0,0,0,0,0,0,0,0,0,0
357,0,0,0,0,0,0,0,0,0,0,0,0,0,0,0,0,0,0,0,0,0,0,0,0,0,0,0,0,0,0,0,0,0,0,0,0,0,0,0,0
358,0,0,0,0,0,0,0,0,0,0,0,0,0,0,0,0,0,0,0,0,0,0,0,0,0,0,0,0,0,0,0,0,0,0,0,0,0,0,0,0
359,0,0,0,0,0,0,0,0,0,0,0,0,0,0,0,0,0,0,0,0,0,0,0,0,0,0,0,0,0,0,0,0,0,0,0,0,0,0,0,0
360,0,0,0,0,0,0,0,0,0,0,0,0,0,0,0,0,0,0,0,0,0,0,0,0,0,0,0,0,0,0,0,0,0,0,0,0,0,0,0,0
361,0,0,0,0,0,0,0,0,0,0,0,0,0,0,0,0,0,0,0,0,0,0,0,0,0,0,0,0,0,0,0,0,0,0,0,0,0,0,0,0
362,0,0,0,0,0,0,0,0,0,0,0,0,0,0,0,0,0,0,0,0,0,0,0,0,0,0,0,0,0,0,0,Null,0,0,0,0,0,0,0,0
363,0,0,0,0,0,0,0,0,0,0,0,0,0,0,0,0,0,0,0,0,0,0,0,0,0,0,0,0,0,0,0,Null,0,0,0,0,0,0,0,0
364,0,0,0,0,0,0,0,0,0,0,0,0,0,0,0,0,0,0,0,0,0,0,0,0,0,0,0,0,0,0,0,Null,0,0,0,0,0,0,0,0
365,0,0,0,0,0,0,0,0,0,0,0,0,0,0,0,0,0,0,0,0,0,0,0,0,0,0,0,0,0,0,0,Null,0,0,0,0,0,0,0,0
366,0,0,0,0,0,0,0,0,0,0,0,0,0,0,0,0,0,0,0,0,0,0,0,0,0,0,0,0,0,0,0,Null,0,0,0,Null,0,0,0,Null
367,0,0,0,0,0,0,0,0,0,0,0,0,0,0,0,0,0,0,0,0,0,0,0,0,0,0,0,0,0,0,0,Null,0,0,0,Null,0,0,0,Null
368,0,0,0,0,0,0,0,0,0,0,0,0,0,0,0,0,0,0,0,0,0,0,0,0,0,0,0,0,0,0,Null,Null,0,Null,0,Null,Null,Null,Null,Null
369,0,0,0,0,0,0,0,0,0,0,0,0,0,0,0,0,0,0,0,0,0,0,0,0,0,0,0,0,0,0,Null,Null,Null,Null,Null,Null,Null,Null,Null,Null
370,0,0,0,0,0,0,0,0,0,0,0,0,0,0,0,0,0,0,0,0,0,0,0,0,0,0,0,0,0,0,Null,Null,Null,Null,Null,Null,Null,Null,Null,Null
371,0,0,0,0,0,0,0,0,0,0,0,0,0,0,0,0,0,0,0,0,0,0,0,0,0,0,0,0,0,0,Null,Null,Null,Null,Null,Null,Null,Null,Null,Null
372,0,0,0,0,0,0,0,0,0,0,0,0,0,0,0,0,0,0,0,0,0,0,0,0,0,0,0,0,0,0,Null,Null,Null,Null,Null,Null,Null,Null,Null,Null
373,0,0,0,0,0,0,0,0,0,0,0,0,0,0,0,0,0,0,0,0,0,0,0,0,0,0,0,0,0,0,Null,Null,Null,Null,Null,Null,Null,Null,Null,Null
374,0,0,0,0,0,0,0,0,0,0,0,0,0,0,0,0,0,0,0,0,0,0,0,0,0,0,0,0,0,0,Null,Null,Null,Null,Null,Null,Null,Null,Null,Null
375,0,0,0,0,0,0,0,0,0,0,0,0,0,0,0,0,0,0,0,0,0,0,0,0,0,0,0,0,0,0,Null,Null,Null,Null,Null,Null,Null,Null,Null,Null
376,0,0,0,0,0,0,0,0,0,0,0,0,0,0,0,0,0,0,0,0,0,0,0,0,0,0,0,0,0,0,Null,Null,Null,Null,Null,Null,Null,Null,Null,Null
377,0,0,0,0,0,0,0,0,0,0,0,0,0,0,0,0,0,0,0,0,0,0,0,0,0,0,0,0,0,0,Null,Null,Null,Null,Null,Null,Null,Null,Null,Null
378,0,0,0,0,0,0,0,0,0,0,0,0,0,0,0,0,0,0,0,0,0,0,0,0,0,0,0,0,0,0,Null,Null,Null,Null,Null,Null,Null,Null,Null,Null
379,0,0,0,0,0,0,0,0,0,0,0,0,0,0,0,0,0,0,0,0,0,0,0,0,0,0,0,0,0,0,Null,Null,Null,Null,Null,Null,Null,Null,Null,Null
380,0,0,0,0,0,0,0,Null,0,0,0,0,0,0,0,0,0,0,0,0,0,0,0,0,0,0,0,0,0,0,Null,Null,Null,Null,Null,Null,Null,Null,Null,Null
381,0,0,0,0,0,0,0,Null,0,0,0,0,0,0,0,0,0,0,0,0,0,0,0,0,0,0,0,0,0,0,Null,Null,Null,Null,Null,Null,Null,Null,Null,Null